name,well,plate,date,pt_fluor,concentration,fold_dilution,replicate,blanked_pt_fluor,expected_blanked_pt_fluor,estimated_true_pt_fluor,F0_F_ratio,F_F0_ratio,u_blanked_pt_fluor,u_expected_blanked_pt_fluor,u_estimated_true_pt_fluor,u_F0_F_ratio,u_F_F0_ratio
AQDS,A7,1,9/29/22,6532.0,450.4504505,1.0,1.0,6467.715277777777,7159.43455955956,6401.905718218218,1.108048964203475,0.9024871935319696,24.842486501689713,267.3581822939861,23.603102220689703,0.041957256072687105,0.03417347744064867
AQDS,A8,1,9/29/22,6845.666666666667,450.4504505,1.0,2.0,6781.381944444444,7158.83395895896,6716.172985485485,1.0562004604899602,0.9467899678211753,23.504945626824252,267.35666443369433,24.162374418351764,0.039984898547061366,0.03584291261447055
AQDS,A9,1,9/29/22,6796.333333333333,450.4504505,1.0,3.0,6732.04861111111,7162.137262262262,6663.536348848848,1.0645436039717036,0.9393696944578898,59.669778522464576,267.35666443369433,59.87163878102393,0.04124281257709533,0.036393293900397
AQDS,B7,1,9/29/22,6646.333333333333,225.22522519999998,2.0,1.0,6582.04861111111,7121.296421421422,6554.37718968969,1.082272929174502,0.9239813479976302,44.79377712272049,267.3561584783488,43.952748389785775,0.04142717969412997,0.035368103835618024
AQDS,B8,1,9/29/22,6793.666666666667,225.22522519999998,2.0,2.0,6729.381944444444,7125.500625625625,6697.506318818819,1.0591442041746428,0.9441584970757291,45.41456230021357,267.35666443369433,45.14381997213766,0.04054828281619572,0.03614616934298806
AQDS,B9,1,9/29/22,7253.666666666667,225.22522519999998,2.0,3.0,7189.381944444444,7127.302427427428,7155.704517017017,0.9913244717037456,1.0087514517636633,56.155876530599926,267.3794314333279,52.373090609369896,0.038057061001682914,0.03872608477961464
AQDS,C7,1,9/29/22,6414.0,112.61261259999999,4.0,1.0,6349.715277777777,7106.281406406407,6337.0588713713705,1.1193875808928544,0.8933456267241884,73.85898141449444,267.36121798871795,75.50651749227623,0.044243447805676975,0.035309209502642
AQDS,C8,1,9/29/22,7398.666666666667,112.61261259999999,4.0,2.0,7334.381944444444,7110.18531031031,7317.821634134133,0.9693629272011273,1.0316053687831164,76.74947862311501,267.35514656478523,76.1300432803904,0.03789778165303163,0.040331184452369724
AQDS,C9,1,9/29/22,6752.0,112.61261259999999,4.0,3.0,6687.715277777777,7111.987112112111,6669.353165665666,1.0636151398487215,0.9401897007053045,77.07885011847696,267.3642536489821,79.22844007656654,0.04202766214179669,0.037150632413957156
AQDS,D7,1,9/29/22,6479.666666666667,56.30630631,8.0,1.0,6415.381944444444,7097.872997997998,6411.133946446446,1.1064540312610134,0.9037881120649098,104.07921247261622,267.36526552807754,105.8241459292315,0.04552208432483929,0.03718393849793894
AQDS,D8,1,9/29/22,7767.333333333333,56.30630631,8.0,2.0,7703.04861111111,7103.879004004004,7692.7946071071065,0.9221128812468807,1.0844659263926564,122.98570026194078,267.35514656478523,123.39967660642725,0.03776774499113703,0.04441737382975483
AQDS,D9,1,9/29/22,6537.333333333333,56.30630631,8.0,3.0,6473.04861111111,7097.272397397398,6469.401213713713,1.0964886495156723,0.9120021447022804,112.011081902283,267.36121798871795,110.87726871792009,0.04539473602765519,0.037756976904140475
AQDS,E7,1,9/29/22,6721.0,28.153153149999998,16.0,1.0,6656.715277777777,7093.969094094094,6656.371183683684,1.0656895182450352,0.9383596093229744,71.19795738352776,267.35514656478523,71.54854926052339,0.04176321074105008,0.03677329038534659
AQDS,E8,1,9/29/22,7489.666666666667,28.153153149999998,16.0,2.0,7425.381944444444,7097.872997997998,7421.133946446446,0.955868072344487,1.0461694756131663,94.8550603232109,267.3561584783488,94.01148550220452,0.03800356850797763,0.04159378735174605
AQDS,E9,1,9/29/22,6672.333333333333,28.153153149999998,16.0,3.0,6608.04861111111,7095.470595595595,6606.203015515515,1.0737824713136594,0.9312873200254476,66.54684416950184,267.35514656478523,65.90670223720869,0.0418604771234394,0.03630542739963101
AQDS,F7,1,9/29/22,6853.333333333333,14.07657658,32.0,1.0,6789.04861111111,7091.866991991992,6790.806619119118,1.0445924023264503,0.9573111940818859,45.5245260153245,267.35514656478523,45.07590868666121,0.039972449734753904,0.036632540597396304
AQDS,F8,1,9/29/22,7778.666666666667,14.07657658,32.0,2.0,7714.381944444444,7096.671796796797,7711.335147647646,0.9198958240278171,1.087079616930363,86.58800418603022,267.3581822939861,86.81497087008066,0.03618100070378888,0.04275661151826541
AQDS,F9,1,9/29/22,6744.0,14.07657658,32.0,3.0,6679.715277777777,7093.068193193193,6680.272084584584,1.0618766586422834,0.9417289586896099,39.86413344833468,267.3581822939861,39.561881533572134,0.04050895388851038,0.0359255047679539
AQDS,G7,1,9/29/22,6969.0,7.038288288,64.0,1.0,6904.715277777777,7092.7678928928935,6905.572384884884,1.0272320098369734,0.9734899131099943,96.00598489462328,267.36121798871795,95.1820916990569,0.04122021882268103,0.03906368459685668
AQDS,G8,1,9/29/22,7639.333333333333,7.038288288,64.0,2.0,7575.04861111111,7095.470595595595,7573.203015515515,0.9366743484186301,1.0676069027493722,80.9474055725071,267.36273582315846,81.37137740938044,0.03670615844832821,0.04183711040983169
AQDS,G9,1,9/29/22,7128.666666666667,7.038288288,64.0,3.0,7064.381944444444,7098.473598598598,7059.533345845845,1.0048291653972024,0.995194043362293,63.5647895372901,267.35514656478523,63.7550186949469,0.03894010724962513,0.038566717723999354
AQDS,H7,1,9/29/22,6945.333333333333,3.519144144,128.0,1.0,6881.04861111111,7093.368493493494,6881.305117617617,1.0308545949864654,0.9700689164732583,87.99137724186357,267.36830114238654,86.81301303746997,0.04096774970196255,0.038552033193636044
AQDS,H8,1,9/29/22,7594.333333333333,3.519144144,128.0,2.0,7530.04861111111,7096.371496496497,7527.302114614614,0.94238611550178,1.0611361771470318,95.11299842250766,267.35514656478523,94.58529528668173,0.03743690104962193,0.0421543244436229
AQDS,H9,1,9/29/22,6818.666666666667,3.519144144,128.0,3.0,6754.381944444444,7097.572697697698,6750.434246746747,1.0508398038864903,0.9516198342521274,88.70446701784519,267.36273582315846,88.1358706323957,0.04191125214429117,0.0379540046649752
DMSO,A7,2,9/29/22,7132.0,635135.1351,1.0,1.0,7067.715277777777,7086.761886886886,7074.57839089089,1.0026922606630007,0.9973149681426478,79.42385747108129,267.3809491643766,82.59262698449672,0.03955907128842249,0.0393469217521224
DMSO,A8,2,9/29/22,6954.333333333333,635135.1351,1.0,2.0,6890.04861111111,7089.164289289289,6894.509321821822,1.0288803261963773,0.9719303348882724,82.6830240673378,267.35666443369433,83.60827028503284,0.0407323735928942,0.038477778706577884
DMSO,A9,2,9/29/22,7301.333333333333,635135.1351,1.0,3.0,7237.04861111111,7090.966091091091,7239.70752002002,0.9798220412059387,1.0205934934564513,93.04021963065193,267.36273582315846,94.59769809526696,0.039082076738642696,0.04070832411682914
DMSO,B7,2,9/29/22,7158.666666666667,317567.5676,2.0,1.0,7094.381944444444,7086.161286286287,7101.845658158159,0.9988424617270139,1.0011588797206166,145.55577099146564,267.3561584783488,146.37095580622682,0.04290392236753722,0.043003420958732934
DMSO,B8,2,9/29/22,7179.333333333333,317567.5676,2.0,2.0,7115.04861111111,7088.563688688689,7120.109922422423,0.9962802649522282,1.0037336231366083,119.79349927654648,267.36121798871795,118.13435857659582,0.041023465527150665,0.04133036971194157
DMSO,B9,2,9/29/22,7197.333333333333,317567.5676,2.0,3.0,7133.04861111111,7090.365490490491,7136.30812062062,0.9940188792441171,1.0060171098162956,100.9281054460052,267.3642536489821,103.07269547169584,0.04011755511017239,0.04060179106006698
DMSO,C7,2,9/29/22,7135.333333333333,158783.7838,4.0,1.0,7071.04861111111,7087.062187187187,7077.611423923922,1.0022625678519095,0.9977425398049548,159.0361042937104,267.35919419605983,160.2745638095788,0.04406584326021119,0.04386711405108214
DMSO,C8,2,9/29/22,7533.0,158783.7838,4.0,2.0,7468.715277777777,7089.16428928929,7473.175988488489,0.9492115548900306,1.0535059279971084,118.08111252688397,267.3581822939861,117.13258885287742,0.0387424648510746,0.04299928311613875
DMSO,C9,2,9/29/22,7576.333333333333,158783.7838,4.0,3.0,7512.04861111111,7090.66579079079,7515.00782032032,0.94392782677073,1.05940303023071,62.677607396262,267.35919419605983,63.66840294903352,0.03646066881817922,0.04092107673354924
DMSO,D7,2,9/29/22,7242.333333333333,79391.89189,8.0,1.0,7178.04861111111,7086.761886886888,7184.911724224224,0.987294663076173,1.0128688398701966,116.13992624812515,267.3642536489821,114.16298769307011,0.04037903665876623,0.04142498642523831
DMSO,D8,2,9/29/22,7180.666666666667,79391.89189,8.0,2.0,7116.381944444444,7087.062187187187,7122.944757257257,0.9958837589990595,1.0041332544724675,93.54401353865458,267.36830114238654,91.9086608288179,0.03966974350252041,0.039998351501695145
DMSO,D9,2,9/29/22,7308.0,79391.89189,8.0,3.0,7243.715277777777,7090.06519019019,7247.275087587586,0.9787989160435289,1.0216603059208214,108.66070649313225,267.35666443369433,109.50908984167994,0.03974159650846385,0.041481872304007905
DMSO,E7,2,9/29/22,7177.0,39695.94595,16.0,1.0,7112.715277777777,7087.963088088088,7118.37718968969,0.996522776325264,1.0034893569493297,89.20285385337532,267.36526552807754,91.28705515147227,0.03966975233359843,0.03994707918907467
DMSO,E8,2,9/29/22,7240.0,39695.94595,16.0,2.0,7175.715277777777,7087.362487487488,7181.97779029029,0.9876979861439089,1.0124552383711134,108.75269714166464,267.3581822939861,109.3613241837952,0.040145998340490895,0.04115228226611556
DMSO,E9,2,9/29/22,7477.666666666667,39695.94595,16.0,3.0,7413.381944444444,7090.06519019019,7416.941754254254,0.9564083465980026,1.0455784953749676,131.38676671917912,267.36121798871795,132.77080641716498,0.03990273450071785,0.04362304161084839
DMSO,F7,2,9/29/22,7242.0,19847.97297,32.0,1.0,7177.715277777777,7086.761886886886,7184.57839089089,0.9873404692742713,1.0128218493211707,80.3065945958776,267.3581822939861,79.50810566774153,0.03877998285022372,0.03978082046599079
DMSO,F8,2,9/29/22,6957.666666666667,19847.97297,32.0,2.0,6893.381944444444,7089.764889889891,6897.242054554554,1.0284726770341148,0.9723155727226283,79.19900547936179,267.3561584783488,78.31909171493174,0.04048018318855836,0.038269866939396054
DMSO,F9,2,9/29/22,7803.666666666667,19847.97297,32.0,3.0,7739.381944444444,7090.66579079079,7742.341153653654,0.9162118872341964,1.0914505846663243,137.14402090109502,267.35919419605983,137.65202486158645,0.03817789492610019,0.04547996628182833
DMSO,G7,2,9/29/22,7630.333333333333,9923.986486,64.0,1.0,7566.04861111111,7088.863988988989,7570.809622122121,0.9369704634062156,1.0672695021406011,102.92464461400851,267.3561584783488,102.88591136634066,0.037536343187690335,0.042756304356135005
DMSO,G8,2,9/29/22,6787.0,9923.986486,64.0,2.0,6722.715277777777,7087.963088088088,6728.37718968969,1.0542846811367832,0.948510414589112,92.08229545133328,267.3561584783488,92.21990434652683,0.042277864307996016,0.038036211016061236
DMSO,G9,2,9/29/22,7886.0,9923.986486,64.0,3.0,7821.715277777777,7090.06519019019,7825.275087587586,0.9065016782926741,1.1031419179316058,121.85708488055438,267.35666443369433,122.80507971904088,0.037006088181490204,0.04503352621316944
DMSO,H7,2,9/29/22,7173.666666666667,4961.993243,128.0,1.0,7109.381944444444,7088.863988988989,7114.142955455455,0.9971158921624254,1.0028924499752179,141.28511057050562,267.3561584783488,142.10894482446923,0.042529710008563086,0.042776095940787046
DMSO,H8,2,9/29/22,6981.333333333333,4961.993243,128.0,2.0,6917.04861111111,7089.764889889891,6920.908721221221,1.0249557226855468,0.975651901703462,134.85726702302674,267.3561584783488,135.11805629175157,0.043501930183584184,0.041409340883700255
DMSO,H9,2,9/29/22,7576.333333333333,4961.993243,128.0,3.0,7512.04861111111,7092.767892892892,7512.905718218218,0.9441919366562136,1.0591066934350515,117.69656948662498,267.3581822939861,118.96680389265852,0.038596311940550604,0.0432937528177898
O2NS,A10,1,9/29/22,6735.0,1.0,1.0,1.0,6670.715277777777,7090.365490490491,6673.974787287287,1.062878603244362,0.9408412183174734,59.28869315127999,267.36121798871795,57.46107138186559,0.04108764156380541,0.0363700488735823
O2NS,A10,2,9/29/22,6962.333333333333,1.0,1.0,1.0,6898.04861111111,7094.569694694695,6897.103916416417,1.0284932757234273,0.9722960991617708,67.69403569680242,267.3581822939861,67.97748352412165,0.04006336948338267,0.037874295133889326
O2NS,A11,1,9/29/22,6947.0,1.0,1.0,1.0,6882.715277777777,7088.863988988989,6887.476288788788,1.029930950404399,0.9709388766376554,11.539026630814037,267.3561584783488,11.69996307946658,0.03885335702250639,0.03662792617914999
O2NS,A11,2,9/29/22,6767.666666666667,1.0,1.0,1.0,6703.381944444444,7096.371496496497,6700.635447947948,1.0586495945205323,0.9445996155629806,59.501953488267766,267.35666443369433,58.57200010577965,0.040955400501317456,0.0365432110577567
O2NS,A12,1,9/29/22,6703.333333333333,1.0,1.0,1.0,6639.04861111111,7088.863988988989,6643.809622122121,1.0677044351752816,0.9365887852997756,49.330340247356524,267.35919419605983,48.49183773454369,0.04098517634930664,0.035952137377787005
O2NS,A12,2,9/29/22,6975.333333333333,1.0,1.0,1.0,6911.04861111111,7096.071196196196,6908.602414914913,1.0267814782170186,0.9739170614340219,100.8041788266734,267.3561584783488,100.5050173147109,0.04147829787854973,0.03934276459029002
O2NS,B10,1,9/29/22,7062.666666666667,1.0,1.0,1.0,6998.381944444444,7090.365490490491,7001.641453953954,1.0131374259380421,0.9870329280098615,64.20656094917388,267.3581822939861,63.55561851363367,0.039273009568555936,0.038261101242332
O2NS,B10,2,9/29/22,7350.333333333333,1.0,1.0,1.0,7286.04861111111,7093.068193193193,7286.605417917918,0.9735157310092055,1.0272047673675897,55.06798043255226,267.35666443369433,53.92833004995612,0.037388674139364544,0.039450645837735734
O2NS,B11,1,9/29/22,6403.666666666667,1.0,1.0,1.0,6339.381944444444,7087.963088088088,6345.043856356356,1.1179788762048868,0.8944712832094107,41.98193026672283,267.35919419605983,40.551477048774395,0.04273367606815475,0.034190311536738294
O2NS,B11,2,9/29/22,7480.333333333333,1.0,1.0,1.0,7416.04861111111,7093.068193193193,7416.605417917918,0.9564517188500249,1.0455310814876622,102.15910370064896,267.35514656478523,102.57808718412903,0.03839561160563929,0.041971596197966546
O2NS,B12,1,9/29/22,6913.333333333333,1.0,1.0,1.0,6849.04861111111,7090.06519019019,6852.608420920921,1.0351715090480376,0.9660234958742422,92.40390938115092,267.35514656478523,91.81159553923246,0.04140349557426966,0.038637799810440514
O2NS,B12,2,9/29/22,6898.0,1.0,1.0,1.0,6833.715277777777,7101.476601601601,6825.863676176176,1.0392274643219688,0.9622532451569087,129.61153164586335,267.41990131345165,132.62778906175856,0.04406329681536383,0.04079958604689043
O2NS,C10,1,9/29/22,7239.0,1.0,1.0,1.0,7174.715277777777,7090.365490490491,7177.974787287287,0.9882488041840609,1.011890928444524,60.35850508078075,267.3581822939861,61.154420863884276,0.03818297252386362,0.03909643336208681
O2NS,C10,2,9/29/22,7135.666666666667,1.0,1.0,1.0,7071.381944444444,7092.467592592592,7072.539351851851,1.0029813405198837,0.9970275214508593,100.16228066952142,267.36071204198964,98.78500471485384,0.04031087376730613,0.04007158352407945
O2NS,C11,1,9/29/22,6928.0,1.0,1.0,1.0,6863.715277777777,7088.863988988989,6868.476288788788,1.0327800085120358,0.9682604153431832,84.8831498919935,267.3561584783488,84.48501621524187,0.04094203724463711,0.038384315789190084
O2NS,C11,2,9/29/22,7583.666666666667,1.0,1.0,1.0,7519.381944444444,7093.068193193193,7519.938751251251,0.943308879852204,1.0600981516856687,107.82616783007727,267.36121798871795,109.48233341940845,0.03811008652318262,0.04282842359136561
O2NS,C12,1,9/29/22,6664.666666666667,1.0,1.0,1.0,6600.381944444444,7089.764889889891,6604.242054554554,1.0741013035868283,0.9310108801289262,77.7269738824302,267.3561584783488,77.97664781541572,0.04241869001459301,0.03676772553251988
O2NS,C12,2,9/29/22,7263.333333333333,1.0,1.0,1.0,7199.04861111111,7094.869994994995,7197.803616116115,0.9855263325213741,1.0146862311041414,112.85602539926677,267.3581822939861,113.08736481183934,0.04023892545135836,0.0414295207165698
O2NS,D10,1,9/29/22,6794.333333333333,1.0,1.0,1.0,6730.04861111111,7087.963088088088,6735.710523023023,1.0531368555334446,0.9495442066676801,48.067478287507,267.3561584783488,48.19991160161159,0.04039763209999558,0.03642388671718547
O2NS,D10,2,9/29/22,7267.333333333333,1.0,1.0,1.0,7203.04861111111,7091.866991991992,7204.806619119118,0.9845684103687002,1.0156734559719633,136.45688868254305,267.35514656478523,136.61156769033536,0.041536165269130745,0.042848399443287485
O2NS,D11,1,9/29/22,6851.0,1.0,1.0,1.0,6786.715277777777,7090.06519019019,6790.275087587587,1.0446741712963776,0.9572362632064124,29.734645375161875,267.35514656478523,28.944749176476293,0.039620603879076795,0.03630440939888916
O2NS,D11,2,9/29/22,7439.0,1.0,1.0,1.0,7374.715277777777,7093.068193193193,7375.272084584584,0.961811973666264,1.0397042534084595,81.71382462953645,267.3581822939861,82.97936431974364,0.03782768407802051,0.04089115659747052
O2NS,D12,1,9/29/22,7065.666666666667,1.0,1.0,1.0,7001.381944444444,7094.269394394393,7000.737550050049,1.0132682377086522,0.9869055031877283,101.72749121510857,267.3546406065672,101.64886584729838,0.04092217679080277,0.03985748291942097
O2NS,D12,2,9/29/22,7058.0,1.0,1.0,1.0,6993.715277777777,7093.668793793794,6993.671483983984,1.0142919947333695,0.9859093882160368,96.71168045063965,267.3581822939861,97.92600691765638,0.04077770067322232,0.039636631396427036
O2NS,E10,1,9/29/22,6706.0,1.0,1.0,1.0,6641.715277777777,7088.863988988989,6646.476288788788,1.0672760560306906,0.9369647096919823,101.31707228096671,267.3561584783488,102.11487499194007,0.04343534748448887,0.03813201609481642
O2NS,E10,2,9/29/22,7179.333333333333,1.0,1.0,1.0,7115.04861111111,7094.269394394395,7114.404216716716,0.9970792752163433,1.0029292804055354,77.63042231573878,267.3561584783488,76.65029363570102,0.039081315360514846,0.03931061096753653
O2NS,E11,1,9/29/22,7044.333333333333,1.0,1.0,1.0,6980.04861111111,7090.06519019019,6983.608420920921,1.0157535435047447,0.9844907816413923,70.55127545920033,267.35514656478523,69.92202654514787,0.03960759621200013,0.03838855754236068
O2NS,E11,2,9/29/22,7566.0,1.0,1.0,1.0,7501.715277777777,7093.068193193193,7502.272084584584,0.9455302233806931,1.0576076525872997,87.59651326158271,267.35666443369433,88.41266491013369,0.03733483732928647,0.0417602829514816
O2NS,E12,1,9/29/22,6806.0,1.0,1.0,1.0,6741.715277777777,7091.266391391392,6744.073886386385,1.0518308546884725,0.9507232037761209,67.93488894218225,267.35666443369433,68.57801003715181,0.04105689804672321,0.03711028771793457
O2NS,E12,2,9/29/22,7321.666666666667,1.0,1.0,1.0,7257.381944444444,7095.470595595595,7255.536348848848,0.9776844410855254,1.0228249095277588,112.5987676172346,267.36880707475393,113.98767562274256,0.03991839196632883,0.04176145588050964
O2NS,F10,1,9/29/22,6985.333333333333,1.0,1.0,1.0,6921.04861111111,7093.969094094094,6920.704517017017,1.024985965310005,0.9756231147004553,52.73028037968281,267.35514656478523,52.30328230354195,0.03939665451196121,0.037499329829469775
O2NS,F10,2,9/29/22,7269.0,1.0,1.0,1.0,7204.715277777777,7096.071196196196,7202.26908158158,0.9849152981718752,1.0153157351257756,92.88244794139868,267.35919419605983,91.35658648636648,0.03916356451401921,0.04037238874094343
O2NS,F11,1,9/29/22,7271.333333333333,1.0,1.0,1.0,7207.04861111111,7092.767892892892,7207.905718218218,0.9841450869800683,1.0161103410764196,61.664272224035585,267.37336042297994,63.04188858076706,0.03807418705970427,0.03931084523132618
O2NS,F11,2,9/29/22,7148.333333333333,1.0,1.0,1.0,7084.04861111111,7096.071196196196,7081.602414914913,1.0016977209931703,0.9983051563784262,65.55518643799246,267.35919419605983,64.56478513885477,0.03883896840607137,0.038707428015067026
O2NS,F12,1,9/29/22,7293.666666666667,1.0,1.0,1.0,7229.381944444444,7093.668793793794,7229.338150650651,0.981227444639806,1.0191317063772967,105.054664194028,267.3581822939861,104.85732395208403,0.039622764600273884,0.0411533696076818
O2NS,F12,2,9/29/22,7515.666666666667,1.0,1.0,1.0,7451.381944444444,7096.071196196196,7448.935748248248,0.9523004681129373,1.0500887414048878,102.31560227511731,267.36071204198964,104.00913700217535,0.03827248374946319,0.04220254597853099
O2NS,G10,1,9/29/22,6929.666666666667,1.0,1.0,1.0,6865.381944444444,7095.7708958958965,6863.236048548548,1.0335685600526847,0.9675216900454349,57.76229279486729,267.3581822939861,57.48624179751148,0.03990149007303108,0.037351713860977256
O2NS,G10,2,9/29/22,7072.0,1.0,1.0,1.0,7007.715277777777,7093.969094094094,7007.371183683684,1.0123090120467935,0.9878406574471703,88.24482497906965,267.3642536489821,89.41598173166905,0.04027739321197599,0.03930385496650838
O2NS,G11,1,9/29/22,7231.666666666667,1.0,1.0,1.0,7167.381944444444,7094.569694694695,7166.43724974975,0.9898398259536435,1.010264462774639,84.97930612166695,267.3581822939861,83.64912135527383,0.03905135552354376,0.03985715231310769
O2NS,G11,2,9/29/22,7287.333333333333,1.0,1.0,1.0,7223.04861111111,7096.371496496497,7220.302114614614,0.9824554274040408,1.017857881494245,130.98275638006683,267.3642536489821,133.05822433172455,0.04121439908309612,0.04269954622636148
O2NS,G12,1,9/29/22,7253.0,1.0,1.0,1.0,7188.715277777777,7098.473598598598,7183.866679179179,0.9874382859246644,1.0127215181489266,57.43822016381284,267.3885376903976,53.55325849766604,0.03793362269828865,0.03890490830211781
O2NS,G12,2,9/29/22,6987.333333333333,1.0,1.0,1.0,6923.04861111111,7097.272397397398,6919.401213713713,1.0251790264656122,0.9754393858871471,79.9404932992032,267.3581822939861,80.5897265911599,0.04043786152647735,0.038475897180578596
O2NS,H10,1,9/29/22,7046.0,1.0,1.0,1.0,6981.715277777777,7097.872997997998,6977.467279779779,1.0166475478225225,0.9836250548597902,72.0357490110753,267.3546406065672,71.92467305944955,0.03972074432424878,0.038430544979617134
O2NS,H10,2,9/29/22,7034.333333333333,1.0,1.0,1.0,6970.04861111111,7095.7708958958965,6967.902715215215,1.018043059715839,0.9822767224395447,101.34338887623578,267.35666443369433,102.09672991557846,0.04116377533610735,0.03971759144615698
O2NS,H11,1,9/29/22,7091.0,1.0,1.0,1.0,7026.715277777777,7094.569694694695,7025.770583083083,1.009657932338454,0.99043445108574,47.82414803827284,267.37032486611196,44.78472380151903,0.03859039618364205,0.03785565054968969
O2NS,H11,2,9/29/22,7105.0,1.0,1.0,1.0,7040.715277777777,7097.572697697698,7036.76758008008,1.0080800480153522,0.9919847158653129,126.44820732452729,267.3581822939861,127.76071433791351,0.04216955053127837,0.04149625784608433
O2NS,H12,1,9/29/22,7405.333333333333,1.0,1.0,1.0,7341.04861111111,7096.371496496497,7338.302114614614,0.9666575304759767,1.034492535849388,30.76495520750781,267.35514656478523,30.513321175405277,0.036650497712173845,0.039222439305614205
O2NS,H12,2,9/29/22,7456.0,1.0,1.0,1.0,7391.715277777777,7102.3775025025025,7382.962775275275,0.9608100725843783,1.0407884227422897,114.75691323657426,267.36071204198964,116.43971352697267,0.03925199612533815,0.04251935351478057
PCA,A1,2,9/29/22,7705.666666666667,450.4504505,1.0,1.0,7641.381944444444,7122.497622622624,7612.509321821821,0.9318379393855847,1.073147977489904,115.3147105486546,267.35666443369433,114.38170610673248,0.037805500689445555,0.043538575634323756
PCA,A2,2,9/29/22,6790.666666666667,450.4504505,1.0,2.0,6726.381944444444,7121.897022022022,6698.109922422423,1.0590487588526372,0.944243588069911,64.64118245298413,267.36121798871795,66.30942534449386,0.04126536573076146,0.036792033109830716
PCA,A3,2,9/29/22,7014.666666666667,450.4504505,1.0,3.0,6950.381944444444,7120.09522022022,6923.911724224224,1.0245111842171546,0.976075239982974,91.59957679443714,267.3581822939861,90.88217040158493,0.040884542503168586,0.038951638840202106
PCA,B1,2,9/29/22,7494.666666666667,225.22522519999998,2.0,1.0,7430.381944444444,7104.479604604604,7419.527339839839,0.9560750537180615,1.0459429896336272,79.84035614224165,267.35514656478523,80.11755443667234,0.0374805001942246,0.04100354493473846
PCA,B2,2,9/29/22,7463.333333333333,225.22522519999998,2.0,2.0,7399.04861111111,7105.680805805806,7386.992805305305,0.9602858953518122,1.0413565427133948,91.2057151110606,267.35666443369433,90.19315563011143,0.03804125771580973,0.04125283189845418
PCA,B3,2,9/29/22,7312.0,225.22522519999998,2.0,3.0,7247.715277777777,7105.680805805806,7235.6594719719715,0.9803702105492725,1.0200228334556691,73.8454408585028,267.35514656478523,73.81219375096933,0.03827584375234469,0.03982397075824947
PCA,C1,2,9/29/22,7258.666666666667,112.61261259999999,4.0,1.0,7194.381944444444,7093.668793793794,7194.338150650651,0.9860010540870194,1.0141976987295849,65.9809250383774,267.3581822939861,64.51052577635552,0.0381957584782893,0.03928804151815157
PCA,C2,2,9/29/22,6996.333333333333,112.61261259999999,4.0,2.0,6932.04861111111,7093.668793793794,6932.004817317317,1.023315070739554,0.9772161366462587,102.72527667969526,267.35514656478523,102.57117798357021,0.04143069191653984,0.0395642963256688
PCA,C3,2,9/29/22,7283.666666666667,112.61261259999999,4.0,3.0,7219.381944444444,7096.671796796797,7216.335147647648,0.9829955032385589,1.01729865162701,102.481620151713,267.36121798871795,103.58111795894617,0.039641186728326956,0.04102452724835585
PCA,D1,2,9/29/22,7332.0,56.30630631,8.0,1.0,7267.715277777777,7087.362487487488,7273.97779029029,0.9752057546104919,1.0254246299022418,86.11126021367146,267.35514656478523,86.17688879593413,0.038524828777388415,0.04050869070894604
PCA,D2,2,9/29/22,7199.333333333333,56.30630631,8.0,2.0,7135.04861111111,7088.263388388387,7140.410222722722,0.9934478242477107,1.0065953899061089,67.60534349383897,267.3581822939861,66.47441745650823,0.038564475044612447,0.039074848066079026
PCA,D3,2,9/29/22,7263.333333333333,56.30630631,8.0,3.0,7199.04861111111,7089.764889889891,7202.908721221221,0.9848278347746864,1.0154059061793117,101.79136735951606,267.3561584783488,101.52174107468628,0.03962495499185865,0.04085527633368316
PCA,E1,2,9/29/22,7379.666666666667,28.153153149999998,16.0,1.0,7315.381944444444,7084.659784784785,7324.34715965966,0.9684992867445703,1.032525282864496,94.82870066029581,267.35514656478523,95.14745790156122,0.038606417229411404,0.041158628009083806
PCA,E2,2,9/29/22,7001.333333333333,28.153153149999998,16.0,2.0,6937.04861111111,7088.263388388389,6942.410222722722,1.0217813082814304,0.9786830037847676,88.88465823144034,267.36121798871795,90.65836910907359,0.04075306618028425,0.03903411904240338
PCA,E3,2,9/29/22,6905.0,28.153153149999998,16.0,3.0,6840.715277777777,7087.362487487488,6846.97779029029,1.0360227851271084,0.9652297366001571,68.20666489124531,267.35666443369433,67.91182174502319,0.04037311886199056,0.03761436084642182
PCA,F1,2,9/29/22,7598.0,14.07657658,32.0,1.0,7533.715277777777,7087.062187187187,7540.27809059059,0.9407643743076316,1.062965421852803,95.91219492633162,267.3546406065672,95.82879835784598,0.03741533437323896,0.04227541749238091
PCA,F2,2,9/29/22,7019.666666666667,14.07657658,32.0,2.0,6955.381944444444,7087.963088088088,6961.043856356356,1.0190461583606574,0.9813098178091393,69.4080864807551,267.36071204198964,70.96033433126978,0.03978390975543961,0.03831067014339174
PCA,F3,2,9/29/22,7024.666666666667,14.07657658,32.0,3.0,6960.381944444444,7087.963088088088,6966.043856356356,1.018314720130168,0.9820146760445267,47.41816602231658,267.3546406065672,47.249253200892504,0.03899279220157805,0.03760280927394384
PCA,G1,2,9/29/22,7412.666666666667,7.038288288,64.0,1.0,7348.381944444444,7086.761886886888,7355.245057557557,0.9644308169870234,1.0368810104223942,115.11074002420449,267.35666443369433,115.84713667705063,0.03939205116409516,0.04235126988293575
PCA,G2,2,9/29/22,6629.333333333333,7.038288288,64.0,2.0,6565.04861111111,7088.863988988989,6569.809622122121,1.0797306783615261,0.9261568834160421,108.71284408440404,267.3561584783488,109.05270624640413,0.04446290049851892,0.038138789772867505
PCA,G3,2,9/29/22,7090.333333333333,7.038288288,64.0,3.0,7026.04861111111,7089.16428928929,7030.509321821822,1.008977397694684,0.9911024788908099,115.95896890245253,267.3581822939861,116.89019054074058,0.041560323338170974,0.04082404578940733
PCA,H1,2,9/29/22,7291.0,3.519144144,128.0,1.0,7226.715277777777,7090.665790790791,7229.674486986987,0.9811817963268099,1.019179120264602,137.86641772232508,267.3561584783488,138.39520034453292,0.04147363461239161,0.04307974587041151
PCA,H2,2,9/29/22,6901.0,3.519144144,128.0,2.0,6836.715277777777,7090.665790790791,6839.674486986987,1.0371290349410887,0.9642001779043842,95.77133775606684,267.3561584783488,94.81246041304045,0.04164548824756849,0.038717060099953085
PCA,H3,2,9/29/22,6863.333333333333,3.519144144,128.0,3.0,6799.04861111111,7090.365490490491,6802.30812062062,1.0428261810864283,0.9589325796924167,103.93499155202714,267.36880707475393,106.187328586955,0.04253809874967962,0.03911598069655705
PMS,A4,1,9/29/22,12620.0,450.4504505,1.0,1.0,12555.715277777776,19493.068193193194,156.27208458458458,45.39278412300484,0.0220299331561204,82.6386661048364,282.9302162896981,20.21104536884029,6.114915943576623,0.0029676784998965713
PMS,A5,1,9/29/22,12444.333333333334,450.4504505,1.0,2.0,12380.04861111111,19306.281406406404,167.39220470470414,42.377272063020094,0.023597554805153097,142.05098545564545,283.22553117786396,111.65866089169123,28.312758455990874,0.015765806452967143
PMS,A6,1,9/29/22,12500.0,450.4504505,1.0,3.0,12435.715277777776,19360.335460460457,169.00481731731693,41.97291599494044,0.023824887461251044,110.55835172245756,270.92263300014855,70.95727601720898,17.69332680533514,0.010043179273106977
PMS,B4,1,9/29/22,10070.666666666666,225.22522519999998,2.0,1.0,10006.381944444443,14409.284409409409,2690.722535035035,2.6363271974855023,0.37931558759238543,153.57891283936056,271.13524938165824,113.46841102350004,0.14909965687785093,0.021452505596569103
PMS,B5,1,9/29/22,10146.666666666666,225.22522519999998,2.0,2.0,10082.381944444443,14372.64777277277,2803.3591716716714,2.530401766452923,0.39519415978031985,164.0289074185398,270.65987623787976,133.70402270795313,0.15381368484475275,0.024022378877069078
PMS,B6,1,9/29/22,10677.0,225.22522519999998,2.0,3.0,10612.715277777777,14798.473598598599,2907.866679179179,2.4394601894205,0.40992675524561545,147.07871748008492,274.79840089193993,102.32220624882606,0.1257785351244163,0.021135818082502443
PMS,C4,1,9/29/22,8207.666666666666,112.61261259999999,4.0,1.0,8143.381944444444,10919.49461961962,4317.512324824825,1.6429889404630271,0.608646823707882,110.32897384150725,267.42900619247655,104.27290157968925,0.07354115420092805,0.027243390879790094
PMS,C5,1,9/29/22,8982.0,112.61261259999999,4.0,2.0,8917.715277777777,11253.128253253251,4758.212024524524,1.49081734135394,0.6707729862411002,178.30633509661578,268.6966167828171,156.28036869165933,0.07452570934816384,0.033531829302310134
PMS,C6,1,9/29/22,7892.333333333333,112.61261259999999,4.0,3.0,7828.04861111111,10703.278403403403,4218.395207707707,1.681593272019362,0.5946741204543103,113.02425610867758,268.301635989504,105.48040722892529,0.076053307509682,0.026895287049198306
PMS,D4,1,9/29/22,7351.333333333333,56.30630631,8.0,1.0,7287.04861111111,9053.428553553555,5327.245057557557,1.3315747489289138,0.7509905101492618,44.028200836736005,267.9449486764207,33.144285411593295,0.05086094754498409,0.02868490032137246
PMS,D5,1,9/29/22,8381.333333333334,56.30630631,8.0,2.0,8317.048611111111,9308.68380880881,6101.989802302302,1.162510136828408,0.8602075528805515,82.34368505793253,267.8156774230607,81.4865263499254,0.04647953303610194,0.034392857408621066
PMS,D6,1,9/29/22,7365.0,56.30630631,8.0,3.0,7300.715277777777,9035.110235235234,5359.230042542542,1.323627637494475,0.7554994861643436,86.94336740422834,268.07365299117987,72.05624284433243,0.05296176789727336,0.0302294900010444
PMS,E4,1,9/29/22,7722.0,28.153153149999998,16.0,1.0,7657.715277777777,8294.269394394394,6457.070883383382,1.0985824885792606,0.9102639177266042,90.23939902053114,267.6565275088248,78.87397474044735,0.04352164087606171,0.036061178602043616
PMS,E5,1,9/29/22,6872.666666666667,28.153153149999998,16.0,2.0,6808.381944444444,8061.236361361361,5840.770583083082,1.2145015626098419,0.8233830492989243,48.97430416983972,267.5190266457101,43.43194224944831,0.046652137357672825,0.03162826652221685
PMS,E6,1,9/29/22,7061.0,28.153153149999998,16.0,3.0,6996.715277777777,8161.236361361361,5929.103916416415,1.1964076022279313,0.8358355447907685,73.72346394185935,267.4219246466911,77.18706643787655,0.04770215712032127,0.03332573147321291
PMS,F4,1,9/29/22,6652.333333333333,14.07657658,32.0,1.0,6588.04861111111,7581.656781781781,6100.016829329329,1.162886135968237,0.8599294196309122,45.18276738890584,267.37437226761074,47.967779649876206,0.044768361586325175,0.03310524565219079
PMS,F5,1,9/29/22,7024.333333333333,14.07657658,32.0,2.0,6960.04861111111,7606.581706706706,6447.091904404403,1.1002829035450714,0.9088571646237859,51.676711088457985,267.5023397480898,44.790205598439215,0.042163924544931904,0.03482830169209141
PMS,F6,1,9/29/22,7142.0,14.07657658,32.0,3.0,7077.715277777777,7629.404529529529,6541.935748248247,1.084331193851832,0.9222274575056121,59.8677637429914,267.41383122187835,54.62229996429136,0.04185500709551095,0.03559782933151223
PMS,G4,1,9/29/22,7162.0,7.038288288,64.0,1.0,7097.715277777777,7382.257382382383,6809.082895395394,1.0417886092702773,0.9598876308509957,34.74405180151899,267.3642536489821,35.52554905817772,0.03963527483346127,0.03651931852534671
PMS,G5,1,9/29/22,6967.666666666667,7.038288288,64.0,2.0,6903.381944444444,7340.21534034034,6656.7916041041035,1.0656222129030712,0.9384188766821059,26.02849340472808,267.4563189698349,18.468780584939253,0.04026768577351633,0.03546093164408201
PMS,G6,1,9/29/22,7058.0,7.038288288,64.0,3.0,6993.715277777777,7347.722847847847,6739.61742992993,1.0525263598046322,0.9500949697693253,53.825171951296504,267.37639594538484,50.848644449758574,0.040452564202321725,0.03651573892176017
PMS,H4,1,9/29/22,7119.666666666667,3.519144144,128.0,1.0,7055.381944444444,7224.599724724725,6924.407219719719,1.024437872428758,0.9761450907990934,84.65507940413255,267.36728927477975,84.69812255791511,0.04058958982661327,0.03867616564473776
PMS,H5,1,9/29/22,6901.333333333333,3.519144144,128.0,2.0,6837.04861111111,7217.993118118119,6712.680492992993,1.0567499834685494,0.946297625402103,72.01723730413404,267.36728927477975,71.4400579139287,0.04138220175612783,0.03705690075073463
PMS,H6,1,9/29/22,7150.333333333333,3.519144144,128.0,3.0,7086.04861111111,7217.092217217218,6962.581393893893,1.0188211237603673,0.9815265670082494,90.82666166341217,267.3885376903976,94.11814261337153,0.04079053205815563,0.03929737022894548
PYO,A1,1,9/29/22,2495.3333333333335,452.7027027,1.0,1.0,2431.0486111111113,7597.272397397396,1927.4012137137136,3.680409117483129,0.2717089236763592,6.440688543934477,267.47958321001585,10.730253081915539,0.14020504256319555,0.010350740907547656
PYO,A2,1,9/29/22,2488.6666666666665,452.7027027,1.0,2.0,2424.381944444445,7583.758883883883,1934.2480605605606,3.6673812137333672,0.2726741349536465,17.1021188429963,267.4188896410911,15.058769105251912,0.14112717872948732,0.01049297281515425
PYO,A3,1,9/29/22,2413.3333333333335,452.7027027,1.0,3.0,2349.0486111111113,7590.966091091091,1851.70752002002,3.830856073816294,0.26103825900298083,22.393804252961736,267.6342895116295,20.67107130175449,0.15057020453646944,0.010260000191228153
PYO,B1,1,9/29/22,3239.3333333333335,226.3513514,2.0,1.0,3175.0486111111113,7423.698823823824,2844.974787287287,2.493387650286998,0.4010607816577966,30.43817453330555,267.3642536489821,28.25269519948797,0.0971734216630232,0.015630320637887527
PYO,B2,1,9/29/22,3763.6666666666665,226.3513514,2.0,2.0,3699.381944444445,7528.203328328328,3264.8036161161162,2.1727570274008503,0.4602447431484067,36.03446223991648,267.4113019763896,31.74409226577508,0.08456384196774323,0.01791275473293227
PYO,B3,1,9/29/22,3571.6666666666665,226.3513514,2.0,3.0,3507.381944444445,7515.590715715715,3085.416228728729,2.2990820278801594,0.4349562076834805,26.00927659355343,267.6312569143003,13.778938024569364,0.08724935504173226,0.016506435234401977
PYO,C1,1,9/29/22,3750.0,113.1756757,4.0,1.0,3685.715277777778,7327.602727727728,3451.7375500500507,2.0550881685362032,0.4865971277097465,45.70721098017943,267.38651410451655,42.470179883305846,0.08147123876898796,0.019290496331445407
PYO,C2,1,9/29/22,5167.666666666667,113.1756757,4.0,2.0,5103.381944444444,7390.665790790791,4806.341153653653,1.475888783842906,0.6775578288468382,19.454625900283066,267.36526552807754,18.59168530693852,0.05591251997520845,0.025668577506982454
PYO,C3,1,9/29/22,4451.0,113.1756757,4.0,3.0,4386.715277777777,7372.347472472473,4107.9928053053045,1.7267861304038492,0.5791105119463327,11.71106893441566,267.41585460104557,6.6996286345248155,0.06513651450611228,0.021844766759397366
PYO,D1,1,9/29/22,3845.0,56.58783784,8.0,1.0,3780.715277777778,7228.203328328328,3646.1369494494497,1.9455179820031459,0.514001931233953,22.36401429946412,267.4052316896116,17.69221516991689,0.0739239795765988,0.019530566470400086
PYO,D2,1,9/29/22,5649.333333333333,56.58783784,8.0,2.0,5585.04861111111,7240.815940940941,5437.85767017017,1.304488905421832,0.7665837523368053,25.465318944006274,267.35666443369433,25.81873591637295,0.04954955352025594,0.029117827301021252
PYO,D3,1,9/29/22,5443.666666666667,56.58783784,8.0,3.0,5379.381944444444,7252.827952952953,5220.178991491492,1.3588853967578673,0.735897230469822,7.904585309803946,267.3546406065672,6.8184989581314825,0.05124166234056299,0.027749652392363724
PYO,E1,1,9/29/22,5109.333333333333,28.29391892,16.0,1.0,5045.04861111111,7175.650775775775,4963.022835335335,1.4292952572161008,0.6996455035803746,9.406512048574015,267.36121798871795,7.084005417860601,0.053902996648386645,0.026385723344529186
PYO,E2,1,9/29/22,5899.333333333333,28.29391892,16.0,2.0,5835.04861111111,7181.056181181181,5747.61742992993,1.2341853100836044,0.8102510958684636,24.90948552098105,267.37032486611196,26.92379440564788,0.04686939979696484,0.030770081476350897
PYO,E3,1,9/29/22,5851.666666666667,28.29391892,16.0,3.0,5787.381944444444,7182.257382382381,5698.749562062061,1.2447686852610542,0.8033621120459654,36.72168935275143,267.36121798871795,38.241801539840644,0.04764820759497338,0.030751709246826495
PYO,F1,1,9/29/22,5756.666666666667,14.14695946,32.0,1.0,5692.381944444444,7146.821946946948,5639.1849974974975,1.2579167030604492,0.7949651972718459,40.576871108058256,267.38702000242256,44.516743747551985,0.04843469858605478,0.030609260233676317
PYO,F2,1,9/29/22,6711.0,14.14695946,32.0,2.0,6646.715277777777,7142.317442442443,6598.022835335335,1.0751137389234993,0.930134146552057,70.8177176671674,267.36273582315846,68.74598002944259,0.04203669280785502,0.036368025049940696
PYO,F3,1,9/29/22,6307.333333333333,14.14695946,32.0,3.0,6243.04861111111,7146.221346346346,6190.452264764765,1.1458976980366968,0.8726782519184147,33.74140585274953,267.3703248661119,36.01728834257128,0.043695885402761515,0.03327735883809073
PYO,G1,1,9/29/22,5758.0,7.07347973,64.0,1.0,5693.715277777777,7122.497622622624,5664.842655155156,1.2522192462917952,0.798582199531996,49.195011287595364,267.36880707475393,50.804557933204876,0.04850898167718226,0.03093580409304346
PYO,G2,1,9/29/22,7114.333333333333,7.07347973,64.0,2.0,7050.04861111111,7123.398523523523,7020.275087587587,1.0104482960421453,0.9896597420342331,28.468973794641137,267.3581822939861,29.413508503549753,0.038314336529188385,0.03752607288686825
PYO,G3,1,9/29/22,6096.333333333333,7.07347973,64.0,3.0,6032.04861111111,7116.191316316316,6009.482294794794,1.180405341429203,0.8471666171801856,52.74924140610895,267.3581822939861,53.31566268831072,0.045700795252418915,0.03279906211671281
PYO,H1,1,9/29/22,5759.666666666667,3.536739865,128.0,1.0,5695.381944444444,7110.485610610612,5678.5213338338335,1.249202844010584,0.8005105053951729,29.47002661892209,267.36071204198964,30.81285626923762,0.04756291192853816,0.03047912582694824
PYO,H2,1,9/29/22,7097.666666666667,3.536739865,128.0,2.0,7033.381944444444,7108.083208208208,7018.9237362362355,1.0106428373595382,0.9894692398084527,31.51955692772307,267.3581822939861,32.574029462154094,0.038374762477378206,0.03757078727785335
PYO,H3,1,9/29/22,6419.0,3.536739865,128.0,3.0,6354.715277777777,7108.083208208209,6340.257069569569,1.1188229313360596,0.8937964819918686,33.168496130916694,267.35514656478523,32.65595072114376,0.04255589177445695,0.03399671680899021
TOXO,A4,2,9/29/22,7142.666666666667,450.4504505,1.0,1.0,7078.381944444444,8478.65377877878,5693.353165665666,1.2459485286770569,0.8026013731576825,79.04734321227997,267.39309070263744,78.46627895846828,0.04999620696375025,0.03220600485349773
TOXO,A5,2,9/29/22,7219.666666666667,450.4504505,1.0,2.0,7155.381944444444,8480.75588088088,5768.251063563563,1.2297705009423836,0.8131598531869901,83.52534028018073,267.3865141045166,79.5316524843281,0.049349456815583066,0.03263128935705162
TOXO,A6,2,9/29/22,7049.333333333333,450.4504505,1.0,3.0,6985.04861111111,8478.353478478479,5600.320132632632,1.2666463402093742,0.789486353258402,145.2807023280103,267.52509435042003,147.35499995998867,0.058218181280027995,0.03628673464173777
TOXO,B4,2,9/29/22,7265.333333333333,225.22522519999998,2.0,1.0,7201.04861111111,7928.203328328328,6366.470282782782,1.1142163058836079,0.8974918018337285,114.16427842771111,267.5812140962649,103.22117092594168,0.045711417083877715,0.036820159484605555
TOXO,B5,2,9/29/22,7359.0,225.22522519999998,2.0,2.0,7294.715277777777,7938.413538538538,6449.9267392392385,1.0997993135092081,0.9092567959596453,115.08322699501711,267.41990131345165,120.86026023256039,0.046287752702723804,0.03826830331468349
TOXO,B6,2,9/29/22,7473.0,225.22522519999998,2.0,3.0,7408.715277777777,7980.45558058058,6521.884697197197,1.0876648897286563,0.9194008278133108,114.63485131314401,267.46137658548923,115.79062108423192,0.04531064424987328,0.038300991624801516
TOXO,C4,2,9/29/22,6648.666666666667,112.61261259999999,4.0,1.0,6584.381944444444,7496.371496496497,6181.635447947948,1.1475320826877289,0.8714353307297676,94.13013581696346,267.36880707475393,91.41757038916256,0.04645640339985516,0.035278971169544975
TOXO,C5,2,9/29/22,7322.333333333333,112.61261259999999,4.0,2.0,7258.04861111111,7561.536661661662,6790.136949449449,1.0446954240849529,0.9572167896455549,110.97964889528144,267.50689082339954,118.97688130788747,0.043417788390382774,0.0397821556966757
TOXO,C6,2,9/29/22,7207.666666666667,112.61261259999999,4.0,3.0,7143.381944444444,7537.812937937938,6699.194006506506,1.0588773803401434,0.9443964131888148,101.08156344714887,267.4052316896116,104.32257983679678,0.04317743212047132,0.03850928613866315
TOXO,D4,2,9/29/22,7230.666666666667,56.30630631,8.0,1.0,7166.381944444444,7325.800925925926,6934.206018518518,1.02299022859369,0.977526443605141,79.56432912379758,267.39713775954584,77.55446366038775,0.040214336563688405,0.03842712892486077
TOXO,D5,2,9/29/22,7070.333333333333,56.30630631,8.0,2.0,7006.04861111111,7321.296421421422,6778.37718968969,1.0465078589591947,0.9555589969429861,97.30612760211942,267.3546406065672,97.22392672609979,0.042198551360046285,0.038531201715156144
TOXO,D6,2,9/29/22,7649.333333333333,56.30630631,8.0,3.0,7585.04861111111,7339.314439439439,7339.359171671672,0.9665183068543434,1.0346415509237763,162.2975122080432,267.3561584783488,162.55030251516763,0.042248626863327435,0.0452264426987833
TOXO,E4,2,9/29/22,7178.333333333333,28.153153149999998,16.0,1.0,7114.04861111111,7208.98410910911,6998.689502002002,1.013564753511474,0.9866167864811013,83.47743688518445,267.3581822939861,84.64925767442193,0.0401161913781729,0.039049609495863113
TOXO,E5,2,9/29/22,7244.666666666667,28.153153149999998,16.0,2.0,7180.381944444444,7214.689814814815,7059.317129629629,1.0048599417961226,0.995163563006168,83.44149129132332,267.36273582315846,81.85211988683217,0.03962097966128267,0.0392386576969518
TOXO,E6,2,9/29/22,6991.333333333333,28.153153149999998,16.0,3.0,6927.04861111111,7205.380505505505,6815.293105605605,1.040839313890325,0.9607630944130264,87.12337498582085,267.36121798871795,86.97065507670919,0.04141282314659877,0.03822675756355814
TOXO,F4,2,9/29/22,6866.0,14.07657658,32.0,1.0,6801.715277777777,7147.722847847847,6747.61742992993,1.0512784806879105,0.9512227429459451,93.83042755730486,267.3581822939861,94.50181437902057,0.042265816593573195,0.038243155102614744
TOXO,F5,2,9/29/22,7091.0,14.07657658,32.0,2.0,7026.715277777777,7150.12525025025,6970.215027527527,1.0177053321863225,0.9826026929147689,91.97363282803738,267.3956201203832,89.45898634706391,0.04051637824736413,0.039118889440705636
TOXO,F6,2,9/29/22,7171.0,14.07657658,32.0,3.0,7106.715277777777,7153.428553553554,7046.911724224224,1.006628900375635,0.9934147525735042,80.9885741051578,267.4037140963857,76.11652499758483,0.03946322303004019,0.03894518419599439
TOXO,G4,2,9/29/22,7058.666666666667,7.038288288,64.0,1.0,6994.381944444444,7119.79491991992,6968.212024524524,1.017997870190242,0.9823203262823343,132.4895560748846,267.36880707475393,135.1332046044498,0.04314573839392352,0.041633619340373205
TOXO,G5,2,9/29/22,7314.0,7.038288288,64.0,2.0,7249.715277777777,7120.39552052052,7222.944757257257,0.9820959786342928,1.0182304191802156,106.52769187205097,267.36526552807754,108.83081483682713,0.03985976591661276,0.04132633371957958
TOXO,G6,2,9/29/22,7226.666666666667,7.038288288,64.0,3.0,7162.381944444444,7120.095220220221,7135.911724224224,0.9940740965053319,1.0059612291634001,122.56623706763615,267.35666443369433,122.9873668699544,0.041194472390499136,0.04168707566806815
TOXO,H4,2,9/29/22,6859.0,3.519144144,128.0,1.0,6794.715277777777,7106.581706706707,6781.75857107107,1.0459860706718842,0.9560356758457164,102.1819413379225,267.36273582315846,104.13405620689343,0.0425654508805141,0.03890500145388197
TOXO,H5,2,9/29/22,7235.666666666667,3.519144144,128.0,2.0,7171.381944444444,7105.380505505505,7159.626438938939,0.9907814409729566,1.009304331556706,113.63310463469695,267.36121798871795,115.32436281326633,0.040606169276005355,0.04136531110024668
TOXO,H6,2,9/29/22,7161.666666666667,3.519144144,128.0,3.0,7097.381944444444,7105.380505505505,7085.626438938939,1.001128843177098,0.9988724296729724,132.8551183391893,267.36273582315846,133.86075026272349,0.04220366723774291,0.04210854569037379
