,index,time_s,well,rtdp_fluor,concentration,fold_dilution,media,name,replicate,plate,date,blanked_rtdp_fluor,u_blanked_rtdp_fluor
1,1,74.668,A1,57,1.0,1,MM noC,PA14 WT,1,1,12/3/21,55.986111111111114,0.11785113019775789
2,2,149.35,A1,57,1.0,1,MM noC,PA14 WT,1,1,12/3/21,55.986111111111114,0.11785113019775789
3,3,224.037,A1,57,1.0,1,MM noC,PA14 WT,1,1,12/3/21,55.986111111111114,0.11785113019775789
5,5,74.668,A2,31,0.5,2,MM noC,PA14 WT,1,1,12/3/21,29.98611111111111,0.11785113019775789
6,6,149.35,A2,31,0.5,2,MM noC,PA14 WT,1,1,12/3/21,29.98611111111111,0.11785113019775789
7,7,224.037,A2,31,0.5,2,MM noC,PA14 WT,1,1,12/3/21,29.98611111111111,0.11785113019775789
9,9,74.668,A3,21,0.25,4,MM noC,PA14 WT,1,1,12/3/21,19.98611111111111,0.11785113019775789
10,10,149.35,A3,20,0.25,4,MM noC,PA14 WT,1,1,12/3/21,18.98611111111111,0.11785113019775789
11,11,224.037,A3,20,0.25,4,MM noC,PA14 WT,1,1,12/3/21,18.98611111111111,0.11785113019775789
13,13,74.668,A4,10,0.125,8,MM noC,PA14 WT,1,1,12/3/21,8.98611111111111,0.11785113019775789
14,14,149.35,A4,11,0.125,8,MM noC,PA14 WT,1,1,12/3/21,9.98611111111111,0.11785113019775789
15,15,224.037,A4,11,0.125,8,MM noC,PA14 WT,1,1,12/3/21,9.98611111111111,0.11785113019775789
17,17,74.668,A5,6,0.0625,16,MM noC,PA14 WT,1,1,12/3/21,4.986111111111111,0.11785113019775789
18,18,149.35,A5,7,0.0625,16,MM noC,PA14 WT,1,1,12/3/21,5.986111111111111,0.11785113019775789
19,19,224.037,A5,7,0.0625,16,MM noC,PA14 WT,1,1,12/3/21,5.986111111111111,0.11785113019775789
21,21,74.668,A6,4,0.03125,32,MM noC,PA14 WT,1,1,12/3/21,2.986111111111111,0.11785113019775789
22,22,149.35,A6,4,0.03125,32,MM noC,PA14 WT,1,1,12/3/21,2.986111111111111,0.11785113019775789
23,23,224.037,A6,4,0.03125,32,MM noC,PA14 WT,1,1,12/3/21,2.986111111111111,0.11785113019775789
25,25,74.668,A7,24,1.0,1,MM noC,PA14 dside,1,1,12/3/21,22.98611111111111,0.11785113019775789
26,26,149.35,A7,24,1.0,1,MM noC,PA14 dside,1,1,12/3/21,22.98611111111111,0.11785113019775789
27,27,224.037,A7,24,1.0,1,MM noC,PA14 dside,1,1,12/3/21,22.98611111111111,0.11785113019775789
29,29,74.668,A8,12,0.5,2,MM noC,PA14 dside,1,1,12/3/21,10.98611111111111,0.11785113019775789
30,30,149.35,A8,12,0.5,2,MM noC,PA14 dside,1,1,12/3/21,10.98611111111111,0.11785113019775789
31,31,224.037,A8,12,0.5,2,MM noC,PA14 dside,1,1,12/3/21,10.98611111111111,0.11785113019775789
33,33,74.668,A9,7,0.25,4,MM noC,PA14 dside,1,1,12/3/21,5.986111111111111,0.11785113019775789
34,34,149.35,A9,7,0.25,4,MM noC,PA14 dside,1,1,12/3/21,5.986111111111111,0.11785113019775789
35,35,224.037,A9,7,0.25,4,MM noC,PA14 dside,1,1,12/3/21,5.986111111111111,0.11785113019775789
37,37,74.668,A10,4,0.125,8,MM noC,PA14 dside,1,1,12/3/21,2.986111111111111,0.11785113019775789
38,38,149.35,A10,4,0.125,8,MM noC,PA14 dside,1,1,12/3/21,2.986111111111111,0.11785113019775789
39,39,224.037,A10,4,0.125,8,MM noC,PA14 dside,1,1,12/3/21,2.986111111111111,0.11785113019775789
41,41,74.668,A11,3,0.0625,16,MM noC,PA14 dside,1,1,12/3/21,1.9861111111111112,0.11785113019775789
42,42,149.35,A11,3,0.0625,16,MM noC,PA14 dside,1,1,12/3/21,1.9861111111111112,0.11785113019775789
43,43,224.037,A11,3,0.0625,16,MM noC,PA14 dside,1,1,12/3/21,1.9861111111111112,0.11785113019775789
45,45,74.668,A12,2,0.03125,32,MM noC,PA14 dside,1,1,12/3/21,0.9861111111111112,0.11785113019775789
46,46,149.35,A12,2,0.03125,32,MM noC,PA14 dside,1,1,12/3/21,0.9861111111111112,0.11785113019775789
47,47,224.037,A12,2,0.03125,32,MM noC,PA14 dside,1,1,12/3/21,0.9861111111111112,0.11785113019775789
49,49,74.668,B1,69,1.0,1,MM noC,PA14 WT,1,1,12/3/21,67.98611111111111,0.11785113019775789
50,50,149.35,B1,68,1.0,1,MM noC,PA14 WT,1,1,12/3/21,66.98611111111111,0.11785113019775789
51,51,224.037,B1,68,1.0,1,MM noC,PA14 WT,1,1,12/3/21,66.98611111111111,0.11785113019775789
53,53,74.668,B2,35,0.5,2,MM noC,PA14 WT,1,1,12/3/21,33.986111111111114,0.11785113019775789
54,54,149.35,B2,34,0.5,2,MM noC,PA14 WT,1,1,12/3/21,32.986111111111114,0.11785113019775789
55,55,224.037,B2,35,0.5,2,MM noC,PA14 WT,1,1,12/3/21,33.986111111111114,0.11785113019775789
57,57,74.668,B3,20,0.25,4,MM noC,PA14 WT,1,1,12/3/21,18.98611111111111,0.11785113019775789
58,58,149.35,B3,20,0.25,4,MM noC,PA14 WT,1,1,12/3/21,18.98611111111111,0.11785113019775789
59,59,224.037,B3,20,0.25,4,MM noC,PA14 WT,1,1,12/3/21,18.98611111111111,0.11785113019775789
61,61,74.668,B4,12,0.125,8,MM noC,PA14 WT,1,1,12/3/21,10.98611111111111,0.11785113019775789
62,62,149.35,B4,12,0.125,8,MM noC,PA14 WT,1,1,12/3/21,10.98611111111111,0.11785113019775789
63,63,224.037,B4,12,0.125,8,MM noC,PA14 WT,1,1,12/3/21,10.98611111111111,0.11785113019775789
65,65,74.668,B5,7,0.0625,16,MM noC,PA14 WT,1,1,12/3/21,5.986111111111111,0.11785113019775789
66,66,149.35,B5,7,0.0625,16,MM noC,PA14 WT,1,1,12/3/21,5.986111111111111,0.11785113019775789
67,67,224.037,B5,6,0.0625,16,MM noC,PA14 WT,1,1,12/3/21,4.986111111111111,0.11785113019775789
69,69,74.668,B6,4,0.03125,32,MM noC,PA14 WT,1,1,12/3/21,2.986111111111111,0.11785113019775789
70,70,149.35,B6,4,0.03125,32,MM noC,PA14 WT,1,1,12/3/21,2.986111111111111,0.11785113019775789
71,71,224.037,B6,4,0.03125,32,MM noC,PA14 WT,1,1,12/3/21,2.986111111111111,0.11785113019775789
73,73,74.668,B7,26,1.0,1,MM noC,PA14 dside,1,1,12/3/21,24.98611111111111,0.11785113019775789
74,74,149.35,B7,26,1.0,1,MM noC,PA14 dside,1,1,12/3/21,24.98611111111111,0.11785113019775789
75,75,224.037,B7,26,1.0,1,MM noC,PA14 dside,1,1,12/3/21,24.98611111111111,0.11785113019775789
77,77,74.668,B8,12,0.5,2,MM noC,PA14 dside,1,1,12/3/21,10.98611111111111,0.11785113019775789
78,78,149.35,B8,12,0.5,2,MM noC,PA14 dside,1,1,12/3/21,10.98611111111111,0.11785113019775789
79,79,224.037,B8,12,0.5,2,MM noC,PA14 dside,1,1,12/3/21,10.98611111111111,0.11785113019775789
81,81,74.668,B9,7,0.25,4,MM noC,PA14 dside,1,1,12/3/21,5.986111111111111,0.11785113019775789
82,82,149.35,B9,7,0.25,4,MM noC,PA14 dside,1,1,12/3/21,5.986111111111111,0.11785113019775789
83,83,224.037,B9,7,0.25,4,MM noC,PA14 dside,1,1,12/3/21,5.986111111111111,0.11785113019775789
85,85,74.668,B10,3,0.125,8,MM noC,PA14 dside,1,1,12/3/21,1.9861111111111112,0.11785113019775789
86,86,149.35,B10,3,0.125,8,MM noC,PA14 dside,1,1,12/3/21,1.9861111111111112,0.11785113019775789
87,87,224.037,B10,4,0.125,8,MM noC,PA14 dside,1,1,12/3/21,2.986111111111111,0.11785113019775789
89,89,74.668,B11,3,0.0625,16,MM noC,PA14 dside,1,1,12/3/21,1.9861111111111112,0.11785113019775789
90,90,149.35,B11,3,0.0625,16,MM noC,PA14 dside,1,1,12/3/21,1.9861111111111112,0.11785113019775789
91,91,224.037,B11,3,0.0625,16,MM noC,PA14 dside,1,1,12/3/21,1.9861111111111112,0.11785113019775789
93,93,74.668,B12,1,0.03125,32,MM noC,PA14 dside,1,1,12/3/21,-0.01388888888888884,0.11785113019775789
94,94,149.35,B12,2,0.03125,32,MM noC,PA14 dside,1,1,12/3/21,0.9861111111111112,0.11785113019775789
95,95,224.037,B12,2,0.03125,32,MM noC,PA14 dside,1,1,12/3/21,0.9861111111111112,0.11785113019775789
97,97,74.668,C1,63,1.0,1,MM noC,PA14 WT,2,1,12/3/21,61.986111111111114,0.11785113019775789
98,98,149.35,C1,62,1.0,1,MM noC,PA14 WT,2,1,12/3/21,60.986111111111114,0.11785113019775789
99,99,224.037,C1,62,1.0,1,MM noC,PA14 WT,2,1,12/3/21,60.986111111111114,0.11785113019775789
101,101,74.668,C2,35,0.5,2,MM noC,PA14 WT,2,1,12/3/21,33.986111111111114,0.11785113019775789
102,102,149.35,C2,35,0.5,2,MM noC,PA14 WT,2,1,12/3/21,33.986111111111114,0.11785113019775789
103,103,224.037,C2,35,0.5,2,MM noC,PA14 WT,2,1,12/3/21,33.986111111111114,0.11785113019775789
105,105,74.668,C3,22,0.25,4,MM noC,PA14 WT,2,1,12/3/21,20.98611111111111,0.11785113019775789
106,106,149.35,C3,22,0.25,4,MM noC,PA14 WT,2,1,12/3/21,20.98611111111111,0.11785113019775789
107,107,224.037,C3,22,0.25,4,MM noC,PA14 WT,2,1,12/3/21,20.98611111111111,0.11785113019775789
109,109,74.668,C4,12,0.125,8,MM noC,PA14 WT,2,1,12/3/21,10.98611111111111,0.11785113019775789
110,110,149.35,C4,12,0.125,8,MM noC,PA14 WT,2,1,12/3/21,10.98611111111111,0.11785113019775789
111,111,224.037,C4,12,0.125,8,MM noC,PA14 WT,2,1,12/3/21,10.98611111111111,0.11785113019775789
113,113,74.668,C5,7,0.0625,16,MM noC,PA14 WT,2,1,12/3/21,5.986111111111111,0.11785113019775789
114,114,149.35,C5,7,0.0625,16,MM noC,PA14 WT,2,1,12/3/21,5.986111111111111,0.11785113019775789
115,115,224.037,C5,7,0.0625,16,MM noC,PA14 WT,2,1,12/3/21,5.986111111111111,0.11785113019775789
117,117,74.668,C6,4,0.03125,32,MM noC,PA14 WT,2,1,12/3/21,2.986111111111111,0.11785113019775789
118,118,149.35,C6,4,0.03125,32,MM noC,PA14 WT,2,1,12/3/21,2.986111111111111,0.11785113019775789
119,119,224.037,C6,4,0.03125,32,MM noC,PA14 WT,2,1,12/3/21,2.986111111111111,0.11785113019775789
121,121,74.668,C7,34,1.0,1,MM noC,PA14 dside,2,1,12/3/21,32.986111111111114,0.11785113019775789
122,122,149.35,C7,34,1.0,1,MM noC,PA14 dside,2,1,12/3/21,32.986111111111114,0.11785113019775789
123,123,224.037,C7,34,1.0,1,MM noC,PA14 dside,2,1,12/3/21,32.986111111111114,0.11785113019775789
125,125,74.668,C8,15,0.5,2,MM noC,PA14 dside,2,1,12/3/21,13.98611111111111,0.11785113019775789
126,126,149.35,C8,15,0.5,2,MM noC,PA14 dside,2,1,12/3/21,13.98611111111111,0.11785113019775789
127,127,224.037,C8,15,0.5,2,MM noC,PA14 dside,2,1,12/3/21,13.98611111111111,0.11785113019775789
129,129,74.668,C9,10,0.25,4,MM noC,PA14 dside,2,1,12/3/21,8.98611111111111,0.11785113019775789
130,130,149.35,C9,10,0.25,4,MM noC,PA14 dside,2,1,12/3/21,8.98611111111111,0.11785113019775789
131,131,224.037,C9,10,0.25,4,MM noC,PA14 dside,2,1,12/3/21,8.98611111111111,0.11785113019775789
133,133,74.668,C10,4,0.125,8,MM noC,PA14 dside,2,1,12/3/21,2.986111111111111,0.11785113019775789
134,134,149.35,C10,4,0.125,8,MM noC,PA14 dside,2,1,12/3/21,2.986111111111111,0.11785113019775789
135,135,224.037,C10,5,0.125,8,MM noC,PA14 dside,2,1,12/3/21,3.986111111111111,0.11785113019775789
137,137,74.668,C11,3,0.0625,16,MM noC,PA14 dside,2,1,12/3/21,1.9861111111111112,0.11785113019775789
138,138,149.35,C11,3,0.0625,16,MM noC,PA14 dside,2,1,12/3/21,1.9861111111111112,0.11785113019775789
139,139,224.037,C11,3,0.0625,16,MM noC,PA14 dside,2,1,12/3/21,1.9861111111111112,0.11785113019775789
141,141,74.668,C12,2,0.03125,32,MM noC,PA14 dside,2,1,12/3/21,0.9861111111111112,0.11785113019775789
142,142,149.35,C12,2,0.03125,32,MM noC,PA14 dside,2,1,12/3/21,0.9861111111111112,0.11785113019775789
143,143,224.037,C12,2,0.03125,32,MM noC,PA14 dside,2,1,12/3/21,0.9861111111111112,0.11785113019775789
145,145,74.668,D1,71,1.0,1,MM noC,PA14 WT,2,1,12/3/21,69.98611111111111,0.11785113019775789
146,146,149.35,D1,71,1.0,1,MM noC,PA14 WT,2,1,12/3/21,69.98611111111111,0.11785113019775789
147,147,224.037,D1,71,1.0,1,MM noC,PA14 WT,2,1,12/3/21,69.98611111111111,0.11785113019775789
149,149,74.668,D2,38,0.5,2,MM noC,PA14 WT,2,1,12/3/21,36.986111111111114,0.11785113019775789
150,150,149.35,D2,38,0.5,2,MM noC,PA14 WT,2,1,12/3/21,36.986111111111114,0.11785113019775789
151,151,224.037,D2,38,0.5,2,MM noC,PA14 WT,2,1,12/3/21,36.986111111111114,0.11785113019775789
153,153,74.668,D3,23,0.25,4,MM noC,PA14 WT,2,1,12/3/21,21.98611111111111,0.11785113019775789
154,154,149.35,D3,23,0.25,4,MM noC,PA14 WT,2,1,12/3/21,21.98611111111111,0.11785113019775789
155,155,224.037,D3,23,0.25,4,MM noC,PA14 WT,2,1,12/3/21,21.98611111111111,0.11785113019775789
157,157,74.668,D4,11,0.125,8,MM noC,PA14 WT,2,1,12/3/21,9.98611111111111,0.11785113019775789
158,158,149.35,D4,11,0.125,8,MM noC,PA14 WT,2,1,12/3/21,9.98611111111111,0.11785113019775789
159,159,224.037,D4,11,0.125,8,MM noC,PA14 WT,2,1,12/3/21,9.98611111111111,0.11785113019775789
161,161,74.668,D5,7,0.0625,16,MM noC,PA14 WT,2,1,12/3/21,5.986111111111111,0.11785113019775789
162,162,149.35,D5,7,0.0625,16,MM noC,PA14 WT,2,1,12/3/21,5.986111111111111,0.11785113019775789
163,163,224.037,D5,7,0.0625,16,MM noC,PA14 WT,2,1,12/3/21,5.986111111111111,0.11785113019775789
165,165,74.668,D6,4,0.03125,32,MM noC,PA14 WT,2,1,12/3/21,2.986111111111111,0.11785113019775789
166,166,149.35,D6,3,0.03125,32,MM noC,PA14 WT,2,1,12/3/21,1.9861111111111112,0.11785113019775789
167,167,224.037,D6,4,0.03125,32,MM noC,PA14 WT,2,1,12/3/21,2.986111111111111,0.11785113019775789
169,169,74.668,D7,33,1.0,1,MM noC,PA14 dside,2,1,12/3/21,31.98611111111111,0.11785113019775789
170,170,149.35,D7,33,1.0,1,MM noC,PA14 dside,2,1,12/3/21,31.98611111111111,0.11785113019775789
171,171,224.037,D7,33,1.0,1,MM noC,PA14 dside,2,1,12/3/21,31.98611111111111,0.11785113019775789
173,173,74.668,D8,16,0.5,2,MM noC,PA14 dside,2,1,12/3/21,14.98611111111111,0.11785113019775789
174,174,149.35,D8,17,0.5,2,MM noC,PA14 dside,2,1,12/3/21,15.98611111111111,0.11785113019775789
175,175,224.037,D8,17,0.5,2,MM noC,PA14 dside,2,1,12/3/21,15.98611111111111,0.11785113019775789
177,177,74.668,D9,9,0.25,4,MM noC,PA14 dside,2,1,12/3/21,7.986111111111111,0.11785113019775789
178,178,149.35,D9,9,0.25,4,MM noC,PA14 dside,2,1,12/3/21,7.986111111111111,0.11785113019775789
179,179,224.037,D9,9,0.25,4,MM noC,PA14 dside,2,1,12/3/21,7.986111111111111,0.11785113019775789
181,181,74.668,D10,5,0.125,8,MM noC,PA14 dside,2,1,12/3/21,3.986111111111111,0.11785113019775789
182,182,149.35,D10,5,0.125,8,MM noC,PA14 dside,2,1,12/3/21,3.986111111111111,0.11785113019775789
183,183,224.037,D10,5,0.125,8,MM noC,PA14 dside,2,1,12/3/21,3.986111111111111,0.11785113019775789
185,185,74.668,D11,3,0.0625,16,MM noC,PA14 dside,2,1,12/3/21,1.9861111111111112,0.11785113019775789
186,186,149.35,D11,3,0.0625,16,MM noC,PA14 dside,2,1,12/3/21,1.9861111111111112,0.11785113019775789
187,187,224.037,D11,3,0.0625,16,MM noC,PA14 dside,2,1,12/3/21,1.9861111111111112,0.11785113019775789
189,189,74.668,D12,2,0.03125,32,MM noC,PA14 dside,2,1,12/3/21,0.9861111111111112,0.11785113019775789
190,190,149.35,D12,2,0.03125,32,MM noC,PA14 dside,2,1,12/3/21,0.9861111111111112,0.11785113019775789
191,191,224.037,D12,2,0.03125,32,MM noC,PA14 dside,2,1,12/3/21,0.9861111111111112,0.11785113019775789
193,193,74.668,E1,15,1.0,1,MM noC,PA14 dphz,1,1,12/3/21,13.98611111111111,0.11785113019775789
194,194,149.35,E1,15,1.0,1,MM noC,PA14 dphz,1,1,12/3/21,13.98611111111111,0.11785113019775789
195,195,224.037,E1,15,1.0,1,MM noC,PA14 dphz,1,1,12/3/21,13.98611111111111,0.11785113019775789
197,197,74.668,E2,9,0.5,2,MM noC,PA14 dphz,1,1,12/3/21,7.986111111111111,0.11785113019775789
198,198,149.35,E2,9,0.5,2,MM noC,PA14 dphz,1,1,12/3/21,7.986111111111111,0.11785113019775789
199,199,224.037,E2,9,0.5,2,MM noC,PA14 dphz,1,1,12/3/21,7.986111111111111,0.11785113019775789
201,201,74.668,E3,5,0.25,4,MM noC,PA14 dphz,1,1,12/3/21,3.986111111111111,0.11785113019775789
202,202,149.35,E3,6,0.25,4,MM noC,PA14 dphz,1,1,12/3/21,4.986111111111111,0.11785113019775789
203,203,224.037,E3,5,0.25,4,MM noC,PA14 dphz,1,1,12/3/21,3.986111111111111,0.11785113019775789
205,205,74.668,E4,4,0.125,8,MM noC,PA14 dphz,1,1,12/3/21,2.986111111111111,0.11785113019775789
206,206,149.35,E4,4,0.125,8,MM noC,PA14 dphz,1,1,12/3/21,2.986111111111111,0.11785113019775789
207,207,224.037,E4,4,0.125,8,MM noC,PA14 dphz,1,1,12/3/21,2.986111111111111,0.11785113019775789
209,209,74.668,E5,2,0.0625,16,MM noC,PA14 dphz,1,1,12/3/21,0.9861111111111112,0.11785113019775789
210,210,149.35,E5,2,0.0625,16,MM noC,PA14 dphz,1,1,12/3/21,0.9861111111111112,0.11785113019775789
211,211,224.037,E5,2,0.0625,16,MM noC,PA14 dphz,1,1,12/3/21,0.9861111111111112,0.11785113019775789
213,213,74.668,E6,2,0.03125,32,MM noC,PA14 dphz,1,1,12/3/21,0.9861111111111112,0.11785113019775789
214,214,149.35,E6,2,0.03125,32,MM noC,PA14 dphz,1,1,12/3/21,0.9861111111111112,0.11785113019775789
215,215,224.037,E6,2,0.03125,32,MM noC,PA14 dphz,1,1,12/3/21,0.9861111111111112,0.11785113019775789
217,217,74.668,E7,14,1.0,1,MM noC,PA14 dphz dside,1,1,12/3/21,12.98611111111111,0.11785113019775789
218,218,149.35,E7,14,1.0,1,MM noC,PA14 dphz dside,1,1,12/3/21,12.98611111111111,0.11785113019775789
219,219,224.037,E7,14,1.0,1,MM noC,PA14 dphz dside,1,1,12/3/21,12.98611111111111,0.11785113019775789
221,221,74.668,E8,9,0.5,2,MM noC,PA14 dphz dside,1,1,12/3/21,7.986111111111111,0.11785113019775789
222,222,149.35,E8,9,0.5,2,MM noC,PA14 dphz dside,1,1,12/3/21,7.986111111111111,0.11785113019775789
223,223,224.037,E8,9,0.5,2,MM noC,PA14 dphz dside,1,1,12/3/21,7.986111111111111,0.11785113019775789
225,225,74.668,E9,5,0.25,4,MM noC,PA14 dphz dside,1,1,12/3/21,3.986111111111111,0.11785113019775789
226,226,149.35,E9,6,0.25,4,MM noC,PA14 dphz dside,1,1,12/3/21,4.986111111111111,0.11785113019775789
227,227,224.037,E9,6,0.25,4,MM noC,PA14 dphz dside,1,1,12/3/21,4.986111111111111,0.11785113019775789
229,229,74.668,E10,3,0.125,8,MM noC,PA14 dphz dside,1,1,12/3/21,1.9861111111111112,0.11785113019775789
230,230,149.35,E10,3,0.125,8,MM noC,PA14 dphz dside,1,1,12/3/21,1.9861111111111112,0.11785113019775789
231,231,224.037,E10,4,0.125,8,MM noC,PA14 dphz dside,1,1,12/3/21,2.986111111111111,0.11785113019775789
233,233,74.668,E11,2,0.0625,16,MM noC,PA14 dphz dside,1,1,12/3/21,0.9861111111111112,0.11785113019775789
234,234,149.35,E11,2,0.0625,16,MM noC,PA14 dphz dside,1,1,12/3/21,0.9861111111111112,0.11785113019775789
235,235,224.037,E11,2,0.0625,16,MM noC,PA14 dphz dside,1,1,12/3/21,0.9861111111111112,0.11785113019775789
237,237,74.668,E12,2,0.03125,32,MM noC,PA14 dphz dside,1,1,12/3/21,0.9861111111111112,0.11785113019775789
238,238,149.35,E12,2,0.03125,32,MM noC,PA14 dphz dside,1,1,12/3/21,0.9861111111111112,0.11785113019775789
239,239,224.037,E12,2,0.03125,32,MM noC,PA14 dphz dside,1,1,12/3/21,0.9861111111111112,0.11785113019775789
241,241,74.668,F1,18,1.0,1,MM noC,PA14 dphz,1,1,12/3/21,16.98611111111111,0.11785113019775789
242,242,149.35,F1,18,1.0,1,MM noC,PA14 dphz,1,1,12/3/21,16.98611111111111,0.11785113019775789
243,243,224.037,F1,17,1.0,1,MM noC,PA14 dphz,1,1,12/3/21,15.98611111111111,0.11785113019775789
245,245,74.668,F2,9,0.5,2,MM noC,PA14 dphz,1,1,12/3/21,7.986111111111111,0.11785113019775789
246,246,149.35,F2,10,0.5,2,MM noC,PA14 dphz,1,1,12/3/21,8.98611111111111,0.11785113019775789
247,247,224.037,F2,10,0.5,2,MM noC,PA14 dphz,1,1,12/3/21,8.98611111111111,0.11785113019775789
249,249,74.668,F3,5,0.25,4,MM noC,PA14 dphz,1,1,12/3/21,3.986111111111111,0.11785113019775789
250,250,149.35,F3,5,0.25,4,MM noC,PA14 dphz,1,1,12/3/21,3.986111111111111,0.11785113019775789
251,251,224.037,F3,5,0.25,4,MM noC,PA14 dphz,1,1,12/3/21,3.986111111111111,0.11785113019775789
253,253,74.668,F4,3,0.125,8,MM noC,PA14 dphz,1,1,12/3/21,1.9861111111111112,0.11785113019775789
254,254,149.35,F4,4,0.125,8,MM noC,PA14 dphz,1,1,12/3/21,2.986111111111111,0.11785113019775789
255,255,224.037,F4,4,0.125,8,MM noC,PA14 dphz,1,1,12/3/21,2.986111111111111,0.11785113019775789
257,257,74.668,F5,2,0.0625,16,MM noC,PA14 dphz,1,1,12/3/21,0.9861111111111112,0.11785113019775789
258,258,149.35,F5,2,0.0625,16,MM noC,PA14 dphz,1,1,12/3/21,0.9861111111111112,0.11785113019775789
259,259,224.037,F5,3,0.0625,16,MM noC,PA14 dphz,1,1,12/3/21,1.9861111111111112,0.11785113019775789
261,261,74.668,F6,1,0.03125,32,MM noC,PA14 dphz,1,1,12/3/21,-0.01388888888888884,0.11785113019775789
262,262,149.35,F6,2,0.03125,32,MM noC,PA14 dphz,1,1,12/3/21,0.9861111111111112,0.11785113019775789
263,263,224.037,F6,2,0.03125,32,MM noC,PA14 dphz,1,1,12/3/21,0.9861111111111112,0.11785113019775789
265,265,74.668,F7,16,1.0,1,MM noC,PA14 dphz dside,1,1,12/3/21,14.98611111111111,0.11785113019775789
266,266,149.35,F7,16,1.0,1,MM noC,PA14 dphz dside,1,1,12/3/21,14.98611111111111,0.11785113019775789
267,267,224.037,F7,16,1.0,1,MM noC,PA14 dphz dside,1,1,12/3/21,14.98611111111111,0.11785113019775789
269,269,74.668,F8,9,0.5,2,MM noC,PA14 dphz dside,1,1,12/3/21,7.986111111111111,0.11785113019775789
270,270,149.35,F8,9,0.5,2,MM noC,PA14 dphz dside,1,1,12/3/21,7.986111111111111,0.11785113019775789
271,271,224.037,F8,9,0.5,2,MM noC,PA14 dphz dside,1,1,12/3/21,7.986111111111111,0.11785113019775789
273,273,74.668,F9,5,0.25,4,MM noC,PA14 dphz dside,1,1,12/3/21,3.986111111111111,0.11785113019775789
274,274,149.35,F9,5,0.25,4,MM noC,PA14 dphz dside,1,1,12/3/21,3.986111111111111,0.11785113019775789
275,275,224.037,F9,5,0.25,4,MM noC,PA14 dphz dside,1,1,12/3/21,3.986111111111111,0.11785113019775789
277,277,74.668,F10,3,0.125,8,MM noC,PA14 dphz dside,1,1,12/3/21,1.9861111111111112,0.11785113019775789
278,278,149.35,F10,3,0.125,8,MM noC,PA14 dphz dside,1,1,12/3/21,1.9861111111111112,0.11785113019775789
279,279,224.037,F10,4,0.125,8,MM noC,PA14 dphz dside,1,1,12/3/21,2.986111111111111,0.11785113019775789
281,281,74.668,F11,2,0.0625,16,MM noC,PA14 dphz dside,1,1,12/3/21,0.9861111111111112,0.11785113019775789
282,282,149.35,F11,3,0.0625,16,MM noC,PA14 dphz dside,1,1,12/3/21,1.9861111111111112,0.11785113019775789
283,283,224.037,F11,3,0.0625,16,MM noC,PA14 dphz dside,1,1,12/3/21,1.9861111111111112,0.11785113019775789
285,285,74.668,F12,2,0.03125,32,MM noC,PA14 dphz dside,1,1,12/3/21,0.9861111111111112,0.11785113019775789
286,286,149.35,F12,2,0.03125,32,MM noC,PA14 dphz dside,1,1,12/3/21,0.9861111111111112,0.11785113019775789
287,287,224.037,F12,2,0.03125,32,MM noC,PA14 dphz dside,1,1,12/3/21,0.9861111111111112,0.11785113019775789
289,289,74.668,G1,13,1.0,1,MM noC,PA14 dphz,2,1,12/3/21,11.98611111111111,0.11785113019775789
290,290,149.35,G1,13,1.0,1,MM noC,PA14 dphz,2,1,12/3/21,11.98611111111111,0.11785113019775789
291,291,224.037,G1,13,1.0,1,MM noC,PA14 dphz,2,1,12/3/21,11.98611111111111,0.11785113019775789
293,293,74.668,G2,8,0.5,2,MM noC,PA14 dphz,2,1,12/3/21,6.986111111111111,0.11785113019775789
294,294,149.35,G2,8,0.5,2,MM noC,PA14 dphz,2,1,12/3/21,6.986111111111111,0.11785113019775789
295,295,224.037,G2,8,0.5,2,MM noC,PA14 dphz,2,1,12/3/21,6.986111111111111,0.11785113019775789
297,297,74.668,G3,5,0.25,4,MM noC,PA14 dphz,2,1,12/3/21,3.986111111111111,0.11785113019775789
298,298,149.35,G3,5,0.25,4,MM noC,PA14 dphz,2,1,12/3/21,3.986111111111111,0.11785113019775789
299,299,224.037,G3,5,0.25,4,MM noC,PA14 dphz,2,1,12/3/21,3.986111111111111,0.11785113019775789
301,301,74.668,G4,3,0.125,8,MM noC,PA14 dphz,2,1,12/3/21,1.9861111111111112,0.11785113019775789
302,302,149.35,G4,3,0.125,8,MM noC,PA14 dphz,2,1,12/3/21,1.9861111111111112,0.11785113019775789
303,303,224.037,G4,3,0.125,8,MM noC,PA14 dphz,2,1,12/3/21,1.9861111111111112,0.11785113019775789
305,305,74.668,G5,2,0.0625,16,MM noC,PA14 dphz,2,1,12/3/21,0.9861111111111112,0.11785113019775789
306,306,149.35,G5,2,0.0625,16,MM noC,PA14 dphz,2,1,12/3/21,0.9861111111111112,0.11785113019775789
307,307,224.037,G5,2,0.0625,16,MM noC,PA14 dphz,2,1,12/3/21,0.9861111111111112,0.11785113019775789
309,309,74.668,G6,2,0.03125,32,MM noC,PA14 dphz,2,1,12/3/21,0.9861111111111112,0.11785113019775789
310,310,149.35,G6,2,0.03125,32,MM noC,PA14 dphz,2,1,12/3/21,0.9861111111111112,0.11785113019775789
311,311,224.037,G6,2,0.03125,32,MM noC,PA14 dphz,2,1,12/3/21,0.9861111111111112,0.11785113019775789
313,313,74.668,G7,14,1.0,1,MM noC,PA14 dphz dside,2,1,12/3/21,12.98611111111111,0.11785113019775789
314,314,149.35,G7,14,1.0,1,MM noC,PA14 dphz dside,2,1,12/3/21,12.98611111111111,0.11785113019775789
315,315,224.037,G7,14,1.0,1,MM noC,PA14 dphz dside,2,1,12/3/21,12.98611111111111,0.11785113019775789
317,317,74.668,G8,8,0.5,2,MM noC,PA14 dphz dside,2,1,12/3/21,6.986111111111111,0.11785113019775789
318,318,149.35,G8,8,0.5,2,MM noC,PA14 dphz dside,2,1,12/3/21,6.986111111111111,0.11785113019775789
319,319,224.037,G8,8,0.5,2,MM noC,PA14 dphz dside,2,1,12/3/21,6.986111111111111,0.11785113019775789
321,321,74.668,G9,4,0.25,4,MM noC,PA14 dphz dside,2,1,12/3/21,2.986111111111111,0.11785113019775789
322,322,149.35,G9,5,0.25,4,MM noC,PA14 dphz dside,2,1,12/3/21,3.986111111111111,0.11785113019775789
323,323,224.037,G9,5,0.25,4,MM noC,PA14 dphz dside,2,1,12/3/21,3.986111111111111,0.11785113019775789
325,325,74.668,G10,3,0.125,8,MM noC,PA14 dphz dside,2,1,12/3/21,1.9861111111111112,0.11785113019775789
326,326,149.35,G10,3,0.125,8,MM noC,PA14 dphz dside,2,1,12/3/21,1.9861111111111112,0.11785113019775789
327,327,224.037,G10,4,0.125,8,MM noC,PA14 dphz dside,2,1,12/3/21,2.986111111111111,0.11785113019775789
329,329,74.668,G11,2,0.0625,16,MM noC,PA14 dphz dside,2,1,12/3/21,0.9861111111111112,0.11785113019775789
330,330,149.35,G11,2,0.0625,16,MM noC,PA14 dphz dside,2,1,12/3/21,0.9861111111111112,0.11785113019775789
331,331,224.037,G11,2,0.0625,16,MM noC,PA14 dphz dside,2,1,12/3/21,0.9861111111111112,0.11785113019775789
333,333,74.668,G12,2,0.03125,32,MM noC,PA14 dphz dside,2,1,12/3/21,0.9861111111111112,0.11785113019775789
334,334,149.35,G12,2,0.03125,32,MM noC,PA14 dphz dside,2,1,12/3/21,0.9861111111111112,0.11785113019775789
335,335,224.037,G12,2,0.03125,32,MM noC,PA14 dphz dside,2,1,12/3/21,0.9861111111111112,0.11785113019775789
337,337,74.668,H1,14,1.0,1,MM noC,PA14 dphz,2,1,12/3/21,12.98611111111111,0.11785113019775789
338,338,149.35,H1,14,1.0,1,MM noC,PA14 dphz,2,1,12/3/21,12.98611111111111,0.11785113019775789
339,339,224.037,H1,14,1.0,1,MM noC,PA14 dphz,2,1,12/3/21,12.98611111111111,0.11785113019775789
341,341,74.668,H2,7,0.5,2,MM noC,PA14 dphz,2,1,12/3/21,5.986111111111111,0.11785113019775789
342,342,149.35,H2,7,0.5,2,MM noC,PA14 dphz,2,1,12/3/21,5.986111111111111,0.11785113019775789
343,343,224.037,H2,8,0.5,2,MM noC,PA14 dphz,2,1,12/3/21,6.986111111111111,0.11785113019775789
345,345,74.668,H3,5,0.25,4,MM noC,PA14 dphz,2,1,12/3/21,3.986111111111111,0.11785113019775789
346,346,149.35,H3,5,0.25,4,MM noC,PA14 dphz,2,1,12/3/21,3.986111111111111,0.11785113019775789
347,347,224.037,H3,5,0.25,4,MM noC,PA14 dphz,2,1,12/3/21,3.986111111111111,0.11785113019775789
349,349,74.668,H4,3,0.125,8,MM noC,PA14 dphz,2,1,12/3/21,1.9861111111111112,0.11785113019775789
350,350,149.35,H4,3,0.125,8,MM noC,PA14 dphz,2,1,12/3/21,1.9861111111111112,0.11785113019775789
351,351,224.037,H4,4,0.125,8,MM noC,PA14 dphz,2,1,12/3/21,2.986111111111111,0.11785113019775789
353,353,74.668,H5,2,0.0625,16,MM noC,PA14 dphz,2,1,12/3/21,0.9861111111111112,0.11785113019775789
354,354,149.35,H5,3,0.0625,16,MM noC,PA14 dphz,2,1,12/3/21,1.9861111111111112,0.11785113019775789
355,355,224.037,H5,3,0.0625,16,MM noC,PA14 dphz,2,1,12/3/21,1.9861111111111112,0.11785113019775789
357,357,74.668,H6,2,0.03125,32,MM noC,PA14 dphz,2,1,12/3/21,0.9861111111111112,0.11785113019775789
358,358,149.35,H6,2,0.03125,32,MM noC,PA14 dphz,2,1,12/3/21,0.9861111111111112,0.11785113019775789
359,359,224.037,H6,2,0.03125,32,MM noC,PA14 dphz,2,1,12/3/21,0.9861111111111112,0.11785113019775789
361,361,74.668,H7,15,1.0,1,MM noC,PA14 dphz dside,2,1,12/3/21,13.98611111111111,0.11785113019775789
362,362,149.35,H7,16,1.0,1,MM noC,PA14 dphz dside,2,1,12/3/21,14.98611111111111,0.11785113019775789
363,363,224.037,H7,16,1.0,1,MM noC,PA14 dphz dside,2,1,12/3/21,14.98611111111111,0.11785113019775789
365,365,74.668,H8,8,0.5,2,MM noC,PA14 dphz dside,2,1,12/3/21,6.986111111111111,0.11785113019775789
366,366,149.35,H8,8,0.5,2,MM noC,PA14 dphz dside,2,1,12/3/21,6.986111111111111,0.11785113019775789
367,367,224.037,H8,8,0.5,2,MM noC,PA14 dphz dside,2,1,12/3/21,6.986111111111111,0.11785113019775789
369,369,74.668,H9,4,0.25,4,MM noC,PA14 dphz dside,2,1,12/3/21,2.986111111111111,0.11785113019775789
370,370,149.35,H9,5,0.25,4,MM noC,PA14 dphz dside,2,1,12/3/21,3.986111111111111,0.11785113019775789
371,371,224.037,H9,5,0.25,4,MM noC,PA14 dphz dside,2,1,12/3/21,3.986111111111111,0.11785113019775789
373,373,74.668,H10,3,0.125,8,MM noC,PA14 dphz dside,2,1,12/3/21,1.9861111111111112,0.11785113019775789
374,374,149.35,H10,4,0.125,8,MM noC,PA14 dphz dside,2,1,12/3/21,2.986111111111111,0.11785113019775789
375,375,224.037,H10,3,0.125,8,MM noC,PA14 dphz dside,2,1,12/3/21,1.9861111111111112,0.11785113019775789
377,377,74.668,H11,2,0.0625,16,MM noC,PA14 dphz dside,2,1,12/3/21,0.9861111111111112,0.11785113019775789
378,378,149.35,H11,3,0.0625,16,MM noC,PA14 dphz dside,2,1,12/3/21,1.9861111111111112,0.11785113019775789
379,379,224.037,H11,2,0.0625,16,MM noC,PA14 dphz dside,2,1,12/3/21,0.9861111111111112,0.11785113019775789
381,381,74.668,H12,2,0.03125,32,MM noC,PA14 dphz dside,2,1,12/3/21,0.9861111111111112,0.11785113019775789
382,382,149.35,H12,2,0.03125,32,MM noC,PA14 dphz dside,2,1,12/3/21,0.9861111111111112,0.11785113019775789
383,383,224.037,H12,2,0.03125,32,MM noC,PA14 dphz dside,2,1,12/3/21,0.9861111111111112,0.11785113019775789
385,1,74.675,A1,40,1.0,1,MM noC,EC WT,1,2,12/3/21,38.986111111111114,0.11785113019775789
386,2,149.365,A1,39,1.0,1,MM noC,EC WT,1,2,12/3/21,37.986111111111114,0.11785113019775789
387,3,224.044,A1,39,1.0,1,MM noC,EC WT,1,2,12/3/21,37.986111111111114,0.11785113019775789
389,5,74.675,A2,20,0.5,2,MM noC,EC WT,1,2,12/3/21,18.98611111111111,0.11785113019775789
390,6,149.365,A2,20,0.5,2,MM noC,EC WT,1,2,12/3/21,18.98611111111111,0.11785113019775789
391,7,224.044,A2,20,0.5,2,MM noC,EC WT,1,2,12/3/21,18.98611111111111,0.11785113019775789
393,9,74.675,A3,10,0.25,4,MM noC,EC WT,1,2,12/3/21,8.98611111111111,0.11785113019775789
394,10,149.365,A3,10,0.25,4,MM noC,EC WT,1,2,12/3/21,8.98611111111111,0.11785113019775789
395,11,224.044,A3,9,0.25,4,MM noC,EC WT,1,2,12/3/21,7.986111111111111,0.11785113019775789
397,13,74.675,A4,5,0.125,8,MM noC,EC WT,1,2,12/3/21,3.986111111111111,0.11785113019775789
398,14,149.365,A4,6,0.125,8,MM noC,EC WT,1,2,12/3/21,4.986111111111111,0.11785113019775789
399,15,224.044,A4,6,0.125,8,MM noC,EC WT,1,2,12/3/21,4.986111111111111,0.11785113019775789
401,17,74.675,A5,3,0.0625,16,MM noC,EC WT,1,2,12/3/21,1.9861111111111112,0.11785113019775789
402,18,149.365,A5,3,0.0625,16,MM noC,EC WT,1,2,12/3/21,1.9861111111111112,0.11785113019775789
403,19,224.044,A5,3,0.0625,16,MM noC,EC WT,1,2,12/3/21,1.9861111111111112,0.11785113019775789
405,21,74.675,A6,3,0.03125,32,MM noC,EC WT,1,2,12/3/21,1.9861111111111112,0.11785113019775789
406,22,149.365,A6,2,0.03125,32,MM noC,EC WT,1,2,12/3/21,0.9861111111111112,0.11785113019775789
407,23,224.044,A6,2,0.03125,32,MM noC,EC WT,1,2,12/3/21,0.9861111111111112,0.11785113019775789
409,25,74.675,A7,12,1.0,1,MM noC,BG dtox,1,2,12/3/21,10.98611111111111,0.11785113019775789
410,26,149.365,A7,12,1.0,1,MM noC,BG dtox,1,2,12/3/21,10.98611111111111,0.11785113019775789
411,27,224.044,A7,12,1.0,1,MM noC,BG dtox,1,2,12/3/21,10.98611111111111,0.11785113019775789
413,29,74.675,A8,7,0.5,2,MM noC,BG dtox,1,2,12/3/21,5.986111111111111,0.11785113019775789
414,30,149.365,A8,7,0.5,2,MM noC,BG dtox,1,2,12/3/21,5.986111111111111,0.11785113019775789
415,31,224.044,A8,7,0.5,2,MM noC,BG dtox,1,2,12/3/21,5.986111111111111,0.11785113019775789
417,33,74.675,A9,4,0.25,4,MM noC,BG dtox,1,2,12/3/21,2.986111111111111,0.11785113019775789
418,34,149.365,A9,4,0.25,4,MM noC,BG dtox,1,2,12/3/21,2.986111111111111,0.11785113019775789
419,35,224.044,A9,4,0.25,4,MM noC,BG dtox,1,2,12/3/21,2.986111111111111,0.11785113019775789
421,37,74.675,A10,3,0.125,8,MM noC,BG dtox,1,2,12/3/21,1.9861111111111112,0.11785113019775789
422,38,149.365,A10,3,0.125,8,MM noC,BG dtox,1,2,12/3/21,1.9861111111111112,0.11785113019775789
423,39,224.044,A10,3,0.125,8,MM noC,BG dtox,1,2,12/3/21,1.9861111111111112,0.11785113019775789
425,41,74.675,A11,2,0.0625,16,MM noC,BG dtox,1,2,12/3/21,0.9861111111111112,0.11785113019775789
426,42,149.365,A11,1,0.0625,16,MM noC,BG dtox,1,2,12/3/21,-0.01388888888888884,0.11785113019775789
427,43,224.044,A11,2,0.0625,16,MM noC,BG dtox,1,2,12/3/21,0.9861111111111112,0.11785113019775789
429,45,74.675,A12,1,0.03125,32,MM noC,BG dtox,1,2,12/3/21,-0.01388888888888884,0.11785113019775789
430,46,149.365,A12,1,0.03125,32,MM noC,BG dtox,1,2,12/3/21,-0.01388888888888884,0.11785113019775789
431,47,224.044,A12,1,0.03125,32,MM noC,BG dtox,1,2,12/3/21,-0.01388888888888884,0.11785113019775789
433,49,74.675,B1,41,1.0,1,MM noC,EC WT,1,2,12/3/21,39.986111111111114,0.11785113019775789
434,50,149.365,B1,41,1.0,1,MM noC,EC WT,1,2,12/3/21,39.986111111111114,0.11785113019775789
435,51,224.044,B1,40,1.0,1,MM noC,EC WT,1,2,12/3/21,38.986111111111114,0.11785113019775789
437,53,74.675,B2,20,0.5,2,MM noC,EC WT,1,2,12/3/21,18.98611111111111,0.11785113019775789
438,54,149.365,B2,20,0.5,2,MM noC,EC WT,1,2,12/3/21,18.98611111111111,0.11785113019775789
439,55,224.044,B2,20,0.5,2,MM noC,EC WT,1,2,12/3/21,18.98611111111111,0.11785113019775789
441,57,74.675,B3,11,0.25,4,MM noC,EC WT,1,2,12/3/21,9.98611111111111,0.11785113019775789
442,58,149.365,B3,11,0.25,4,MM noC,EC WT,1,2,12/3/21,9.98611111111111,0.11785113019775789
443,59,224.044,B3,12,0.25,4,MM noC,EC WT,1,2,12/3/21,10.98611111111111,0.11785113019775789
445,61,74.675,B4,6,0.125,8,MM noC,EC WT,1,2,12/3/21,4.986111111111111,0.11785113019775789
446,62,149.365,B4,6,0.125,8,MM noC,EC WT,1,2,12/3/21,4.986111111111111,0.11785113019775789
447,63,224.044,B4,6,0.125,8,MM noC,EC WT,1,2,12/3/21,4.986111111111111,0.11785113019775789
449,65,74.675,B5,4,0.0625,16,MM noC,EC WT,1,2,12/3/21,2.986111111111111,0.11785113019775789
450,66,149.365,B5,4,0.0625,16,MM noC,EC WT,1,2,12/3/21,2.986111111111111,0.11785113019775789
451,67,224.044,B5,4,0.0625,16,MM noC,EC WT,1,2,12/3/21,2.986111111111111,0.11785113019775789
453,69,74.675,B6,2,0.03125,32,MM noC,EC WT,1,2,12/3/21,0.9861111111111112,0.11785113019775789
454,70,149.365,B6,2,0.03125,32,MM noC,EC WT,1,2,12/3/21,0.9861111111111112,0.11785113019775789
455,71,224.044,B6,3,0.03125,32,MM noC,EC WT,1,2,12/3/21,1.9861111111111112,0.11785113019775789
457,73,74.675,B7,13,1.0,1,MM noC,BG dtox,1,2,12/3/21,11.98611111111111,0.11785113019775789
458,74,149.365,B7,12,1.0,1,MM noC,BG dtox,1,2,12/3/21,10.98611111111111,0.11785113019775789
459,75,224.044,B7,13,1.0,1,MM noC,BG dtox,1,2,12/3/21,11.98611111111111,0.11785113019775789
461,77,74.675,B8,8,0.5,2,MM noC,BG dtox,1,2,12/3/21,6.986111111111111,0.11785113019775789
462,78,149.365,B8,7,0.5,2,MM noC,BG dtox,1,2,12/3/21,5.986111111111111,0.11785113019775789
463,79,224.044,B8,7,0.5,2,MM noC,BG dtox,1,2,12/3/21,5.986111111111111,0.11785113019775789
465,81,74.675,B9,4,0.25,4,MM noC,BG dtox,1,2,12/3/21,2.986111111111111,0.11785113019775789
466,82,149.365,B9,4,0.25,4,MM noC,BG dtox,1,2,12/3/21,2.986111111111111,0.11785113019775789
467,83,224.044,B9,4,0.25,4,MM noC,BG dtox,1,2,12/3/21,2.986111111111111,0.11785113019775789
469,85,74.675,B10,2,0.125,8,MM noC,BG dtox,1,2,12/3/21,0.9861111111111112,0.11785113019775789
470,86,149.365,B10,2,0.125,8,MM noC,BG dtox,1,2,12/3/21,0.9861111111111112,0.11785113019775789
471,87,224.044,B10,3,0.125,8,MM noC,BG dtox,1,2,12/3/21,1.9861111111111112,0.11785113019775789
473,89,74.675,B11,1,0.0625,16,MM noC,BG dtox,1,2,12/3/21,-0.01388888888888884,0.11785113019775789
474,90,149.365,B11,2,0.0625,16,MM noC,BG dtox,1,2,12/3/21,0.9861111111111112,0.11785113019775789
475,91,224.044,B11,2,0.0625,16,MM noC,BG dtox,1,2,12/3/21,0.9861111111111112,0.11785113019775789
477,93,74.675,B12,1,0.03125,32,MM noC,BG dtox,1,2,12/3/21,-0.01388888888888884,0.11785113019775789
478,94,149.365,B12,1,0.03125,32,MM noC,BG dtox,1,2,12/3/21,-0.01388888888888884,0.11785113019775789
479,95,224.044,B12,1,0.03125,32,MM noC,BG dtox,1,2,12/3/21,-0.01388888888888884,0.11785113019775789
481,97,74.675,C1,39,1.0,1,MM noC,EC WT,2,2,12/3/21,37.986111111111114,0.11785113019775789
482,98,149.365,C1,38,1.0,1,MM noC,EC WT,2,2,12/3/21,36.986111111111114,0.11785113019775789
483,99,224.044,C1,39,1.0,1,MM noC,EC WT,2,2,12/3/21,37.986111111111114,0.11785113019775789
485,101,74.675,C2,21,0.5,2,MM noC,EC WT,2,2,12/3/21,19.98611111111111,0.11785113019775789
486,102,149.365,C2,21,0.5,2,MM noC,EC WT,2,2,12/3/21,19.98611111111111,0.11785113019775789
487,103,224.044,C2,21,0.5,2,MM noC,EC WT,2,2,12/3/21,19.98611111111111,0.11785113019775789
489,105,74.675,C3,9,0.25,4,MM noC,EC WT,2,2,12/3/21,7.986111111111111,0.11785113019775789
490,106,149.365,C3,9,0.25,4,MM noC,EC WT,2,2,12/3/21,7.986111111111111,0.11785113019775789
491,107,224.044,C3,10,0.25,4,MM noC,EC WT,2,2,12/3/21,8.98611111111111,0.11785113019775789
493,109,74.675,C4,5,0.125,8,MM noC,EC WT,2,2,12/3/21,3.986111111111111,0.11785113019775789
494,110,149.365,C4,5,0.125,8,MM noC,EC WT,2,2,12/3/21,3.986111111111111,0.11785113019775789
495,111,224.044,C4,5,0.125,8,MM noC,EC WT,2,2,12/3/21,3.986111111111111,0.11785113019775789
497,113,74.675,C5,3,0.0625,16,MM noC,EC WT,2,2,12/3/21,1.9861111111111112,0.11785113019775789
498,114,149.365,C5,4,0.0625,16,MM noC,EC WT,2,2,12/3/21,2.986111111111111,0.11785113019775789
499,115,224.044,C5,3,0.0625,16,MM noC,EC WT,2,2,12/3/21,1.9861111111111112,0.11785113019775789
501,117,74.675,C6,2,0.03125,32,MM noC,EC WT,2,2,12/3/21,0.9861111111111112,0.11785113019775789
502,118,149.365,C6,2,0.03125,32,MM noC,EC WT,2,2,12/3/21,0.9861111111111112,0.11785113019775789
503,119,224.044,C6,2,0.03125,32,MM noC,EC WT,2,2,12/3/21,0.9861111111111112,0.11785113019775789
505,121,74.675,C7,12,1.0,1,MM noC,BG dtox,2,2,12/3/21,10.98611111111111,0.11785113019775789
506,122,149.365,C7,12,1.0,1,MM noC,BG dtox,2,2,12/3/21,10.98611111111111,0.11785113019775789
507,123,224.044,C7,13,1.0,1,MM noC,BG dtox,2,2,12/3/21,11.98611111111111,0.11785113019775789
509,125,74.675,C8,7,0.5,2,MM noC,BG dtox,2,2,12/3/21,5.986111111111111,0.11785113019775789
510,126,149.365,C8,8,0.5,2,MM noC,BG dtox,2,2,12/3/21,6.986111111111111,0.11785113019775789
511,127,224.044,C8,8,0.5,2,MM noC,BG dtox,2,2,12/3/21,6.986111111111111,0.11785113019775789
513,129,74.675,C9,5,0.25,4,MM noC,BG dtox,2,2,12/3/21,3.986111111111111,0.11785113019775789
514,130,149.365,C9,4,0.25,4,MM noC,BG dtox,2,2,12/3/21,2.986111111111111,0.11785113019775789
515,131,224.044,C9,5,0.25,4,MM noC,BG dtox,2,2,12/3/21,3.986111111111111,0.11785113019775789
517,133,74.675,C10,2,0.125,8,MM noC,BG dtox,2,2,12/3/21,0.9861111111111112,0.11785113019775789
518,134,149.365,C10,3,0.125,8,MM noC,BG dtox,2,2,12/3/21,1.9861111111111112,0.11785113019775789
519,135,224.044,C10,3,0.125,8,MM noC,BG dtox,2,2,12/3/21,1.9861111111111112,0.11785113019775789
521,137,74.675,C11,2,0.0625,16,MM noC,BG dtox,2,2,12/3/21,0.9861111111111112,0.11785113019775789
522,138,149.365,C11,2,0.0625,16,MM noC,BG dtox,2,2,12/3/21,0.9861111111111112,0.11785113019775789
523,139,224.044,C11,2,0.0625,16,MM noC,BG dtox,2,2,12/3/21,0.9861111111111112,0.11785113019775789
525,141,74.675,C12,1,0.03125,32,MM noC,BG dtox,2,2,12/3/21,-0.01388888888888884,0.11785113019775789
526,142,149.365,C12,1,0.03125,32,MM noC,BG dtox,2,2,12/3/21,-0.01388888888888884,0.11785113019775789
527,143,224.044,C12,2,0.03125,32,MM noC,BG dtox,2,2,12/3/21,0.9861111111111112,0.11785113019775789
529,145,74.675,D1,40,1.0,1,MM noC,EC WT,2,2,12/3/21,38.986111111111114,0.11785113019775789
530,146,149.365,D1,41,1.0,1,MM noC,EC WT,2,2,12/3/21,39.986111111111114,0.11785113019775789
531,147,224.044,D1,41,1.0,1,MM noC,EC WT,2,2,12/3/21,39.986111111111114,0.11785113019775789
533,149,74.675,D2,20,0.5,2,MM noC,EC WT,2,2,12/3/21,18.98611111111111,0.11785113019775789
534,150,149.365,D2,21,0.5,2,MM noC,EC WT,2,2,12/3/21,19.98611111111111,0.11785113019775789
535,151,224.044,D2,21,0.5,2,MM noC,EC WT,2,2,12/3/21,19.98611111111111,0.11785113019775789
537,153,74.675,D3,11,0.25,4,MM noC,EC WT,2,2,12/3/21,9.98611111111111,0.11785113019775789
538,154,149.365,D3,11,0.25,4,MM noC,EC WT,2,2,12/3/21,9.98611111111111,0.11785113019775789
539,155,224.044,D3,11,0.25,4,MM noC,EC WT,2,2,12/3/21,9.98611111111111,0.11785113019775789
541,157,74.675,D4,5,0.125,8,MM noC,EC WT,2,2,12/3/21,3.986111111111111,0.11785113019775789
542,158,149.365,D4,5,0.125,8,MM noC,EC WT,2,2,12/3/21,3.986111111111111,0.11785113019775789
543,159,224.044,D4,5,0.125,8,MM noC,EC WT,2,2,12/3/21,3.986111111111111,0.11785113019775789
545,161,74.675,D5,4,0.0625,16,MM noC,EC WT,2,2,12/3/21,2.986111111111111,0.11785113019775789
546,162,149.365,D5,4,0.0625,16,MM noC,EC WT,2,2,12/3/21,2.986111111111111,0.11785113019775789
547,163,224.044,D5,4,0.0625,16,MM noC,EC WT,2,2,12/3/21,2.986111111111111,0.11785113019775789
549,165,74.675,D6,3,0.03125,32,MM noC,EC WT,2,2,12/3/21,1.9861111111111112,0.11785113019775789
550,166,149.365,D6,2,0.03125,32,MM noC,EC WT,2,2,12/3/21,0.9861111111111112,0.11785113019775789
551,167,224.044,D6,2,0.03125,32,MM noC,EC WT,2,2,12/3/21,0.9861111111111112,0.11785113019775789
553,169,74.675,D7,14,1.0,1,MM noC,BG dtox,2,2,12/3/21,12.98611111111111,0.11785113019775789
554,170,149.365,D7,14,1.0,1,MM noC,BG dtox,2,2,12/3/21,12.98611111111111,0.11785113019775789
555,171,224.044,D7,13,1.0,1,MM noC,BG dtox,2,2,12/3/21,11.98611111111111,0.11785113019775789
557,173,74.675,D8,8,0.5,2,MM noC,BG dtox,2,2,12/3/21,6.986111111111111,0.11785113019775789
558,174,149.365,D8,7,0.5,2,MM noC,BG dtox,2,2,12/3/21,5.986111111111111,0.11785113019775789
559,175,224.044,D8,8,0.5,2,MM noC,BG dtox,2,2,12/3/21,6.986111111111111,0.11785113019775789
561,177,74.675,D9,4,0.25,4,MM noC,BG dtox,2,2,12/3/21,2.986111111111111,0.11785113019775789
562,178,149.365,D9,4,0.25,4,MM noC,BG dtox,2,2,12/3/21,2.986111111111111,0.11785113019775789
563,179,224.044,D9,4,0.25,4,MM noC,BG dtox,2,2,12/3/21,2.986111111111111,0.11785113019775789
565,181,74.675,D10,3,0.125,8,MM noC,BG dtox,2,2,12/3/21,1.9861111111111112,0.11785113019775789
566,182,149.365,D10,3,0.125,8,MM noC,BG dtox,2,2,12/3/21,1.9861111111111112,0.11785113019775789
567,183,224.044,D10,3,0.125,8,MM noC,BG dtox,2,2,12/3/21,1.9861111111111112,0.11785113019775789
569,185,74.675,D11,2,0.0625,16,MM noC,BG dtox,2,2,12/3/21,0.9861111111111112,0.11785113019775789
570,186,149.365,D11,2,0.0625,16,MM noC,BG dtox,2,2,12/3/21,0.9861111111111112,0.11785113019775789
571,187,224.044,D11,2,0.0625,16,MM noC,BG dtox,2,2,12/3/21,0.9861111111111112,0.11785113019775789
573,189,74.675,D12,1,0.03125,32,MM noC,BG dtox,2,2,12/3/21,-0.01388888888888884,0.11785113019775789
574,190,149.365,D12,1,0.03125,32,MM noC,BG dtox,2,2,12/3/21,-0.01388888888888884,0.11785113019775789
575,191,224.044,D12,2,0.03125,32,MM noC,BG dtox,2,2,12/3/21,0.9861111111111112,0.11785113019775789
577,193,74.675,E1,13,1.0,1,MM noC,BG WT,1,2,12/3/21,11.98611111111111,0.11785113019775789
578,194,149.365,E1,14,1.0,1,MM noC,BG WT,1,2,12/3/21,12.98611111111111,0.11785113019775789
579,195,224.044,E1,14,1.0,1,MM noC,BG WT,1,2,12/3/21,12.98611111111111,0.11785113019775789
581,197,74.675,E2,8,0.5,2,MM noC,BG WT,1,2,12/3/21,6.986111111111111,0.11785113019775789
582,198,149.365,E2,8,0.5,2,MM noC,BG WT,1,2,12/3/21,6.986111111111111,0.11785113019775789
583,199,224.044,E2,8,0.5,2,MM noC,BG WT,1,2,12/3/21,6.986111111111111,0.11785113019775789
585,201,74.675,E3,5,0.25,4,MM noC,BG WT,1,2,12/3/21,3.986111111111111,0.11785113019775789
586,202,149.365,E3,5,0.25,4,MM noC,BG WT,1,2,12/3/21,3.986111111111111,0.11785113019775789
587,203,224.044,E3,5,0.25,4,MM noC,BG WT,1,2,12/3/21,3.986111111111111,0.11785113019775789
589,205,74.675,E4,3,0.125,8,MM noC,BG WT,1,2,12/3/21,1.9861111111111112,0.11785113019775789
590,206,149.365,E4,3,0.125,8,MM noC,BG WT,1,2,12/3/21,1.9861111111111112,0.11785113019775789
591,207,224.044,E4,3,0.125,8,MM noC,BG WT,1,2,12/3/21,1.9861111111111112,0.11785113019775789
593,209,74.675,E5,2,0.0625,16,MM noC,BG WT,1,2,12/3/21,0.9861111111111112,0.11785113019775789
594,210,149.365,E5,2,0.0625,16,MM noC,BG WT,1,2,12/3/21,0.9861111111111112,0.11785113019775789
595,211,224.044,E5,2,0.0625,16,MM noC,BG WT,1,2,12/3/21,0.9861111111111112,0.11785113019775789
597,213,74.675,E6,1,0.03125,32,MM noC,BG WT,1,2,12/3/21,-0.01388888888888884,0.11785113019775789
598,214,149.365,E6,2,0.03125,32,MM noC,BG WT,1,2,12/3/21,0.9861111111111112,0.11785113019775789
599,215,224.044,E6,2,0.03125,32,MM noC,BG WT,1,2,12/3/21,0.9861111111111112,0.11785113019775789
601,217,74.675,E7,1,1.0,1,MM noC,BLANK,1,2,12/3/21,-0.01388888888888884,0.11785113019775789
602,218,149.365,E7,1,1.0,1,MM noC,BLANK,1,2,12/3/21,-0.01388888888888884,0.11785113019775789
603,219,224.044,E7,1,1.0,1,MM noC,BLANK,1,2,12/3/21,-0.01388888888888884,0.11785113019775789
605,221,74.675,E8,1,1.0,1,MM noC,BLANK,1,2,12/3/21,-0.01388888888888884,0.11785113019775789
606,222,149.365,E8,1,1.0,1,MM noC,BLANK,1,2,12/3/21,-0.01388888888888884,0.11785113019775789
607,223,224.044,E8,1,1.0,1,MM noC,BLANK,1,2,12/3/21,-0.01388888888888884,0.11785113019775789
609,225,74.675,E9,1,1.0,1,MM noC,BLANK,1,2,12/3/21,-0.01388888888888884,0.11785113019775789
610,226,149.365,E9,1,1.0,1,MM noC,BLANK,1,2,12/3/21,-0.01388888888888884,0.11785113019775789
611,227,224.044,E9,1,1.0,1,MM noC,BLANK,1,2,12/3/21,-0.01388888888888884,0.11785113019775789
613,229,74.675,E10,1,1.0,1,MM noC,BLANK,1,2,12/3/21,-0.01388888888888884,0.11785113019775789
614,230,149.365,E10,1,1.0,1,MM noC,BLANK,1,2,12/3/21,-0.01388888888888884,0.11785113019775789
615,231,224.044,E10,1,1.0,1,MM noC,BLANK,1,2,12/3/21,-0.01388888888888884,0.11785113019775789
617,233,74.675,E11,1,1.0,1,MM noC,BLANK,1,2,12/3/21,-0.01388888888888884,0.11785113019775789
618,234,149.365,E11,1,1.0,1,MM noC,BLANK,1,2,12/3/21,-0.01388888888888884,0.11785113019775789
619,235,224.044,E11,1,1.0,1,MM noC,BLANK,1,2,12/3/21,-0.01388888888888884,0.11785113019775789
621,237,74.675,E12,1,1.0,1,MM noC,BLANK,1,2,12/3/21,-0.01388888888888884,0.11785113019775789
622,238,149.365,E12,1,1.0,1,MM noC,BLANK,1,2,12/3/21,-0.01388888888888884,0.11785113019775789
623,239,224.044,E12,2,1.0,1,MM noC,BLANK,1,2,12/3/21,0.9861111111111112,0.11785113019775789
625,241,74.675,F1,16,1.0,1,MM noC,BG WT,1,2,12/3/21,14.98611111111111,0.11785113019775789
626,242,149.365,F1,16,1.0,1,MM noC,BG WT,1,2,12/3/21,14.98611111111111,0.11785113019775789
627,243,224.044,F1,16,1.0,1,MM noC,BG WT,1,2,12/3/21,14.98611111111111,0.11785113019775789
629,245,74.675,F2,8,0.5,2,MM noC,BG WT,1,2,12/3/21,6.986111111111111,0.11785113019775789
630,246,149.365,F2,8,0.5,2,MM noC,BG WT,1,2,12/3/21,6.986111111111111,0.11785113019775789
631,247,224.044,F2,9,0.5,2,MM noC,BG WT,1,2,12/3/21,7.986111111111111,0.11785113019775789
633,249,74.675,F3,5,0.25,4,MM noC,BG WT,1,2,12/3/21,3.986111111111111,0.11785113019775789
634,250,149.365,F3,5,0.25,4,MM noC,BG WT,1,2,12/3/21,3.986111111111111,0.11785113019775789
635,251,224.044,F3,6,0.25,4,MM noC,BG WT,1,2,12/3/21,4.986111111111111,0.11785113019775789
637,253,74.675,F4,2,0.125,8,MM noC,BG WT,1,2,12/3/21,0.9861111111111112,0.11785113019775789
638,254,149.365,F4,3,0.125,8,MM noC,BG WT,1,2,12/3/21,1.9861111111111112,0.11785113019775789
639,255,224.044,F4,3,0.125,8,MM noC,BG WT,1,2,12/3/21,1.9861111111111112,0.11785113019775789
641,257,74.675,F5,2,0.0625,16,MM noC,BG WT,1,2,12/3/21,0.9861111111111112,0.11785113019775789
642,258,149.365,F5,2,0.0625,16,MM noC,BG WT,1,2,12/3/21,0.9861111111111112,0.11785113019775789
643,259,224.044,F5,2,0.0625,16,MM noC,BG WT,1,2,12/3/21,0.9861111111111112,0.11785113019775789
645,261,74.675,F6,1,0.03125,32,MM noC,BG WT,1,2,12/3/21,-0.01388888888888884,0.11785113019775789
646,262,149.365,F6,2,0.03125,32,MM noC,BG WT,1,2,12/3/21,0.9861111111111112,0.11785113019775789
647,263,224.044,F6,2,0.03125,32,MM noC,BG WT,1,2,12/3/21,0.9861111111111112,0.11785113019775789
649,265,74.675,F7,1,1.0,1,MM noC,BLANK,1,2,12/3/21,-0.01388888888888884,0.11785113019775789
650,266,149.365,F7,1,1.0,1,MM noC,BLANK,1,2,12/3/21,-0.01388888888888884,0.11785113019775789
651,267,224.044,F7,1,1.0,1,MM noC,BLANK,1,2,12/3/21,-0.01388888888888884,0.11785113019775789
653,269,74.675,F8,1,1.0,1,MM noC,BLANK,1,2,12/3/21,-0.01388888888888884,0.11785113019775789
654,270,149.365,F8,1,1.0,1,MM noC,BLANK,1,2,12/3/21,-0.01388888888888884,0.11785113019775789
655,271,224.044,F8,1,1.0,1,MM noC,BLANK,1,2,12/3/21,-0.01388888888888884,0.11785113019775789
657,273,74.675,F9,1,1.0,1,MM noC,BLANK,1,2,12/3/21,-0.01388888888888884,0.11785113019775789
658,274,149.365,F9,1,1.0,1,MM noC,BLANK,1,2,12/3/21,-0.01388888888888884,0.11785113019775789
659,275,224.044,F9,1,1.0,1,MM noC,BLANK,1,2,12/3/21,-0.01388888888888884,0.11785113019775789
661,277,74.675,F10,1,1.0,1,MM noC,BLANK,1,2,12/3/21,-0.01388888888888884,0.11785113019775789
662,278,149.365,F10,1,1.0,1,MM noC,BLANK,1,2,12/3/21,-0.01388888888888884,0.11785113019775789
663,279,224.044,F10,1,1.0,1,MM noC,BLANK,1,2,12/3/21,-0.01388888888888884,0.11785113019775789
665,281,74.675,F11,1,1.0,1,MM noC,BLANK,1,2,12/3/21,-0.01388888888888884,0.11785113019775789
666,282,149.365,F11,1,1.0,1,MM noC,BLANK,1,2,12/3/21,-0.01388888888888884,0.11785113019775789
667,283,224.044,F11,1,1.0,1,MM noC,BLANK,1,2,12/3/21,-0.01388888888888884,0.11785113019775789
669,285,74.675,F12,1,1.0,1,MM noC,BLANK,1,2,12/3/21,-0.01388888888888884,0.11785113019775789
670,286,149.365,F12,1,1.0,1,MM noC,BLANK,1,2,12/3/21,-0.01388888888888884,0.11785113019775789
671,287,224.044,F12,1,1.0,1,MM noC,BLANK,1,2,12/3/21,-0.01388888888888884,0.11785113019775789
673,289,74.675,G1,14,1.0,1,MM noC,BG WT,2,2,12/3/21,12.98611111111111,0.11785113019775789
674,290,149.365,G1,14,1.0,1,MM noC,BG WT,2,2,12/3/21,12.98611111111111,0.11785113019775789
675,291,224.044,G1,14,1.0,1,MM noC,BG WT,2,2,12/3/21,12.98611111111111,0.11785113019775789
677,293,74.675,G2,8,0.5,2,MM noC,BG WT,2,2,12/3/21,6.986111111111111,0.11785113019775789
678,294,149.365,G2,9,0.5,2,MM noC,BG WT,2,2,12/3/21,7.986111111111111,0.11785113019775789
679,295,224.044,G2,9,0.5,2,MM noC,BG WT,2,2,12/3/21,7.986111111111111,0.11785113019775789
681,297,74.675,G3,4,0.25,4,MM noC,BG WT,2,2,12/3/21,2.986111111111111,0.11785113019775789
682,298,149.365,G3,4,0.25,4,MM noC,BG WT,2,2,12/3/21,2.986111111111111,0.11785113019775789
683,299,224.044,G3,5,0.25,4,MM noC,BG WT,2,2,12/3/21,3.986111111111111,0.11785113019775789
685,301,74.675,G4,3,0.125,8,MM noC,BG WT,2,2,12/3/21,1.9861111111111112,0.11785113019775789
686,302,149.365,G4,3,0.125,8,MM noC,BG WT,2,2,12/3/21,1.9861111111111112,0.11785113019775789
687,303,224.044,G4,3,0.125,8,MM noC,BG WT,2,2,12/3/21,1.9861111111111112,0.11785113019775789
689,305,74.675,G5,2,0.0625,16,MM noC,BG WT,2,2,12/3/21,0.9861111111111112,0.11785113019775789
690,306,149.365,G5,2,0.0625,16,MM noC,BG WT,2,2,12/3/21,0.9861111111111112,0.11785113019775789
691,307,224.044,G5,2,0.0625,16,MM noC,BG WT,2,2,12/3/21,0.9861111111111112,0.11785113019775789
693,309,74.675,G6,1,0.03125,32,MM noC,BG WT,2,2,12/3/21,-0.01388888888888884,0.11785113019775789
694,310,149.365,G6,2,0.03125,32,MM noC,BG WT,2,2,12/3/21,0.9861111111111112,0.11785113019775789
695,311,224.044,G6,2,0.03125,32,MM noC,BG WT,2,2,12/3/21,0.9861111111111112,0.11785113019775789
697,313,74.675,G7,1,1.0,1,MM noC,BLANK,1,2,12/3/21,-0.01388888888888884,0.11785113019775789
698,314,149.365,G7,1,1.0,1,MM noC,BLANK,1,2,12/3/21,-0.01388888888888884,0.11785113019775789
699,315,224.044,G7,1,1.0,1,MM noC,BLANK,1,2,12/3/21,-0.01388888888888884,0.11785113019775789
701,317,74.675,G8,1,1.0,1,MM noC,BLANK,1,2,12/3/21,-0.01388888888888884,0.11785113019775789
702,318,149.365,G8,1,1.0,1,MM noC,BLANK,1,2,12/3/21,-0.01388888888888884,0.11785113019775789
703,319,224.044,G8,1,1.0,1,MM noC,BLANK,1,2,12/3/21,-0.01388888888888884,0.11785113019775789
705,321,74.675,G9,1,1.0,1,MM noC,BLANK,1,2,12/3/21,-0.01388888888888884,0.11785113019775789
706,322,149.365,G9,1,1.0,1,MM noC,BLANK,1,2,12/3/21,-0.01388888888888884,0.11785113019775789
707,323,224.044,G9,1,1.0,1,MM noC,BLANK,1,2,12/3/21,-0.01388888888888884,0.11785113019775789
709,325,74.675,G10,1,1.0,1,MM noC,BLANK,1,2,12/3/21,-0.01388888888888884,0.11785113019775789
710,326,149.365,G10,1,1.0,1,MM noC,BLANK,1,2,12/3/21,-0.01388888888888884,0.11785113019775789
711,327,224.044,G10,1,1.0,1,MM noC,BLANK,1,2,12/3/21,-0.01388888888888884,0.11785113019775789
713,329,74.675,G11,1,1.0,1,MM noC,BLANK,1,2,12/3/21,-0.01388888888888884,0.11785113019775789
714,330,149.365,G11,1,1.0,1,MM noC,BLANK,1,2,12/3/21,-0.01388888888888884,0.11785113019775789
715,331,224.044,G11,1,1.0,1,MM noC,BLANK,1,2,12/3/21,-0.01388888888888884,0.11785113019775789
717,333,74.675,G12,1,1.0,1,MM noC,BLANK,1,2,12/3/21,-0.01388888888888884,0.11785113019775789
718,334,149.365,G12,1,1.0,1,MM noC,BLANK,1,2,12/3/21,-0.01388888888888884,0.11785113019775789
719,335,224.044,G12,1,1.0,1,MM noC,BLANK,1,2,12/3/21,-0.01388888888888884,0.11785113019775789
721,337,74.675,H1,15,1.0,1,MM noC,BG WT,2,2,12/3/21,13.98611111111111,0.11785113019775789
722,338,149.365,H1,15,1.0,1,MM noC,BG WT,2,2,12/3/21,13.98611111111111,0.11785113019775789
723,339,224.044,H1,15,1.0,1,MM noC,BG WT,2,2,12/3/21,13.98611111111111,0.11785113019775789
725,341,74.675,H2,9,0.5,2,MM noC,BG WT,2,2,12/3/21,7.986111111111111,0.11785113019775789
726,342,149.365,H2,9,0.5,2,MM noC,BG WT,2,2,12/3/21,7.986111111111111,0.11785113019775789
727,343,224.044,H2,9,0.5,2,MM noC,BG WT,2,2,12/3/21,7.986111111111111,0.11785113019775789
729,345,74.675,H3,5,0.25,4,MM noC,BG WT,2,2,12/3/21,3.986111111111111,0.11785113019775789
730,346,149.365,H3,5,0.25,4,MM noC,BG WT,2,2,12/3/21,3.986111111111111,0.11785113019775789
731,347,224.044,H3,5,0.25,4,MM noC,BG WT,2,2,12/3/21,3.986111111111111,0.11785113019775789
733,349,74.675,H4,3,0.125,8,MM noC,BG WT,2,2,12/3/21,1.9861111111111112,0.11785113019775789
734,350,149.365,H4,2,0.125,8,MM noC,BG WT,2,2,12/3/21,0.9861111111111112,0.11785113019775789
735,351,224.044,H4,3,0.125,8,MM noC,BG WT,2,2,12/3/21,1.9861111111111112,0.11785113019775789
737,353,74.675,H5,2,0.0625,16,MM noC,BG WT,2,2,12/3/21,0.9861111111111112,0.11785113019775789
738,354,149.365,H5,2,0.0625,16,MM noC,BG WT,2,2,12/3/21,0.9861111111111112,0.11785113019775789
739,355,224.044,H5,2,0.0625,16,MM noC,BG WT,2,2,12/3/21,0.9861111111111112,0.11785113019775789
741,357,74.675,H6,2,0.03125,32,MM noC,BG WT,2,2,12/3/21,0.9861111111111112,0.11785113019775789
742,358,149.365,H6,1,0.03125,32,MM noC,BG WT,2,2,12/3/21,-0.01388888888888884,0.11785113019775789
743,359,224.044,H6,2,0.03125,32,MM noC,BG WT,2,2,12/3/21,0.9861111111111112,0.11785113019775789
745,361,74.675,H7,1,1.0,1,MM noC,BLANK,1,2,12/3/21,-0.01388888888888884,0.11785113019775789
746,362,149.365,H7,1,1.0,1,MM noC,BLANK,1,2,12/3/21,-0.01388888888888884,0.11785113019775789
747,363,224.044,H7,1,1.0,1,MM noC,BLANK,1,2,12/3/21,-0.01388888888888884,0.11785113019775789
749,365,74.675,H8,1,1.0,1,MM noC,BLANK,1,2,12/3/21,-0.01388888888888884,0.11785113019775789
750,366,149.365,H8,1,1.0,1,MM noC,BLANK,1,2,12/3/21,-0.01388888888888884,0.11785113019775789
751,367,224.044,H8,1,1.0,1,MM noC,BLANK,1,2,12/3/21,-0.01388888888888884,0.11785113019775789
753,369,74.675,H9,1,1.0,1,MM noC,BLANK,1,2,12/3/21,-0.01388888888888884,0.11785113019775789
754,370,149.365,H9,1,1.0,1,MM noC,BLANK,1,2,12/3/21,-0.01388888888888884,0.11785113019775789
755,371,224.044,H9,1,1.0,1,MM noC,BLANK,1,2,12/3/21,-0.01388888888888884,0.11785113019775789
757,373,74.675,H10,1,1.0,1,MM noC,BLANK,1,2,12/3/21,-0.01388888888888884,0.11785113019775789
758,374,149.365,H10,1,1.0,1,MM noC,BLANK,1,2,12/3/21,-0.01388888888888884,0.11785113019775789
759,375,224.044,H10,1,1.0,1,MM noC,BLANK,1,2,12/3/21,-0.01388888888888884,0.11785113019775789
761,377,74.675,H11,1,1.0,1,MM noC,BLANK,1,2,12/3/21,-0.01388888888888884,0.11785113019775789
762,378,149.365,H11,1,1.0,1,MM noC,BLANK,1,2,12/3/21,-0.01388888888888884,0.11785113019775789
763,379,224.044,H11,1,1.0,1,MM noC,BLANK,1,2,12/3/21,-0.01388888888888884,0.11785113019775789
765,381,74.675,H12,1,1.0,1,MM noC,BLANK,1,2,12/3/21,-0.01388888888888884,0.11785113019775789
766,382,149.365,H12,1,1.0,1,MM noC,BLANK,1,2,12/3/21,-0.01388888888888884,0.11785113019775789
767,383,224.044,H12,1,1.0,1,MM noC,BLANK,1,2,12/3/21,-0.01388888888888884,0.11785113019775789
