,index,time_s,well,rtdp_fluor,concentration,fold_dilution,media,name,replicate,plate,date
0,0,0.0,A1,57,1.0,1,MM noC,PA14 WT,1,1,12/3/21
1,1,74.668,A1,57,1.0,1,MM noC,PA14 WT,1,1,12/3/21
2,2,149.35,A1,57,1.0,1,MM noC,PA14 WT,1,1,12/3/21
3,3,224.037,A1,57,1.0,1,MM noC,PA14 WT,1,1,12/3/21
4,4,0.0,A2,32,0.5,2,MM noC,PA14 WT,1,1,12/3/21
5,5,74.668,A2,31,0.5,2,MM noC,PA14 WT,1,1,12/3/21
6,6,149.35,A2,31,0.5,2,MM noC,PA14 WT,1,1,12/3/21
7,7,224.037,A2,31,0.5,2,MM noC,PA14 WT,1,1,12/3/21
8,8,0.0,A3,20,0.25,4,MM noC,PA14 WT,1,1,12/3/21
9,9,74.668,A3,21,0.25,4,MM noC,PA14 WT,1,1,12/3/21
10,10,149.35,A3,20,0.25,4,MM noC,PA14 WT,1,1,12/3/21
11,11,224.037,A3,20,0.25,4,MM noC,PA14 WT,1,1,12/3/21
12,12,0.0,A4,11,0.125,8,MM noC,PA14 WT,1,1,12/3/21
13,13,74.668,A4,10,0.125,8,MM noC,PA14 WT,1,1,12/3/21
14,14,149.35,A4,11,0.125,8,MM noC,PA14 WT,1,1,12/3/21
15,15,224.037,A4,11,0.125,8,MM noC,PA14 WT,1,1,12/3/21
16,16,0.0,A5,6,0.0625,16,MM noC,PA14 WT,1,1,12/3/21
17,17,74.668,A5,6,0.0625,16,MM noC,PA14 WT,1,1,12/3/21
18,18,149.35,A5,7,0.0625,16,MM noC,PA14 WT,1,1,12/3/21
19,19,224.037,A5,7,0.0625,16,MM noC,PA14 WT,1,1,12/3/21
20,20,0.0,A6,4,0.03125,32,MM noC,PA14 WT,1,1,12/3/21
21,21,74.668,A6,4,0.03125,32,MM noC,PA14 WT,1,1,12/3/21
22,22,149.35,A6,4,0.03125,32,MM noC,PA14 WT,1,1,12/3/21
23,23,224.037,A6,4,0.03125,32,MM noC,PA14 WT,1,1,12/3/21
24,24,0.0,A7,24,1.0,1,MM noC,PA14 dside,1,1,12/3/21
25,25,74.668,A7,24,1.0,1,MM noC,PA14 dside,1,1,12/3/21
26,26,149.35,A7,24,1.0,1,MM noC,PA14 dside,1,1,12/3/21
27,27,224.037,A7,24,1.0,1,MM noC,PA14 dside,1,1,12/3/21
28,28,0.0,A8,12,0.5,2,MM noC,PA14 dside,1,1,12/3/21
29,29,74.668,A8,12,0.5,2,MM noC,PA14 dside,1,1,12/3/21
30,30,149.35,A8,12,0.5,2,MM noC,PA14 dside,1,1,12/3/21
31,31,224.037,A8,12,0.5,2,MM noC,PA14 dside,1,1,12/3/21
32,32,0.0,A9,7,0.25,4,MM noC,PA14 dside,1,1,12/3/21
33,33,74.668,A9,7,0.25,4,MM noC,PA14 dside,1,1,12/3/21
34,34,149.35,A9,7,0.25,4,MM noC,PA14 dside,1,1,12/3/21
35,35,224.037,A9,7,0.25,4,MM noC,PA14 dside,1,1,12/3/21
36,36,0.0,A10,4,0.125,8,MM noC,PA14 dside,1,1,12/3/21
37,37,74.668,A10,4,0.125,8,MM noC,PA14 dside,1,1,12/3/21
38,38,149.35,A10,4,0.125,8,MM noC,PA14 dside,1,1,12/3/21
39,39,224.037,A10,4,0.125,8,MM noC,PA14 dside,1,1,12/3/21
40,40,0.0,A11,2,0.0625,16,MM noC,PA14 dside,1,1,12/3/21
41,41,74.668,A11,3,0.0625,16,MM noC,PA14 dside,1,1,12/3/21
42,42,149.35,A11,3,0.0625,16,MM noC,PA14 dside,1,1,12/3/21
43,43,224.037,A11,3,0.0625,16,MM noC,PA14 dside,1,1,12/3/21
44,44,0.0,A12,2,0.03125,32,MM noC,PA14 dside,1,1,12/3/21
45,45,74.668,A12,2,0.03125,32,MM noC,PA14 dside,1,1,12/3/21
46,46,149.35,A12,2,0.03125,32,MM noC,PA14 dside,1,1,12/3/21
47,47,224.037,A12,2,0.03125,32,MM noC,PA14 dside,1,1,12/3/21
48,48,0.0,B1,71,1.0,1,MM noC,PA14 WT,1,1,12/3/21
49,49,74.668,B1,69,1.0,1,MM noC,PA14 WT,1,1,12/3/21
50,50,149.35,B1,68,1.0,1,MM noC,PA14 WT,1,1,12/3/21
51,51,224.037,B1,68,1.0,1,MM noC,PA14 WT,1,1,12/3/21
52,52,0.0,B2,35,0.5,2,MM noC,PA14 WT,1,1,12/3/21
53,53,74.668,B2,35,0.5,2,MM noC,PA14 WT,1,1,12/3/21
54,54,149.35,B2,34,0.5,2,MM noC,PA14 WT,1,1,12/3/21
55,55,224.037,B2,35,0.5,2,MM noC,PA14 WT,1,1,12/3/21
56,56,0.0,B3,20,0.25,4,MM noC,PA14 WT,1,1,12/3/21
57,57,74.668,B3,20,0.25,4,MM noC,PA14 WT,1,1,12/3/21
58,58,149.35,B3,20,0.25,4,MM noC,PA14 WT,1,1,12/3/21
59,59,224.037,B3,20,0.25,4,MM noC,PA14 WT,1,1,12/3/21
60,60,0.0,B4,12,0.125,8,MM noC,PA14 WT,1,1,12/3/21
61,61,74.668,B4,12,0.125,8,MM noC,PA14 WT,1,1,12/3/21
62,62,149.35,B4,12,0.125,8,MM noC,PA14 WT,1,1,12/3/21
63,63,224.037,B4,12,0.125,8,MM noC,PA14 WT,1,1,12/3/21
64,64,0.0,B5,6,0.0625,16,MM noC,PA14 WT,1,1,12/3/21
65,65,74.668,B5,7,0.0625,16,MM noC,PA14 WT,1,1,12/3/21
66,66,149.35,B5,7,0.0625,16,MM noC,PA14 WT,1,1,12/3/21
67,67,224.037,B5,6,0.0625,16,MM noC,PA14 WT,1,1,12/3/21
68,68,0.0,B6,4,0.03125,32,MM noC,PA14 WT,1,1,12/3/21
69,69,74.668,B6,4,0.03125,32,MM noC,PA14 WT,1,1,12/3/21
70,70,149.35,B6,4,0.03125,32,MM noC,PA14 WT,1,1,12/3/21
71,71,224.037,B6,4,0.03125,32,MM noC,PA14 WT,1,1,12/3/21
72,72,0.0,B7,26,1.0,1,MM noC,PA14 dside,1,1,12/3/21
73,73,74.668,B7,26,1.0,1,MM noC,PA14 dside,1,1,12/3/21
74,74,149.35,B7,26,1.0,1,MM noC,PA14 dside,1,1,12/3/21
75,75,224.037,B7,26,1.0,1,MM noC,PA14 dside,1,1,12/3/21
76,76,0.0,B8,12,0.5,2,MM noC,PA14 dside,1,1,12/3/21
77,77,74.668,B8,12,0.5,2,MM noC,PA14 dside,1,1,12/3/21
78,78,149.35,B8,12,0.5,2,MM noC,PA14 dside,1,1,12/3/21
79,79,224.037,B8,12,0.5,2,MM noC,PA14 dside,1,1,12/3/21
80,80,0.0,B9,7,0.25,4,MM noC,PA14 dside,1,1,12/3/21
81,81,74.668,B9,7,0.25,4,MM noC,PA14 dside,1,1,12/3/21
82,82,149.35,B9,7,0.25,4,MM noC,PA14 dside,1,1,12/3/21
83,83,224.037,B9,7,0.25,4,MM noC,PA14 dside,1,1,12/3/21
84,84,0.0,B10,3,0.125,8,MM noC,PA14 dside,1,1,12/3/21
85,85,74.668,B10,3,0.125,8,MM noC,PA14 dside,1,1,12/3/21
86,86,149.35,B10,3,0.125,8,MM noC,PA14 dside,1,1,12/3/21
87,87,224.037,B10,4,0.125,8,MM noC,PA14 dside,1,1,12/3/21
88,88,0.0,B11,2,0.0625,16,MM noC,PA14 dside,1,1,12/3/21
89,89,74.668,B11,3,0.0625,16,MM noC,PA14 dside,1,1,12/3/21
90,90,149.35,B11,3,0.0625,16,MM noC,PA14 dside,1,1,12/3/21
91,91,224.037,B11,3,0.0625,16,MM noC,PA14 dside,1,1,12/3/21
92,92,0.0,B12,1,0.03125,32,MM noC,PA14 dside,1,1,12/3/21
93,93,74.668,B12,1,0.03125,32,MM noC,PA14 dside,1,1,12/3/21
94,94,149.35,B12,2,0.03125,32,MM noC,PA14 dside,1,1,12/3/21
95,95,224.037,B12,2,0.03125,32,MM noC,PA14 dside,1,1,12/3/21
96,96,0.0,C1,64,1.0,1,MM noC,PA14 WT,2,1,12/3/21
97,97,74.668,C1,63,1.0,1,MM noC,PA14 WT,2,1,12/3/21
98,98,149.35,C1,62,1.0,1,MM noC,PA14 WT,2,1,12/3/21
99,99,224.037,C1,62,1.0,1,MM noC,PA14 WT,2,1,12/3/21
100,100,0.0,C2,35,0.5,2,MM noC,PA14 WT,2,1,12/3/21
101,101,74.668,C2,35,0.5,2,MM noC,PA14 WT,2,1,12/3/21
102,102,149.35,C2,35,0.5,2,MM noC,PA14 WT,2,1,12/3/21
103,103,224.037,C2,35,0.5,2,MM noC,PA14 WT,2,1,12/3/21
104,104,0.0,C3,22,0.25,4,MM noC,PA14 WT,2,1,12/3/21
105,105,74.668,C3,22,0.25,4,MM noC,PA14 WT,2,1,12/3/21
106,106,149.35,C3,22,0.25,4,MM noC,PA14 WT,2,1,12/3/21
107,107,224.037,C3,22,0.25,4,MM noC,PA14 WT,2,1,12/3/21
108,108,0.0,C4,12,0.125,8,MM noC,PA14 WT,2,1,12/3/21
109,109,74.668,C4,12,0.125,8,MM noC,PA14 WT,2,1,12/3/21
110,110,149.35,C4,12,0.125,8,MM noC,PA14 WT,2,1,12/3/21
111,111,224.037,C4,12,0.125,8,MM noC,PA14 WT,2,1,12/3/21
112,112,0.0,C5,6,0.0625,16,MM noC,PA14 WT,2,1,12/3/21
113,113,74.668,C5,7,0.0625,16,MM noC,PA14 WT,2,1,12/3/21
114,114,149.35,C5,7,0.0625,16,MM noC,PA14 WT,2,1,12/3/21
115,115,224.037,C5,7,0.0625,16,MM noC,PA14 WT,2,1,12/3/21
116,116,0.0,C6,4,0.03125,32,MM noC,PA14 WT,2,1,12/3/21
117,117,74.668,C6,4,0.03125,32,MM noC,PA14 WT,2,1,12/3/21
118,118,149.35,C6,4,0.03125,32,MM noC,PA14 WT,2,1,12/3/21
119,119,224.037,C6,4,0.03125,32,MM noC,PA14 WT,2,1,12/3/21
120,120,0.0,C7,33,1.0,1,MM noC,PA14 dside,2,1,12/3/21
121,121,74.668,C7,34,1.0,1,MM noC,PA14 dside,2,1,12/3/21
122,122,149.35,C7,34,1.0,1,MM noC,PA14 dside,2,1,12/3/21
123,123,224.037,C7,34,1.0,1,MM noC,PA14 dside,2,1,12/3/21
124,124,0.0,C8,15,0.5,2,MM noC,PA14 dside,2,1,12/3/21
125,125,74.668,C8,15,0.5,2,MM noC,PA14 dside,2,1,12/3/21
126,126,149.35,C8,15,0.5,2,MM noC,PA14 dside,2,1,12/3/21
127,127,224.037,C8,15,0.5,2,MM noC,PA14 dside,2,1,12/3/21
128,128,0.0,C9,10,0.25,4,MM noC,PA14 dside,2,1,12/3/21
129,129,74.668,C9,10,0.25,4,MM noC,PA14 dside,2,1,12/3/21
130,130,149.35,C9,10,0.25,4,MM noC,PA14 dside,2,1,12/3/21
131,131,224.037,C9,10,0.25,4,MM noC,PA14 dside,2,1,12/3/21
132,132,0.0,C10,5,0.125,8,MM noC,PA14 dside,2,1,12/3/21
133,133,74.668,C10,4,0.125,8,MM noC,PA14 dside,2,1,12/3/21
134,134,149.35,C10,4,0.125,8,MM noC,PA14 dside,2,1,12/3/21
135,135,224.037,C10,5,0.125,8,MM noC,PA14 dside,2,1,12/3/21
136,136,0.0,C11,3,0.0625,16,MM noC,PA14 dside,2,1,12/3/21
137,137,74.668,C11,3,0.0625,16,MM noC,PA14 dside,2,1,12/3/21
138,138,149.35,C11,3,0.0625,16,MM noC,PA14 dside,2,1,12/3/21
139,139,224.037,C11,3,0.0625,16,MM noC,PA14 dside,2,1,12/3/21
140,140,0.0,C12,1,0.03125,32,MM noC,PA14 dside,2,1,12/3/21
141,141,74.668,C12,2,0.03125,32,MM noC,PA14 dside,2,1,12/3/21
142,142,149.35,C12,2,0.03125,32,MM noC,PA14 dside,2,1,12/3/21
143,143,224.037,C12,2,0.03125,32,MM noC,PA14 dside,2,1,12/3/21
144,144,0.0,D1,71,1.0,1,MM noC,PA14 WT,2,1,12/3/21
145,145,74.668,D1,71,1.0,1,MM noC,PA14 WT,2,1,12/3/21
146,146,149.35,D1,71,1.0,1,MM noC,PA14 WT,2,1,12/3/21
147,147,224.037,D1,71,1.0,1,MM noC,PA14 WT,2,1,12/3/21
148,148,0.0,D2,38,0.5,2,MM noC,PA14 WT,2,1,12/3/21
149,149,74.668,D2,38,0.5,2,MM noC,PA14 WT,2,1,12/3/21
150,150,149.35,D2,38,0.5,2,MM noC,PA14 WT,2,1,12/3/21
151,151,224.037,D2,38,0.5,2,MM noC,PA14 WT,2,1,12/3/21
152,152,0.0,D3,23,0.25,4,MM noC,PA14 WT,2,1,12/3/21
153,153,74.668,D3,23,0.25,4,MM noC,PA14 WT,2,1,12/3/21
154,154,149.35,D3,23,0.25,4,MM noC,PA14 WT,2,1,12/3/21
155,155,224.037,D3,23,0.25,4,MM noC,PA14 WT,2,1,12/3/21
156,156,0.0,D4,11,0.125,8,MM noC,PA14 WT,2,1,12/3/21
157,157,74.668,D4,11,0.125,8,MM noC,PA14 WT,2,1,12/3/21
158,158,149.35,D4,11,0.125,8,MM noC,PA14 WT,2,1,12/3/21
159,159,224.037,D4,11,0.125,8,MM noC,PA14 WT,2,1,12/3/21
160,160,0.0,D5,7,0.0625,16,MM noC,PA14 WT,2,1,12/3/21
161,161,74.668,D5,7,0.0625,16,MM noC,PA14 WT,2,1,12/3/21
162,162,149.35,D5,7,0.0625,16,MM noC,PA14 WT,2,1,12/3/21
163,163,224.037,D5,7,0.0625,16,MM noC,PA14 WT,2,1,12/3/21
164,164,0.0,D6,4,0.03125,32,MM noC,PA14 WT,2,1,12/3/21
165,165,74.668,D6,4,0.03125,32,MM noC,PA14 WT,2,1,12/3/21
166,166,149.35,D6,3,0.03125,32,MM noC,PA14 WT,2,1,12/3/21
167,167,224.037,D6,4,0.03125,32,MM noC,PA14 WT,2,1,12/3/21
168,168,0.0,D7,33,1.0,1,MM noC,PA14 dside,2,1,12/3/21
169,169,74.668,D7,33,1.0,1,MM noC,PA14 dside,2,1,12/3/21
170,170,149.35,D7,33,1.0,1,MM noC,PA14 dside,2,1,12/3/21
171,171,224.037,D7,33,1.0,1,MM noC,PA14 dside,2,1,12/3/21
172,172,0.0,D8,17,0.5,2,MM noC,PA14 dside,2,1,12/3/21
173,173,74.668,D8,16,0.5,2,MM noC,PA14 dside,2,1,12/3/21
174,174,149.35,D8,17,0.5,2,MM noC,PA14 dside,2,1,12/3/21
175,175,224.037,D8,17,0.5,2,MM noC,PA14 dside,2,1,12/3/21
176,176,0.0,D9,9,0.25,4,MM noC,PA14 dside,2,1,12/3/21
177,177,74.668,D9,9,0.25,4,MM noC,PA14 dside,2,1,12/3/21
178,178,149.35,D9,9,0.25,4,MM noC,PA14 dside,2,1,12/3/21
179,179,224.037,D9,9,0.25,4,MM noC,PA14 dside,2,1,12/3/21
180,180,0.0,D10,5,0.125,8,MM noC,PA14 dside,2,1,12/3/21
181,181,74.668,D10,5,0.125,8,MM noC,PA14 dside,2,1,12/3/21
182,182,149.35,D10,5,0.125,8,MM noC,PA14 dside,2,1,12/3/21
183,183,224.037,D10,5,0.125,8,MM noC,PA14 dside,2,1,12/3/21
184,184,0.0,D11,3,0.0625,16,MM noC,PA14 dside,2,1,12/3/21
185,185,74.668,D11,3,0.0625,16,MM noC,PA14 dside,2,1,12/3/21
186,186,149.35,D11,3,0.0625,16,MM noC,PA14 dside,2,1,12/3/21
187,187,224.037,D11,3,0.0625,16,MM noC,PA14 dside,2,1,12/3/21
188,188,0.0,D12,2,0.03125,32,MM noC,PA14 dside,2,1,12/3/21
189,189,74.668,D12,2,0.03125,32,MM noC,PA14 dside,2,1,12/3/21
190,190,149.35,D12,2,0.03125,32,MM noC,PA14 dside,2,1,12/3/21
191,191,224.037,D12,2,0.03125,32,MM noC,PA14 dside,2,1,12/3/21
192,192,0.0,E1,15,1.0,1,MM noC,PA14 dphz,1,1,12/3/21
193,193,74.668,E1,15,1.0,1,MM noC,PA14 dphz,1,1,12/3/21
194,194,149.35,E1,15,1.0,1,MM noC,PA14 dphz,1,1,12/3/21
195,195,224.037,E1,15,1.0,1,MM noC,PA14 dphz,1,1,12/3/21
196,196,0.0,E2,9,0.5,2,MM noC,PA14 dphz,1,1,12/3/21
197,197,74.668,E2,9,0.5,2,MM noC,PA14 dphz,1,1,12/3/21
198,198,149.35,E2,9,0.5,2,MM noC,PA14 dphz,1,1,12/3/21
199,199,224.037,E2,9,0.5,2,MM noC,PA14 dphz,1,1,12/3/21
200,200,0.0,E3,5,0.25,4,MM noC,PA14 dphz,1,1,12/3/21
201,201,74.668,E3,5,0.25,4,MM noC,PA14 dphz,1,1,12/3/21
202,202,149.35,E3,6,0.25,4,MM noC,PA14 dphz,1,1,12/3/21
203,203,224.037,E3,5,0.25,4,MM noC,PA14 dphz,1,1,12/3/21
204,204,0.0,E4,3,0.125,8,MM noC,PA14 dphz,1,1,12/3/21
205,205,74.668,E4,4,0.125,8,MM noC,PA14 dphz,1,1,12/3/21
206,206,149.35,E4,4,0.125,8,MM noC,PA14 dphz,1,1,12/3/21
207,207,224.037,E4,4,0.125,8,MM noC,PA14 dphz,1,1,12/3/21
208,208,0.0,E5,2,0.0625,16,MM noC,PA14 dphz,1,1,12/3/21
209,209,74.668,E5,2,0.0625,16,MM noC,PA14 dphz,1,1,12/3/21
210,210,149.35,E5,2,0.0625,16,MM noC,PA14 dphz,1,1,12/3/21
211,211,224.037,E5,2,0.0625,16,MM noC,PA14 dphz,1,1,12/3/21
212,212,0.0,E6,2,0.03125,32,MM noC,PA14 dphz,1,1,12/3/21
213,213,74.668,E6,2,0.03125,32,MM noC,PA14 dphz,1,1,12/3/21
214,214,149.35,E6,2,0.03125,32,MM noC,PA14 dphz,1,1,12/3/21
215,215,224.037,E6,2,0.03125,32,MM noC,PA14 dphz,1,1,12/3/21
216,216,0.0,E7,14,1.0,1,MM noC,PA14 dphz dside,1,1,12/3/21
217,217,74.668,E7,14,1.0,1,MM noC,PA14 dphz dside,1,1,12/3/21
218,218,149.35,E7,14,1.0,1,MM noC,PA14 dphz dside,1,1,12/3/21
219,219,224.037,E7,14,1.0,1,MM noC,PA14 dphz dside,1,1,12/3/21
220,220,0.0,E8,9,0.5,2,MM noC,PA14 dphz dside,1,1,12/3/21
221,221,74.668,E8,9,0.5,2,MM noC,PA14 dphz dside,1,1,12/3/21
222,222,149.35,E8,9,0.5,2,MM noC,PA14 dphz dside,1,1,12/3/21
223,223,224.037,E8,9,0.5,2,MM noC,PA14 dphz dside,1,1,12/3/21
224,224,0.0,E9,5,0.25,4,MM noC,PA14 dphz dside,1,1,12/3/21
225,225,74.668,E9,5,0.25,4,MM noC,PA14 dphz dside,1,1,12/3/21
226,226,149.35,E9,6,0.25,4,MM noC,PA14 dphz dside,1,1,12/3/21
227,227,224.037,E9,6,0.25,4,MM noC,PA14 dphz dside,1,1,12/3/21
228,228,0.0,E10,3,0.125,8,MM noC,PA14 dphz dside,1,1,12/3/21
229,229,74.668,E10,3,0.125,8,MM noC,PA14 dphz dside,1,1,12/3/21
230,230,149.35,E10,3,0.125,8,MM noC,PA14 dphz dside,1,1,12/3/21
231,231,224.037,E10,4,0.125,8,MM noC,PA14 dphz dside,1,1,12/3/21
232,232,0.0,E11,2,0.0625,16,MM noC,PA14 dphz dside,1,1,12/3/21
233,233,74.668,E11,2,0.0625,16,MM noC,PA14 dphz dside,1,1,12/3/21
234,234,149.35,E11,2,0.0625,16,MM noC,PA14 dphz dside,1,1,12/3/21
235,235,224.037,E11,2,0.0625,16,MM noC,PA14 dphz dside,1,1,12/3/21
236,236,0.0,E12,2,0.03125,32,MM noC,PA14 dphz dside,1,1,12/3/21
237,237,74.668,E12,2,0.03125,32,MM noC,PA14 dphz dside,1,1,12/3/21
238,238,149.35,E12,2,0.03125,32,MM noC,PA14 dphz dside,1,1,12/3/21
239,239,224.037,E12,2,0.03125,32,MM noC,PA14 dphz dside,1,1,12/3/21
240,240,0.0,F1,18,1.0,1,MM noC,PA14 dphz,1,1,12/3/21
241,241,74.668,F1,18,1.0,1,MM noC,PA14 dphz,1,1,12/3/21
242,242,149.35,F1,18,1.0,1,MM noC,PA14 dphz,1,1,12/3/21
243,243,224.037,F1,17,1.0,1,MM noC,PA14 dphz,1,1,12/3/21
244,244,0.0,F2,10,0.5,2,MM noC,PA14 dphz,1,1,12/3/21
245,245,74.668,F2,9,0.5,2,MM noC,PA14 dphz,1,1,12/3/21
246,246,149.35,F2,10,0.5,2,MM noC,PA14 dphz,1,1,12/3/21
247,247,224.037,F2,10,0.5,2,MM noC,PA14 dphz,1,1,12/3/21
248,248,0.0,F3,5,0.25,4,MM noC,PA14 dphz,1,1,12/3/21
249,249,74.668,F3,5,0.25,4,MM noC,PA14 dphz,1,1,12/3/21
250,250,149.35,F3,5,0.25,4,MM noC,PA14 dphz,1,1,12/3/21
251,251,224.037,F3,5,0.25,4,MM noC,PA14 dphz,1,1,12/3/21
252,252,0.0,F4,3,0.125,8,MM noC,PA14 dphz,1,1,12/3/21
253,253,74.668,F4,3,0.125,8,MM noC,PA14 dphz,1,1,12/3/21
254,254,149.35,F4,4,0.125,8,MM noC,PA14 dphz,1,1,12/3/21
255,255,224.037,F4,4,0.125,8,MM noC,PA14 dphz,1,1,12/3/21
256,256,0.0,F5,2,0.0625,16,MM noC,PA14 dphz,1,1,12/3/21
257,257,74.668,F5,2,0.0625,16,MM noC,PA14 dphz,1,1,12/3/21
258,258,149.35,F5,2,0.0625,16,MM noC,PA14 dphz,1,1,12/3/21
259,259,224.037,F5,3,0.0625,16,MM noC,PA14 dphz,1,1,12/3/21
260,260,0.0,F6,1,0.03125,32,MM noC,PA14 dphz,1,1,12/3/21
261,261,74.668,F6,1,0.03125,32,MM noC,PA14 dphz,1,1,12/3/21
262,262,149.35,F6,2,0.03125,32,MM noC,PA14 dphz,1,1,12/3/21
263,263,224.037,F6,2,0.03125,32,MM noC,PA14 dphz,1,1,12/3/21
264,264,0.0,F7,16,1.0,1,MM noC,PA14 dphz dside,1,1,12/3/21
265,265,74.668,F7,16,1.0,1,MM noC,PA14 dphz dside,1,1,12/3/21
266,266,149.35,F7,16,1.0,1,MM noC,PA14 dphz dside,1,1,12/3/21
267,267,224.037,F7,16,1.0,1,MM noC,PA14 dphz dside,1,1,12/3/21
268,268,0.0,F8,9,0.5,2,MM noC,PA14 dphz dside,1,1,12/3/21
269,269,74.668,F8,9,0.5,2,MM noC,PA14 dphz dside,1,1,12/3/21
270,270,149.35,F8,9,0.5,2,MM noC,PA14 dphz dside,1,1,12/3/21
271,271,224.037,F8,9,0.5,2,MM noC,PA14 dphz dside,1,1,12/3/21
272,272,0.0,F9,5,0.25,4,MM noC,PA14 dphz dside,1,1,12/3/21
273,273,74.668,F9,5,0.25,4,MM noC,PA14 dphz dside,1,1,12/3/21
274,274,149.35,F9,5,0.25,4,MM noC,PA14 dphz dside,1,1,12/3/21
275,275,224.037,F9,5,0.25,4,MM noC,PA14 dphz dside,1,1,12/3/21
276,276,0.0,F10,3,0.125,8,MM noC,PA14 dphz dside,1,1,12/3/21
277,277,74.668,F10,3,0.125,8,MM noC,PA14 dphz dside,1,1,12/3/21
278,278,149.35,F10,3,0.125,8,MM noC,PA14 dphz dside,1,1,12/3/21
279,279,224.037,F10,4,0.125,8,MM noC,PA14 dphz dside,1,1,12/3/21
280,280,0.0,F11,2,0.0625,16,MM noC,PA14 dphz dside,1,1,12/3/21
281,281,74.668,F11,2,0.0625,16,MM noC,PA14 dphz dside,1,1,12/3/21
282,282,149.35,F11,3,0.0625,16,MM noC,PA14 dphz dside,1,1,12/3/21
283,283,224.037,F11,3,0.0625,16,MM noC,PA14 dphz dside,1,1,12/3/21
284,284,0.0,F12,1,0.03125,32,MM noC,PA14 dphz dside,1,1,12/3/21
285,285,74.668,F12,2,0.03125,32,MM noC,PA14 dphz dside,1,1,12/3/21
286,286,149.35,F12,2,0.03125,32,MM noC,PA14 dphz dside,1,1,12/3/21
287,287,224.037,F12,2,0.03125,32,MM noC,PA14 dphz dside,1,1,12/3/21
288,288,0.0,G1,13,1.0,1,MM noC,PA14 dphz,2,1,12/3/21
289,289,74.668,G1,13,1.0,1,MM noC,PA14 dphz,2,1,12/3/21
290,290,149.35,G1,13,1.0,1,MM noC,PA14 dphz,2,1,12/3/21
291,291,224.037,G1,13,1.0,1,MM noC,PA14 dphz,2,1,12/3/21
292,292,0.0,G2,8,0.5,2,MM noC,PA14 dphz,2,1,12/3/21
293,293,74.668,G2,8,0.5,2,MM noC,PA14 dphz,2,1,12/3/21
294,294,149.35,G2,8,0.5,2,MM noC,PA14 dphz,2,1,12/3/21
295,295,224.037,G2,8,0.5,2,MM noC,PA14 dphz,2,1,12/3/21
296,296,0.0,G3,4,0.25,4,MM noC,PA14 dphz,2,1,12/3/21
297,297,74.668,G3,5,0.25,4,MM noC,PA14 dphz,2,1,12/3/21
298,298,149.35,G3,5,0.25,4,MM noC,PA14 dphz,2,1,12/3/21
299,299,224.037,G3,5,0.25,4,MM noC,PA14 dphz,2,1,12/3/21
300,300,0.0,G4,3,0.125,8,MM noC,PA14 dphz,2,1,12/3/21
301,301,74.668,G4,3,0.125,8,MM noC,PA14 dphz,2,1,12/3/21
302,302,149.35,G4,3,0.125,8,MM noC,PA14 dphz,2,1,12/3/21
303,303,224.037,G4,3,0.125,8,MM noC,PA14 dphz,2,1,12/3/21
304,304,0.0,G5,2,0.0625,16,MM noC,PA14 dphz,2,1,12/3/21
305,305,74.668,G5,2,0.0625,16,MM noC,PA14 dphz,2,1,12/3/21
306,306,149.35,G5,2,0.0625,16,MM noC,PA14 dphz,2,1,12/3/21
307,307,224.037,G5,2,0.0625,16,MM noC,PA14 dphz,2,1,12/3/21
308,308,0.0,G6,2,0.03125,32,MM noC,PA14 dphz,2,1,12/3/21
309,309,74.668,G6,2,0.03125,32,MM noC,PA14 dphz,2,1,12/3/21
310,310,149.35,G6,2,0.03125,32,MM noC,PA14 dphz,2,1,12/3/21
311,311,224.037,G6,2,0.03125,32,MM noC,PA14 dphz,2,1,12/3/21
312,312,0.0,G7,13,1.0,1,MM noC,PA14 dphz dside,2,1,12/3/21
313,313,74.668,G7,14,1.0,1,MM noC,PA14 dphz dside,2,1,12/3/21
314,314,149.35,G7,14,1.0,1,MM noC,PA14 dphz dside,2,1,12/3/21
315,315,224.037,G7,14,1.0,1,MM noC,PA14 dphz dside,2,1,12/3/21
316,316,0.0,G8,8,0.5,2,MM noC,PA14 dphz dside,2,1,12/3/21
317,317,74.668,G8,8,0.5,2,MM noC,PA14 dphz dside,2,1,12/3/21
318,318,149.35,G8,8,0.5,2,MM noC,PA14 dphz dside,2,1,12/3/21
319,319,224.037,G8,8,0.5,2,MM noC,PA14 dphz dside,2,1,12/3/21
320,320,0.0,G9,4,0.25,4,MM noC,PA14 dphz dside,2,1,12/3/21
321,321,74.668,G9,4,0.25,4,MM noC,PA14 dphz dside,2,1,12/3/21
322,322,149.35,G9,5,0.25,4,MM noC,PA14 dphz dside,2,1,12/3/21
323,323,224.037,G9,5,0.25,4,MM noC,PA14 dphz dside,2,1,12/3/21
324,324,0.0,G10,3,0.125,8,MM noC,PA14 dphz dside,2,1,12/3/21
325,325,74.668,G10,3,0.125,8,MM noC,PA14 dphz dside,2,1,12/3/21
326,326,149.35,G10,3,0.125,8,MM noC,PA14 dphz dside,2,1,12/3/21
327,327,224.037,G10,4,0.125,8,MM noC,PA14 dphz dside,2,1,12/3/21
328,328,0.0,G11,2,0.0625,16,MM noC,PA14 dphz dside,2,1,12/3/21
329,329,74.668,G11,2,0.0625,16,MM noC,PA14 dphz dside,2,1,12/3/21
330,330,149.35,G11,2,0.0625,16,MM noC,PA14 dphz dside,2,1,12/3/21
331,331,224.037,G11,2,0.0625,16,MM noC,PA14 dphz dside,2,1,12/3/21
332,332,0.0,G12,2,0.03125,32,MM noC,PA14 dphz dside,2,1,12/3/21
333,333,74.668,G12,2,0.03125,32,MM noC,PA14 dphz dside,2,1,12/3/21
334,334,149.35,G12,2,0.03125,32,MM noC,PA14 dphz dside,2,1,12/3/21
335,335,224.037,G12,2,0.03125,32,MM noC,PA14 dphz dside,2,1,12/3/21
336,336,0.0,H1,14,1.0,1,MM noC,PA14 dphz,2,1,12/3/21
337,337,74.668,H1,14,1.0,1,MM noC,PA14 dphz,2,1,12/3/21
338,338,149.35,H1,14,1.0,1,MM noC,PA14 dphz,2,1,12/3/21
339,339,224.037,H1,14,1.0,1,MM noC,PA14 dphz,2,1,12/3/21
340,340,0.0,H2,7,0.5,2,MM noC,PA14 dphz,2,1,12/3/21
341,341,74.668,H2,7,0.5,2,MM noC,PA14 dphz,2,1,12/3/21
342,342,149.35,H2,7,0.5,2,MM noC,PA14 dphz,2,1,12/3/21
343,343,224.037,H2,8,0.5,2,MM noC,PA14 dphz,2,1,12/3/21
344,344,0.0,H3,4,0.25,4,MM noC,PA14 dphz,2,1,12/3/21
345,345,74.668,H3,5,0.25,4,MM noC,PA14 dphz,2,1,12/3/21
346,346,149.35,H3,5,0.25,4,MM noC,PA14 dphz,2,1,12/3/21
347,347,224.037,H3,5,0.25,4,MM noC,PA14 dphz,2,1,12/3/21
348,348,0.0,H4,3,0.125,8,MM noC,PA14 dphz,2,1,12/3/21
349,349,74.668,H4,3,0.125,8,MM noC,PA14 dphz,2,1,12/3/21
350,350,149.35,H4,3,0.125,8,MM noC,PA14 dphz,2,1,12/3/21
351,351,224.037,H4,4,0.125,8,MM noC,PA14 dphz,2,1,12/3/21
352,352,0.0,H5,2,0.0625,16,MM noC,PA14 dphz,2,1,12/3/21
353,353,74.668,H5,2,0.0625,16,MM noC,PA14 dphz,2,1,12/3/21
354,354,149.35,H5,3,0.0625,16,MM noC,PA14 dphz,2,1,12/3/21
355,355,224.037,H5,3,0.0625,16,MM noC,PA14 dphz,2,1,12/3/21
356,356,0.0,H6,1,0.03125,32,MM noC,PA14 dphz,2,1,12/3/21
357,357,74.668,H6,2,0.03125,32,MM noC,PA14 dphz,2,1,12/3/21
358,358,149.35,H6,2,0.03125,32,MM noC,PA14 dphz,2,1,12/3/21
359,359,224.037,H6,2,0.03125,32,MM noC,PA14 dphz,2,1,12/3/21
360,360,0.0,H7,15,1.0,1,MM noC,PA14 dphz dside,2,1,12/3/21
361,361,74.668,H7,15,1.0,1,MM noC,PA14 dphz dside,2,1,12/3/21
362,362,149.35,H7,16,1.0,1,MM noC,PA14 dphz dside,2,1,12/3/21
363,363,224.037,H7,16,1.0,1,MM noC,PA14 dphz dside,2,1,12/3/21
364,364,0.0,H8,7,0.5,2,MM noC,PA14 dphz dside,2,1,12/3/21
365,365,74.668,H8,8,0.5,2,MM noC,PA14 dphz dside,2,1,12/3/21
366,366,149.35,H8,8,0.5,2,MM noC,PA14 dphz dside,2,1,12/3/21
367,367,224.037,H8,8,0.5,2,MM noC,PA14 dphz dside,2,1,12/3/21
368,368,0.0,H9,5,0.25,4,MM noC,PA14 dphz dside,2,1,12/3/21
369,369,74.668,H9,4,0.25,4,MM noC,PA14 dphz dside,2,1,12/3/21
370,370,149.35,H9,5,0.25,4,MM noC,PA14 dphz dside,2,1,12/3/21
371,371,224.037,H9,5,0.25,4,MM noC,PA14 dphz dside,2,1,12/3/21
372,372,0.0,H10,3,0.125,8,MM noC,PA14 dphz dside,2,1,12/3/21
373,373,74.668,H10,3,0.125,8,MM noC,PA14 dphz dside,2,1,12/3/21
374,374,149.35,H10,4,0.125,8,MM noC,PA14 dphz dside,2,1,12/3/21
375,375,224.037,H10,3,0.125,8,MM noC,PA14 dphz dside,2,1,12/3/21
376,376,0.0,H11,2,0.0625,16,MM noC,PA14 dphz dside,2,1,12/3/21
377,377,74.668,H11,2,0.0625,16,MM noC,PA14 dphz dside,2,1,12/3/21
378,378,149.35,H11,3,0.0625,16,MM noC,PA14 dphz dside,2,1,12/3/21
379,379,224.037,H11,2,0.0625,16,MM noC,PA14 dphz dside,2,1,12/3/21
380,380,0.0,H12,1,0.03125,32,MM noC,PA14 dphz dside,2,1,12/3/21
381,381,74.668,H12,2,0.03125,32,MM noC,PA14 dphz dside,2,1,12/3/21
382,382,149.35,H12,2,0.03125,32,MM noC,PA14 dphz dside,2,1,12/3/21
383,383,224.037,H12,2,0.03125,32,MM noC,PA14 dphz dside,2,1,12/3/21
384,0,0.0,A1,38,1.0,1,MM noC,EC WT,1,2,12/3/21
385,1,74.675,A1,40,1.0,1,MM noC,EC WT,1,2,12/3/21
386,2,149.365,A1,39,1.0,1,MM noC,EC WT,1,2,12/3/21
387,3,224.044,A1,39,1.0,1,MM noC,EC WT,1,2,12/3/21
388,4,0.0,A2,19,0.5,2,MM noC,EC WT,1,2,12/3/21
389,5,74.675,A2,20,0.5,2,MM noC,EC WT,1,2,12/3/21
390,6,149.365,A2,20,0.5,2,MM noC,EC WT,1,2,12/3/21
391,7,224.044,A2,20,0.5,2,MM noC,EC WT,1,2,12/3/21
392,8,0.0,A3,10,0.25,4,MM noC,EC WT,1,2,12/3/21
393,9,74.675,A3,10,0.25,4,MM noC,EC WT,1,2,12/3/21
394,10,149.365,A3,10,0.25,4,MM noC,EC WT,1,2,12/3/21
395,11,224.044,A3,9,0.25,4,MM noC,EC WT,1,2,12/3/21
396,12,0.0,A4,5,0.125,8,MM noC,EC WT,1,2,12/3/21
397,13,74.675,A4,5,0.125,8,MM noC,EC WT,1,2,12/3/21
398,14,149.365,A4,6,0.125,8,MM noC,EC WT,1,2,12/3/21
399,15,224.044,A4,6,0.125,8,MM noC,EC WT,1,2,12/3/21
400,16,0.0,A5,3,0.0625,16,MM noC,EC WT,1,2,12/3/21
401,17,74.675,A5,3,0.0625,16,MM noC,EC WT,1,2,12/3/21
402,18,149.365,A5,3,0.0625,16,MM noC,EC WT,1,2,12/3/21
403,19,224.044,A5,3,0.0625,16,MM noC,EC WT,1,2,12/3/21
404,20,0.0,A6,2,0.03125,32,MM noC,EC WT,1,2,12/3/21
405,21,74.675,A6,3,0.03125,32,MM noC,EC WT,1,2,12/3/21
406,22,149.365,A6,2,0.03125,32,MM noC,EC WT,1,2,12/3/21
407,23,224.044,A6,2,0.03125,32,MM noC,EC WT,1,2,12/3/21
408,24,0.0,A7,11,1.0,1,MM noC,BG dtox,1,2,12/3/21
409,25,74.675,A7,12,1.0,1,MM noC,BG dtox,1,2,12/3/21
410,26,149.365,A7,12,1.0,1,MM noC,BG dtox,1,2,12/3/21
411,27,224.044,A7,12,1.0,1,MM noC,BG dtox,1,2,12/3/21
412,28,0.0,A8,7,0.5,2,MM noC,BG dtox,1,2,12/3/21
413,29,74.675,A8,7,0.5,2,MM noC,BG dtox,1,2,12/3/21
414,30,149.365,A8,7,0.5,2,MM noC,BG dtox,1,2,12/3/21
415,31,224.044,A8,7,0.5,2,MM noC,BG dtox,1,2,12/3/21
416,32,0.0,A9,4,0.25,4,MM noC,BG dtox,1,2,12/3/21
417,33,74.675,A9,4,0.25,4,MM noC,BG dtox,1,2,12/3/21
418,34,149.365,A9,4,0.25,4,MM noC,BG dtox,1,2,12/3/21
419,35,224.044,A9,4,0.25,4,MM noC,BG dtox,1,2,12/3/21
420,36,0.0,A10,3,0.125,8,MM noC,BG dtox,1,2,12/3/21
421,37,74.675,A10,3,0.125,8,MM noC,BG dtox,1,2,12/3/21
422,38,149.365,A10,3,0.125,8,MM noC,BG dtox,1,2,12/3/21
423,39,224.044,A10,3,0.125,8,MM noC,BG dtox,1,2,12/3/21
424,40,0.0,A11,1,0.0625,16,MM noC,BG dtox,1,2,12/3/21
425,41,74.675,A11,2,0.0625,16,MM noC,BG dtox,1,2,12/3/21
426,42,149.365,A11,1,0.0625,16,MM noC,BG dtox,1,2,12/3/21
427,43,224.044,A11,2,0.0625,16,MM noC,BG dtox,1,2,12/3/21
428,44,0.0,A12,1,0.03125,32,MM noC,BG dtox,1,2,12/3/21
429,45,74.675,A12,1,0.03125,32,MM noC,BG dtox,1,2,12/3/21
430,46,149.365,A12,1,0.03125,32,MM noC,BG dtox,1,2,12/3/21
431,47,224.044,A12,1,0.03125,32,MM noC,BG dtox,1,2,12/3/21
432,48,0.0,B1,40,1.0,1,MM noC,EC WT,1,2,12/3/21
433,49,74.675,B1,41,1.0,1,MM noC,EC WT,1,2,12/3/21
434,50,149.365,B1,41,1.0,1,MM noC,EC WT,1,2,12/3/21
435,51,224.044,B1,40,1.0,1,MM noC,EC WT,1,2,12/3/21
436,52,0.0,B2,19,0.5,2,MM noC,EC WT,1,2,12/3/21
437,53,74.675,B2,20,0.5,2,MM noC,EC WT,1,2,12/3/21
438,54,149.365,B2,20,0.5,2,MM noC,EC WT,1,2,12/3/21
439,55,224.044,B2,20,0.5,2,MM noC,EC WT,1,2,12/3/21
440,56,0.0,B3,11,0.25,4,MM noC,EC WT,1,2,12/3/21
441,57,74.675,B3,11,0.25,4,MM noC,EC WT,1,2,12/3/21
442,58,149.365,B3,11,0.25,4,MM noC,EC WT,1,2,12/3/21
443,59,224.044,B3,12,0.25,4,MM noC,EC WT,1,2,12/3/21
444,60,0.0,B4,6,0.125,8,MM noC,EC WT,1,2,12/3/21
445,61,74.675,B4,6,0.125,8,MM noC,EC WT,1,2,12/3/21
446,62,149.365,B4,6,0.125,8,MM noC,EC WT,1,2,12/3/21
447,63,224.044,B4,6,0.125,8,MM noC,EC WT,1,2,12/3/21
448,64,0.0,B5,3,0.0625,16,MM noC,EC WT,1,2,12/3/21
449,65,74.675,B5,4,0.0625,16,MM noC,EC WT,1,2,12/3/21
450,66,149.365,B5,4,0.0625,16,MM noC,EC WT,1,2,12/3/21
451,67,224.044,B5,4,0.0625,16,MM noC,EC WT,1,2,12/3/21
452,68,0.0,B6,2,0.03125,32,MM noC,EC WT,1,2,12/3/21
453,69,74.675,B6,2,0.03125,32,MM noC,EC WT,1,2,12/3/21
454,70,149.365,B6,2,0.03125,32,MM noC,EC WT,1,2,12/3/21
455,71,224.044,B6,3,0.03125,32,MM noC,EC WT,1,2,12/3/21
456,72,0.0,B7,12,1.0,1,MM noC,BG dtox,1,2,12/3/21
457,73,74.675,B7,13,1.0,1,MM noC,BG dtox,1,2,12/3/21
458,74,149.365,B7,12,1.0,1,MM noC,BG dtox,1,2,12/3/21
459,75,224.044,B7,13,1.0,1,MM noC,BG dtox,1,2,12/3/21
460,76,0.0,B8,7,0.5,2,MM noC,BG dtox,1,2,12/3/21
461,77,74.675,B8,8,0.5,2,MM noC,BG dtox,1,2,12/3/21
462,78,149.365,B8,7,0.5,2,MM noC,BG dtox,1,2,12/3/21
463,79,224.044,B8,7,0.5,2,MM noC,BG dtox,1,2,12/3/21
464,80,0.0,B9,4,0.25,4,MM noC,BG dtox,1,2,12/3/21
465,81,74.675,B9,4,0.25,4,MM noC,BG dtox,1,2,12/3/21
466,82,149.365,B9,4,0.25,4,MM noC,BG dtox,1,2,12/3/21
467,83,224.044,B9,4,0.25,4,MM noC,BG dtox,1,2,12/3/21
468,84,0.0,B10,2,0.125,8,MM noC,BG dtox,1,2,12/3/21
469,85,74.675,B10,2,0.125,8,MM noC,BG dtox,1,2,12/3/21
470,86,149.365,B10,2,0.125,8,MM noC,BG dtox,1,2,12/3/21
471,87,224.044,B10,3,0.125,8,MM noC,BG dtox,1,2,12/3/21
472,88,0.0,B11,2,0.0625,16,MM noC,BG dtox,1,2,12/3/21
473,89,74.675,B11,1,0.0625,16,MM noC,BG dtox,1,2,12/3/21
474,90,149.365,B11,2,0.0625,16,MM noC,BG dtox,1,2,12/3/21
475,91,224.044,B11,2,0.0625,16,MM noC,BG dtox,1,2,12/3/21
476,92,0.0,B12,1,0.03125,32,MM noC,BG dtox,1,2,12/3/21
477,93,74.675,B12,1,0.03125,32,MM noC,BG dtox,1,2,12/3/21
478,94,149.365,B12,1,0.03125,32,MM noC,BG dtox,1,2,12/3/21
479,95,224.044,B12,1,0.03125,32,MM noC,BG dtox,1,2,12/3/21
480,96,0.0,C1,37,1.0,1,MM noC,EC WT,2,2,12/3/21
481,97,74.675,C1,39,1.0,1,MM noC,EC WT,2,2,12/3/21
482,98,149.365,C1,38,1.0,1,MM noC,EC WT,2,2,12/3/21
483,99,224.044,C1,39,1.0,1,MM noC,EC WT,2,2,12/3/21
484,100,0.0,C2,21,0.5,2,MM noC,EC WT,2,2,12/3/21
485,101,74.675,C2,21,0.5,2,MM noC,EC WT,2,2,12/3/21
486,102,149.365,C2,21,0.5,2,MM noC,EC WT,2,2,12/3/21
487,103,224.044,C2,21,0.5,2,MM noC,EC WT,2,2,12/3/21
488,104,0.0,C3,10,0.25,4,MM noC,EC WT,2,2,12/3/21
489,105,74.675,C3,9,0.25,4,MM noC,EC WT,2,2,12/3/21
490,106,149.365,C3,9,0.25,4,MM noC,EC WT,2,2,12/3/21
491,107,224.044,C3,10,0.25,4,MM noC,EC WT,2,2,12/3/21
492,108,0.0,C4,5,0.125,8,MM noC,EC WT,2,2,12/3/21
493,109,74.675,C4,5,0.125,8,MM noC,EC WT,2,2,12/3/21
494,110,149.365,C4,5,0.125,8,MM noC,EC WT,2,2,12/3/21
495,111,224.044,C4,5,0.125,8,MM noC,EC WT,2,2,12/3/21
496,112,0.0,C5,3,0.0625,16,MM noC,EC WT,2,2,12/3/21
497,113,74.675,C5,3,0.0625,16,MM noC,EC WT,2,2,12/3/21
498,114,149.365,C5,4,0.0625,16,MM noC,EC WT,2,2,12/3/21
499,115,224.044,C5,3,0.0625,16,MM noC,EC WT,2,2,12/3/21
500,116,0.0,C6,2,0.03125,32,MM noC,EC WT,2,2,12/3/21
501,117,74.675,C6,2,0.03125,32,MM noC,EC WT,2,2,12/3/21
502,118,149.365,C6,2,0.03125,32,MM noC,EC WT,2,2,12/3/21
503,119,224.044,C6,2,0.03125,32,MM noC,EC WT,2,2,12/3/21
504,120,0.0,C7,12,1.0,1,MM noC,BG dtox,2,2,12/3/21
505,121,74.675,C7,12,1.0,1,MM noC,BG dtox,2,2,12/3/21
506,122,149.365,C7,12,1.0,1,MM noC,BG dtox,2,2,12/3/21
507,123,224.044,C7,13,1.0,1,MM noC,BG dtox,2,2,12/3/21
508,124,0.0,C8,8,0.5,2,MM noC,BG dtox,2,2,12/3/21
509,125,74.675,C8,7,0.5,2,MM noC,BG dtox,2,2,12/3/21
510,126,149.365,C8,8,0.5,2,MM noC,BG dtox,2,2,12/3/21
511,127,224.044,C8,8,0.5,2,MM noC,BG dtox,2,2,12/3/21
512,128,0.0,C9,4,0.25,4,MM noC,BG dtox,2,2,12/3/21
513,129,74.675,C9,5,0.25,4,MM noC,BG dtox,2,2,12/3/21
514,130,149.365,C9,4,0.25,4,MM noC,BG dtox,2,2,12/3/21
515,131,224.044,C9,5,0.25,4,MM noC,BG dtox,2,2,12/3/21
516,132,0.0,C10,3,0.125,8,MM noC,BG dtox,2,2,12/3/21
517,133,74.675,C10,2,0.125,8,MM noC,BG dtox,2,2,12/3/21
518,134,149.365,C10,3,0.125,8,MM noC,BG dtox,2,2,12/3/21
519,135,224.044,C10,3,0.125,8,MM noC,BG dtox,2,2,12/3/21
520,136,0.0,C11,2,0.0625,16,MM noC,BG dtox,2,2,12/3/21
521,137,74.675,C11,2,0.0625,16,MM noC,BG dtox,2,2,12/3/21
522,138,149.365,C11,2,0.0625,16,MM noC,BG dtox,2,2,12/3/21
523,139,224.044,C11,2,0.0625,16,MM noC,BG dtox,2,2,12/3/21
524,140,0.0,C12,1,0.03125,32,MM noC,BG dtox,2,2,12/3/21
525,141,74.675,C12,1,0.03125,32,MM noC,BG dtox,2,2,12/3/21
526,142,149.365,C12,1,0.03125,32,MM noC,BG dtox,2,2,12/3/21
527,143,224.044,C12,2,0.03125,32,MM noC,BG dtox,2,2,12/3/21
528,144,0.0,D1,39,1.0,1,MM noC,EC WT,2,2,12/3/21
529,145,74.675,D1,40,1.0,1,MM noC,EC WT,2,2,12/3/21
530,146,149.365,D1,41,1.0,1,MM noC,EC WT,2,2,12/3/21
531,147,224.044,D1,41,1.0,1,MM noC,EC WT,2,2,12/3/21
532,148,0.0,D2,21,0.5,2,MM noC,EC WT,2,2,12/3/21
533,149,74.675,D2,20,0.5,2,MM noC,EC WT,2,2,12/3/21
534,150,149.365,D2,21,0.5,2,MM noC,EC WT,2,2,12/3/21
535,151,224.044,D2,21,0.5,2,MM noC,EC WT,2,2,12/3/21
536,152,0.0,D3,10,0.25,4,MM noC,EC WT,2,2,12/3/21
537,153,74.675,D3,11,0.25,4,MM noC,EC WT,2,2,12/3/21
538,154,149.365,D3,11,0.25,4,MM noC,EC WT,2,2,12/3/21
539,155,224.044,D3,11,0.25,4,MM noC,EC WT,2,2,12/3/21
540,156,0.0,D4,5,0.125,8,MM noC,EC WT,2,2,12/3/21
541,157,74.675,D4,5,0.125,8,MM noC,EC WT,2,2,12/3/21
542,158,149.365,D4,5,0.125,8,MM noC,EC WT,2,2,12/3/21
543,159,224.044,D4,5,0.125,8,MM noC,EC WT,2,2,12/3/21
544,160,0.0,D5,4,0.0625,16,MM noC,EC WT,2,2,12/3/21
545,161,74.675,D5,4,0.0625,16,MM noC,EC WT,2,2,12/3/21
546,162,149.365,D5,4,0.0625,16,MM noC,EC WT,2,2,12/3/21
547,163,224.044,D5,4,0.0625,16,MM noC,EC WT,2,2,12/3/21
548,164,0.0,D6,2,0.03125,32,MM noC,EC WT,2,2,12/3/21
549,165,74.675,D6,3,0.03125,32,MM noC,EC WT,2,2,12/3/21
550,166,149.365,D6,2,0.03125,32,MM noC,EC WT,2,2,12/3/21
551,167,224.044,D6,2,0.03125,32,MM noC,EC WT,2,2,12/3/21
552,168,0.0,D7,13,1.0,1,MM noC,BG dtox,2,2,12/3/21
553,169,74.675,D7,14,1.0,1,MM noC,BG dtox,2,2,12/3/21
554,170,149.365,D7,14,1.0,1,MM noC,BG dtox,2,2,12/3/21
555,171,224.044,D7,13,1.0,1,MM noC,BG dtox,2,2,12/3/21
556,172,0.0,D8,7,0.5,2,MM noC,BG dtox,2,2,12/3/21
557,173,74.675,D8,8,0.5,2,MM noC,BG dtox,2,2,12/3/21
558,174,149.365,D8,7,0.5,2,MM noC,BG dtox,2,2,12/3/21
559,175,224.044,D8,8,0.5,2,MM noC,BG dtox,2,2,12/3/21
560,176,0.0,D9,4,0.25,4,MM noC,BG dtox,2,2,12/3/21
561,177,74.675,D9,4,0.25,4,MM noC,BG dtox,2,2,12/3/21
562,178,149.365,D9,4,0.25,4,MM noC,BG dtox,2,2,12/3/21
563,179,224.044,D9,4,0.25,4,MM noC,BG dtox,2,2,12/3/21
564,180,0.0,D10,2,0.125,8,MM noC,BG dtox,2,2,12/3/21
565,181,74.675,D10,3,0.125,8,MM noC,BG dtox,2,2,12/3/21
566,182,149.365,D10,3,0.125,8,MM noC,BG dtox,2,2,12/3/21
567,183,224.044,D10,3,0.125,8,MM noC,BG dtox,2,2,12/3/21
568,184,0.0,D11,2,0.0625,16,MM noC,BG dtox,2,2,12/3/21
569,185,74.675,D11,2,0.0625,16,MM noC,BG dtox,2,2,12/3/21
570,186,149.365,D11,2,0.0625,16,MM noC,BG dtox,2,2,12/3/21
571,187,224.044,D11,2,0.0625,16,MM noC,BG dtox,2,2,12/3/21
572,188,0.0,D12,2,0.03125,32,MM noC,BG dtox,2,2,12/3/21
573,189,74.675,D12,1,0.03125,32,MM noC,BG dtox,2,2,12/3/21
574,190,149.365,D12,1,0.03125,32,MM noC,BG dtox,2,2,12/3/21
575,191,224.044,D12,2,0.03125,32,MM noC,BG dtox,2,2,12/3/21
576,192,0.0,E1,13,1.0,1,MM noC,BG WT,1,2,12/3/21
577,193,74.675,E1,13,1.0,1,MM noC,BG WT,1,2,12/3/21
578,194,149.365,E1,14,1.0,1,MM noC,BG WT,1,2,12/3/21
579,195,224.044,E1,14,1.0,1,MM noC,BG WT,1,2,12/3/21
580,196,0.0,E2,8,0.5,2,MM noC,BG WT,1,2,12/3/21
581,197,74.675,E2,8,0.5,2,MM noC,BG WT,1,2,12/3/21
582,198,149.365,E2,8,0.5,2,MM noC,BG WT,1,2,12/3/21
583,199,224.044,E2,8,0.5,2,MM noC,BG WT,1,2,12/3/21
584,200,0.0,E3,5,0.25,4,MM noC,BG WT,1,2,12/3/21
585,201,74.675,E3,5,0.25,4,MM noC,BG WT,1,2,12/3/21
586,202,149.365,E3,5,0.25,4,MM noC,BG WT,1,2,12/3/21
587,203,224.044,E3,5,0.25,4,MM noC,BG WT,1,2,12/3/21
588,204,0.0,E4,3,0.125,8,MM noC,BG WT,1,2,12/3/21
589,205,74.675,E4,3,0.125,8,MM noC,BG WT,1,2,12/3/21
590,206,149.365,E4,3,0.125,8,MM noC,BG WT,1,2,12/3/21
591,207,224.044,E4,3,0.125,8,MM noC,BG WT,1,2,12/3/21
592,208,0.0,E5,2,0.0625,16,MM noC,BG WT,1,2,12/3/21
593,209,74.675,E5,2,0.0625,16,MM noC,BG WT,1,2,12/3/21
594,210,149.365,E5,2,0.0625,16,MM noC,BG WT,1,2,12/3/21
595,211,224.044,E5,2,0.0625,16,MM noC,BG WT,1,2,12/3/21
596,212,0.0,E6,1,0.03125,32,MM noC,BG WT,1,2,12/3/21
597,213,74.675,E6,1,0.03125,32,MM noC,BG WT,1,2,12/3/21
598,214,149.365,E6,2,0.03125,32,MM noC,BG WT,1,2,12/3/21
599,215,224.044,E6,2,0.03125,32,MM noC,BG WT,1,2,12/3/21
600,216,0.0,E7,1,1.0,1,MM noC,BLANK,1,2,12/3/21
601,217,74.675,E7,1,1.0,1,MM noC,BLANK,1,2,12/3/21
602,218,149.365,E7,1,1.0,1,MM noC,BLANK,1,2,12/3/21
603,219,224.044,E7,1,1.0,1,MM noC,BLANK,1,2,12/3/21
604,220,0.0,E8,1,1.0,1,MM noC,BLANK,1,2,12/3/21
605,221,74.675,E8,1,1.0,1,MM noC,BLANK,1,2,12/3/21
606,222,149.365,E8,1,1.0,1,MM noC,BLANK,1,2,12/3/21
607,223,224.044,E8,1,1.0,1,MM noC,BLANK,1,2,12/3/21
608,224,0.0,E9,1,1.0,1,MM noC,BLANK,1,2,12/3/21
609,225,74.675,E9,1,1.0,1,MM noC,BLANK,1,2,12/3/21
610,226,149.365,E9,1,1.0,1,MM noC,BLANK,1,2,12/3/21
611,227,224.044,E9,1,1.0,1,MM noC,BLANK,1,2,12/3/21
612,228,0.0,E10,1,1.0,1,MM noC,BLANK,1,2,12/3/21
613,229,74.675,E10,1,1.0,1,MM noC,BLANK,1,2,12/3/21
614,230,149.365,E10,1,1.0,1,MM noC,BLANK,1,2,12/3/21
615,231,224.044,E10,1,1.0,1,MM noC,BLANK,1,2,12/3/21
616,232,0.0,E11,1,1.0,1,MM noC,BLANK,1,2,12/3/21
617,233,74.675,E11,1,1.0,1,MM noC,BLANK,1,2,12/3/21
618,234,149.365,E11,1,1.0,1,MM noC,BLANK,1,2,12/3/21
619,235,224.044,E11,1,1.0,1,MM noC,BLANK,1,2,12/3/21
620,236,0.0,E12,1,1.0,1,MM noC,BLANK,1,2,12/3/21
621,237,74.675,E12,1,1.0,1,MM noC,BLANK,1,2,12/3/21
622,238,149.365,E12,1,1.0,1,MM noC,BLANK,1,2,12/3/21
623,239,224.044,E12,2,1.0,1,MM noC,BLANK,1,2,12/3/21
624,240,0.0,F1,16,1.0,1,MM noC,BG WT,1,2,12/3/21
625,241,74.675,F1,16,1.0,1,MM noC,BG WT,1,2,12/3/21
626,242,149.365,F1,16,1.0,1,MM noC,BG WT,1,2,12/3/21
627,243,224.044,F1,16,1.0,1,MM noC,BG WT,1,2,12/3/21
628,244,0.0,F2,8,0.5,2,MM noC,BG WT,1,2,12/3/21
629,245,74.675,F2,8,0.5,2,MM noC,BG WT,1,2,12/3/21
630,246,149.365,F2,8,0.5,2,MM noC,BG WT,1,2,12/3/21
631,247,224.044,F2,9,0.5,2,MM noC,BG WT,1,2,12/3/21
632,248,0.0,F3,5,0.25,4,MM noC,BG WT,1,2,12/3/21
633,249,74.675,F3,5,0.25,4,MM noC,BG WT,1,2,12/3/21
634,250,149.365,F3,5,0.25,4,MM noC,BG WT,1,2,12/3/21
635,251,224.044,F3,6,0.25,4,MM noC,BG WT,1,2,12/3/21
636,252,0.0,F4,2,0.125,8,MM noC,BG WT,1,2,12/3/21
637,253,74.675,F4,2,0.125,8,MM noC,BG WT,1,2,12/3/21
638,254,149.365,F4,3,0.125,8,MM noC,BG WT,1,2,12/3/21
639,255,224.044,F4,3,0.125,8,MM noC,BG WT,1,2,12/3/21
640,256,0.0,F5,2,0.0625,16,MM noC,BG WT,1,2,12/3/21
641,257,74.675,F5,2,0.0625,16,MM noC,BG WT,1,2,12/3/21
642,258,149.365,F5,2,0.0625,16,MM noC,BG WT,1,2,12/3/21
643,259,224.044,F5,2,0.0625,16,MM noC,BG WT,1,2,12/3/21
644,260,0.0,F6,2,0.03125,32,MM noC,BG WT,1,2,12/3/21
645,261,74.675,F6,1,0.03125,32,MM noC,BG WT,1,2,12/3/21
646,262,149.365,F6,2,0.03125,32,MM noC,BG WT,1,2,12/3/21
647,263,224.044,F6,2,0.03125,32,MM noC,BG WT,1,2,12/3/21
648,264,0.0,F7,1,1.0,1,MM noC,BLANK,1,2,12/3/21
649,265,74.675,F7,1,1.0,1,MM noC,BLANK,1,2,12/3/21
650,266,149.365,F7,1,1.0,1,MM noC,BLANK,1,2,12/3/21
651,267,224.044,F7,1,1.0,1,MM noC,BLANK,1,2,12/3/21
652,268,0.0,F8,1,1.0,1,MM noC,BLANK,1,2,12/3/21
653,269,74.675,F8,1,1.0,1,MM noC,BLANK,1,2,12/3/21
654,270,149.365,F8,1,1.0,1,MM noC,BLANK,1,2,12/3/21
655,271,224.044,F8,1,1.0,1,MM noC,BLANK,1,2,12/3/21
656,272,0.0,F9,1,1.0,1,MM noC,BLANK,1,2,12/3/21
657,273,74.675,F9,1,1.0,1,MM noC,BLANK,1,2,12/3/21
658,274,149.365,F9,1,1.0,1,MM noC,BLANK,1,2,12/3/21
659,275,224.044,F9,1,1.0,1,MM noC,BLANK,1,2,12/3/21
660,276,0.0,F10,1,1.0,1,MM noC,BLANK,1,2,12/3/21
661,277,74.675,F10,1,1.0,1,MM noC,BLANK,1,2,12/3/21
662,278,149.365,F10,1,1.0,1,MM noC,BLANK,1,2,12/3/21
663,279,224.044,F10,1,1.0,1,MM noC,BLANK,1,2,12/3/21
664,280,0.0,F11,1,1.0,1,MM noC,BLANK,1,2,12/3/21
665,281,74.675,F11,1,1.0,1,MM noC,BLANK,1,2,12/3/21
666,282,149.365,F11,1,1.0,1,MM noC,BLANK,1,2,12/3/21
667,283,224.044,F11,1,1.0,1,MM noC,BLANK,1,2,12/3/21
668,284,0.0,F12,1,1.0,1,MM noC,BLANK,1,2,12/3/21
669,285,74.675,F12,1,1.0,1,MM noC,BLANK,1,2,12/3/21
670,286,149.365,F12,1,1.0,1,MM noC,BLANK,1,2,12/3/21
671,287,224.044,F12,1,1.0,1,MM noC,BLANK,1,2,12/3/21
672,288,0.0,G1,14,1.0,1,MM noC,BG WT,2,2,12/3/21
673,289,74.675,G1,14,1.0,1,MM noC,BG WT,2,2,12/3/21
674,290,149.365,G1,14,1.0,1,MM noC,BG WT,2,2,12/3/21
675,291,224.044,G1,14,1.0,1,MM noC,BG WT,2,2,12/3/21
676,292,0.0,G2,8,0.5,2,MM noC,BG WT,2,2,12/3/21
677,293,74.675,G2,8,0.5,2,MM noC,BG WT,2,2,12/3/21
678,294,149.365,G2,9,0.5,2,MM noC,BG WT,2,2,12/3/21
679,295,224.044,G2,9,0.5,2,MM noC,BG WT,2,2,12/3/21
680,296,0.0,G3,4,0.25,4,MM noC,BG WT,2,2,12/3/21
681,297,74.675,G3,4,0.25,4,MM noC,BG WT,2,2,12/3/21
682,298,149.365,G3,4,0.25,4,MM noC,BG WT,2,2,12/3/21
683,299,224.044,G3,5,0.25,4,MM noC,BG WT,2,2,12/3/21
684,300,0.0,G4,3,0.125,8,MM noC,BG WT,2,2,12/3/21
685,301,74.675,G4,3,0.125,8,MM noC,BG WT,2,2,12/3/21
686,302,149.365,G4,3,0.125,8,MM noC,BG WT,2,2,12/3/21
687,303,224.044,G4,3,0.125,8,MM noC,BG WT,2,2,12/3/21
688,304,0.0,G5,2,0.0625,16,MM noC,BG WT,2,2,12/3/21
689,305,74.675,G5,2,0.0625,16,MM noC,BG WT,2,2,12/3/21
690,306,149.365,G5,2,0.0625,16,MM noC,BG WT,2,2,12/3/21
691,307,224.044,G5,2,0.0625,16,MM noC,BG WT,2,2,12/3/21
692,308,0.0,G6,2,0.03125,32,MM noC,BG WT,2,2,12/3/21
693,309,74.675,G6,1,0.03125,32,MM noC,BG WT,2,2,12/3/21
694,310,149.365,G6,2,0.03125,32,MM noC,BG WT,2,2,12/3/21
695,311,224.044,G6,2,0.03125,32,MM noC,BG WT,2,2,12/3/21
696,312,0.0,G7,1,1.0,1,MM noC,BLANK,1,2,12/3/21
697,313,74.675,G7,1,1.0,1,MM noC,BLANK,1,2,12/3/21
698,314,149.365,G7,1,1.0,1,MM noC,BLANK,1,2,12/3/21
699,315,224.044,G7,1,1.0,1,MM noC,BLANK,1,2,12/3/21
700,316,0.0,G8,1,1.0,1,MM noC,BLANK,1,2,12/3/21
701,317,74.675,G8,1,1.0,1,MM noC,BLANK,1,2,12/3/21
702,318,149.365,G8,1,1.0,1,MM noC,BLANK,1,2,12/3/21
703,319,224.044,G8,1,1.0,1,MM noC,BLANK,1,2,12/3/21
704,320,0.0,G9,1,1.0,1,MM noC,BLANK,1,2,12/3/21
705,321,74.675,G9,1,1.0,1,MM noC,BLANK,1,2,12/3/21
706,322,149.365,G9,1,1.0,1,MM noC,BLANK,1,2,12/3/21
707,323,224.044,G9,1,1.0,1,MM noC,BLANK,1,2,12/3/21
708,324,0.0,G10,1,1.0,1,MM noC,BLANK,1,2,12/3/21
709,325,74.675,G10,1,1.0,1,MM noC,BLANK,1,2,12/3/21
710,326,149.365,G10,1,1.0,1,MM noC,BLANK,1,2,12/3/21
711,327,224.044,G10,1,1.0,1,MM noC,BLANK,1,2,12/3/21
712,328,0.0,G11,1,1.0,1,MM noC,BLANK,1,2,12/3/21
713,329,74.675,G11,1,1.0,1,MM noC,BLANK,1,2,12/3/21
714,330,149.365,G11,1,1.0,1,MM noC,BLANK,1,2,12/3/21
715,331,224.044,G11,1,1.0,1,MM noC,BLANK,1,2,12/3/21
716,332,0.0,G12,1,1.0,1,MM noC,BLANK,1,2,12/3/21
717,333,74.675,G12,1,1.0,1,MM noC,BLANK,1,2,12/3/21
718,334,149.365,G12,1,1.0,1,MM noC,BLANK,1,2,12/3/21
719,335,224.044,G12,1,1.0,1,MM noC,BLANK,1,2,12/3/21
720,336,0.0,H1,15,1.0,1,MM noC,BG WT,2,2,12/3/21
721,337,74.675,H1,15,1.0,1,MM noC,BG WT,2,2,12/3/21
722,338,149.365,H1,15,1.0,1,MM noC,BG WT,2,2,12/3/21
723,339,224.044,H1,15,1.0,1,MM noC,BG WT,2,2,12/3/21
724,340,0.0,H2,9,0.5,2,MM noC,BG WT,2,2,12/3/21
725,341,74.675,H2,9,0.5,2,MM noC,BG WT,2,2,12/3/21
726,342,149.365,H2,9,0.5,2,MM noC,BG WT,2,2,12/3/21
727,343,224.044,H2,9,0.5,2,MM noC,BG WT,2,2,12/3/21
728,344,0.0,H3,4,0.25,4,MM noC,BG WT,2,2,12/3/21
729,345,74.675,H3,5,0.25,4,MM noC,BG WT,2,2,12/3/21
730,346,149.365,H3,5,0.25,4,MM noC,BG WT,2,2,12/3/21
731,347,224.044,H3,5,0.25,4,MM noC,BG WT,2,2,12/3/21
732,348,0.0,H4,2,0.125,8,MM noC,BG WT,2,2,12/3/21
733,349,74.675,H4,3,0.125,8,MM noC,BG WT,2,2,12/3/21
734,350,149.365,H4,2,0.125,8,MM noC,BG WT,2,2,12/3/21
735,351,224.044,H4,3,0.125,8,MM noC,BG WT,2,2,12/3/21
736,352,0.0,H5,2,0.0625,16,MM noC,BG WT,2,2,12/3/21
737,353,74.675,H5,2,0.0625,16,MM noC,BG WT,2,2,12/3/21
738,354,149.365,H5,2,0.0625,16,MM noC,BG WT,2,2,12/3/21
739,355,224.044,H5,2,0.0625,16,MM noC,BG WT,2,2,12/3/21
740,356,0.0,H6,1,0.03125,32,MM noC,BG WT,2,2,12/3/21
741,357,74.675,H6,2,0.03125,32,MM noC,BG WT,2,2,12/3/21
742,358,149.365,H6,1,0.03125,32,MM noC,BG WT,2,2,12/3/21
743,359,224.044,H6,2,0.03125,32,MM noC,BG WT,2,2,12/3/21
744,360,0.0,H7,1,1.0,1,MM noC,BLANK,1,2,12/3/21
745,361,74.675,H7,1,1.0,1,MM noC,BLANK,1,2,12/3/21
746,362,149.365,H7,1,1.0,1,MM noC,BLANK,1,2,12/3/21
747,363,224.044,H7,1,1.0,1,MM noC,BLANK,1,2,12/3/21
748,364,0.0,H8,1,1.0,1,MM noC,BLANK,1,2,12/3/21
749,365,74.675,H8,1,1.0,1,MM noC,BLANK,1,2,12/3/21
750,366,149.365,H8,1,1.0,1,MM noC,BLANK,1,2,12/3/21
751,367,224.044,H8,1,1.0,1,MM noC,BLANK,1,2,12/3/21
752,368,0.0,H9,1,1.0,1,MM noC,BLANK,1,2,12/3/21
753,369,74.675,H9,1,1.0,1,MM noC,BLANK,1,2,12/3/21
754,370,149.365,H9,1,1.0,1,MM noC,BLANK,1,2,12/3/21
755,371,224.044,H9,1,1.0,1,MM noC,BLANK,1,2,12/3/21
756,372,0.0,H10,1,1.0,1,MM noC,BLANK,1,2,12/3/21
757,373,74.675,H10,1,1.0,1,MM noC,BLANK,1,2,12/3/21
758,374,149.365,H10,1,1.0,1,MM noC,BLANK,1,2,12/3/21
759,375,224.044,H10,1,1.0,1,MM noC,BLANK,1,2,12/3/21
760,376,0.0,H11,1,1.0,1,MM noC,BLANK,1,2,12/3/21
761,377,74.675,H11,1,1.0,1,MM noC,BLANK,1,2,12/3/21
762,378,149.365,H11,1,1.0,1,MM noC,BLANK,1,2,12/3/21
763,379,224.044,H11,1,1.0,1,MM noC,BLANK,1,2,12/3/21
764,380,0.0,H12,1,1.0,1,MM noC,BLANK,1,2,12/3/21
765,381,74.675,H12,1,1.0,1,MM noC,BLANK,1,2,12/3/21
766,382,149.365,H12,1,1.0,1,MM noC,BLANK,1,2,12/3/21
767,383,224.044,H12,1,1.0,1,MM noC,BLANK,1,2,12/3/21
