,time_s,well,pt_fluor,concentration,fold_dilution,media,name,replicate,plate,date,blanked_pt_fluor,u_blanked_pt_fluor
0,0.0,A1,4123,1.0,1,MM gluc+AA,PA14 WT,1,1,5/27/22,4041.09375,26.159429891557437
1,140.026,A1,4145,1.0,1,MM gluc+AA,PA14 WT,1,1,5/27/22,4063.09375,26.159429891557437
2,280.049,A1,4168,1.0,1,MM gluc+AA,PA14 WT,1,1,5/27/22,4086.09375,26.159429891557437
3,420.059,A1,4169,1.0,1,MM gluc+AA,PA14 WT,1,1,5/27/22,4087.09375,26.159429891557437
4,0.0,A2,1870,0.5,2,MM gluc+AA,PA14 WT,1,1,5/27/22,1788.09375,26.159429891557437
5,140.026,A2,1877,0.5,2,MM gluc+AA,PA14 WT,1,1,5/27/22,1795.09375,26.159429891557437
6,280.049,A2,1829,0.5,2,MM gluc+AA,PA14 WT,1,1,5/27/22,1747.09375,26.159429891557437
7,420.059,A2,1862,0.5,2,MM gluc+AA,PA14 WT,1,1,5/27/22,1780.09375,26.159429891557437
8,0.0,A3,1171,0.25,4,MM gluc+AA,PA14 WT,1,1,5/27/22,1089.09375,26.159429891557437
9,140.026,A3,1163,0.25,4,MM gluc+AA,PA14 WT,1,1,5/27/22,1081.09375,26.159429891557437
10,280.049,A3,1151,0.25,4,MM gluc+AA,PA14 WT,1,1,5/27/22,1069.09375,26.159429891557437
11,420.059,A3,1151,0.25,4,MM gluc+AA,PA14 WT,1,1,5/27/22,1069.09375,26.159429891557437
12,0.0,A4,765,0.125,8,MM gluc+AA,PA14 WT,1,1,5/27/22,683.09375,26.159429891557437
13,140.026,A4,760,0.125,8,MM gluc+AA,PA14 WT,1,1,5/27/22,678.09375,26.159429891557437
14,280.049,A4,755,0.125,8,MM gluc+AA,PA14 WT,1,1,5/27/22,673.09375,26.159429891557437
15,420.059,A4,746,0.125,8,MM gluc+AA,PA14 WT,1,1,5/27/22,664.09375,26.159429891557437
16,0.0,A5,906,1.0,1,MM gluc+AA,PS,1,1,5/27/22,824.09375,26.159429891557437
17,140.026,A5,903,1.0,1,MM gluc+AA,PS,1,1,5/27/22,821.09375,26.159429891557437
18,280.049,A5,899,1.0,1,MM gluc+AA,PS,1,1,5/27/22,817.09375,26.159429891557437
19,420.059,A5,899,1.0,1,MM gluc+AA,PS,1,1,5/27/22,817.09375,26.159429891557437
20,0.0,A6,664,0.5,2,MM gluc+AA,PS,1,1,5/27/22,582.09375,26.159429891557437
21,140.026,A6,660,0.5,2,MM gluc+AA,PS,1,1,5/27/22,578.09375,26.159429891557437
22,280.049,A6,659,0.5,2,MM gluc+AA,PS,1,1,5/27/22,577.09375,26.159429891557437
23,420.059,A6,654,0.5,2,MM gluc+AA,PS,1,1,5/27/22,572.09375,26.159429891557437
24,0.0,A7,341,0.25,4,MM gluc+AA,PS,1,1,5/27/22,259.09375,26.159429891557437
25,140.026,A7,333,0.25,4,MM gluc+AA,PS,1,1,5/27/22,251.09375,26.159429891557437
26,280.049,A7,323,0.25,4,MM gluc+AA,PS,1,1,5/27/22,241.09375,26.159429891557437
27,420.059,A7,324,0.25,4,MM gluc+AA,PS,1,1,5/27/22,242.09375,26.159429891557437
28,0.0,A8,254,0.125,8,MM gluc+AA,PS,1,1,5/27/22,172.09375,26.159429891557437
29,140.026,A8,240,0.125,8,MM gluc+AA,PS,1,1,5/27/22,158.09375,26.159429891557437
30,280.049,A8,244,0.125,8,MM gluc+AA,PS,1,1,5/27/22,162.09375,26.159429891557437
31,420.059,A8,246,0.125,8,MM gluc+AA,PS,1,1,5/27/22,164.09375,26.159429891557437
32,0.0,A9,681,1.0,1,MM gluc+AA,CG,1,1,5/27/22,599.09375,26.159429891557437
33,140.026,A9,669,1.0,1,MM gluc+AA,CG,1,1,5/27/22,587.09375,26.159429891557437
34,280.049,A9,680,1.0,1,MM gluc+AA,CG,1,1,5/27/22,598.09375,26.159429891557437
35,420.059,A9,669,1.0,1,MM gluc+AA,CG,1,1,5/27/22,587.09375,26.159429891557437
36,0.0,A10,414,0.5,2,MM gluc+AA,CG,1,1,5/27/22,332.09375,26.159429891557437
37,140.026,A10,408,0.5,2,MM gluc+AA,CG,1,1,5/27/22,326.09375,26.159429891557437
38,280.049,A10,411,0.5,2,MM gluc+AA,CG,1,1,5/27/22,329.09375,26.159429891557437
39,420.059,A10,399,0.5,2,MM gluc+AA,CG,1,1,5/27/22,317.09375,26.159429891557437
40,0.0,A11,274,0.25,4,MM gluc+AA,CG,1,1,5/27/22,192.09375,26.159429891557437
41,140.026,A11,261,0.25,4,MM gluc+AA,CG,1,1,5/27/22,179.09375,26.159429891557437
42,280.049,A11,264,0.25,4,MM gluc+AA,CG,1,1,5/27/22,182.09375,26.159429891557437
43,420.059,A11,262,0.25,4,MM gluc+AA,CG,1,1,5/27/22,180.09375,26.159429891557437
44,0.0,A12,189,0.125,8,MM gluc+AA,CG,1,1,5/27/22,107.09375,26.159429891557437
45,140.026,A12,192,0.125,8,MM gluc+AA,CG,1,1,5/27/22,110.09375,26.159429891557437
46,280.049,A12,187,0.125,8,MM gluc+AA,CG,1,1,5/27/22,105.09375,26.159429891557437
47,420.059,A12,194,0.125,8,MM gluc+AA,CG,1,1,5/27/22,112.09375,26.159429891557437
48,0.0,B1,4345,1.0,1,MM gluc+AA,PA14 WT,1,1,5/27/22,4263.09375,26.159429891557437
49,140.026,B1,4309,1.0,1,MM gluc+AA,PA14 WT,1,1,5/27/22,4227.09375,26.159429891557437
50,280.049,B1,4345,1.0,1,MM gluc+AA,PA14 WT,1,1,5/27/22,4263.09375,26.159429891557437
51,420.059,B1,4356,1.0,1,MM gluc+AA,PA14 WT,1,1,5/27/22,4274.09375,26.159429891557437
52,0.0,B2,2064,0.5,2,MM gluc+AA,PA14 WT,1,1,5/27/22,1982.09375,26.159429891557437
53,140.026,B2,2094,0.5,2,MM gluc+AA,PA14 WT,1,1,5/27/22,2012.09375,26.159429891557437
54,280.049,B2,2059,0.5,2,MM gluc+AA,PA14 WT,1,1,5/27/22,1977.09375,26.159429891557437
55,420.059,B2,2054,0.5,2,MM gluc+AA,PA14 WT,1,1,5/27/22,1972.09375,26.159429891557437
56,0.0,B3,1339,0.25,4,MM gluc+AA,PA14 WT,1,1,5/27/22,1257.09375,26.159429891557437
57,140.026,B3,1319,0.25,4,MM gluc+AA,PA14 WT,1,1,5/27/22,1237.09375,26.159429891557437
58,280.049,B3,1321,0.25,4,MM gluc+AA,PA14 WT,1,1,5/27/22,1239.09375,26.159429891557437
59,420.059,B3,1336,0.25,4,MM gluc+AA,PA14 WT,1,1,5/27/22,1254.09375,26.159429891557437
60,0.0,B4,774,0.125,8,MM gluc+AA,PA14 WT,1,1,5/27/22,692.09375,26.159429891557437
61,140.026,B4,764,0.125,8,MM gluc+AA,PA14 WT,1,1,5/27/22,682.09375,26.159429891557437
62,280.049,B4,775,0.125,8,MM gluc+AA,PA14 WT,1,1,5/27/22,693.09375,26.159429891557437
63,420.059,B4,767,0.125,8,MM gluc+AA,PA14 WT,1,1,5/27/22,685.09375,26.159429891557437
64,0.0,B5,826,1.0,1,MM gluc+AA,PS,1,1,5/27/22,744.09375,26.159429891557437
65,140.026,B5,821,1.0,1,MM gluc+AA,PS,1,1,5/27/22,739.09375,26.159429891557437
66,280.049,B5,817,1.0,1,MM gluc+AA,PS,1,1,5/27/22,735.09375,26.159429891557437
67,420.059,B5,812,1.0,1,MM gluc+AA,PS,1,1,5/27/22,730.09375,26.159429891557437
68,0.0,B6,547,0.5,2,MM gluc+AA,PS,1,1,5/27/22,465.09375,26.159429891557437
69,140.026,B6,536,0.5,2,MM gluc+AA,PS,1,1,5/27/22,454.09375,26.159429891557437
70,280.049,B6,539,0.5,2,MM gluc+AA,PS,1,1,5/27/22,457.09375,26.159429891557437
71,420.059,B6,533,0.5,2,MM gluc+AA,PS,1,1,5/27/22,451.09375,26.159429891557437
72,0.0,B7,387,0.25,4,MM gluc+AA,PS,1,1,5/27/22,305.09375,26.159429891557437
73,140.026,B7,378,0.25,4,MM gluc+AA,PS,1,1,5/27/22,296.09375,26.159429891557437
74,280.049,B7,384,0.25,4,MM gluc+AA,PS,1,1,5/27/22,302.09375,26.159429891557437
75,420.059,B7,372,0.25,4,MM gluc+AA,PS,1,1,5/27/22,290.09375,26.159429891557437
76,0.0,B8,273,0.125,8,MM gluc+AA,PS,1,1,5/27/22,191.09375,26.159429891557437
77,140.026,B8,267,0.125,8,MM gluc+AA,PS,1,1,5/27/22,185.09375,26.159429891557437
78,280.049,B8,262,0.125,8,MM gluc+AA,PS,1,1,5/27/22,180.09375,26.159429891557437
79,420.059,B8,265,0.125,8,MM gluc+AA,PS,1,1,5/27/22,183.09375,26.159429891557437
80,0.0,B9,699,1.0,1,MM gluc+AA,CG,1,1,5/27/22,617.09375,26.159429891557437
81,140.026,B9,697,1.0,1,MM gluc+AA,CG,1,1,5/27/22,615.09375,26.159429891557437
82,280.049,B9,675,1.0,1,MM gluc+AA,CG,1,1,5/27/22,593.09375,26.159429891557437
83,420.059,B9,689,1.0,1,MM gluc+AA,CG,1,1,5/27/22,607.09375,26.159429891557437
84,0.0,B10,426,0.5,2,MM gluc+AA,CG,1,1,5/27/22,344.09375,26.159429891557437
85,140.026,B10,418,0.5,2,MM gluc+AA,CG,1,1,5/27/22,336.09375,26.159429891557437
86,280.049,B10,406,0.5,2,MM gluc+AA,CG,1,1,5/27/22,324.09375,26.159429891557437
87,420.059,B10,405,0.5,2,MM gluc+AA,CG,1,1,5/27/22,323.09375,26.159429891557437
88,0.0,B11,286,0.25,4,MM gluc+AA,CG,1,1,5/27/22,204.09375,26.159429891557437
89,140.026,B11,281,0.25,4,MM gluc+AA,CG,1,1,5/27/22,199.09375,26.159429891557437
90,280.049,B11,276,0.25,4,MM gluc+AA,CG,1,1,5/27/22,194.09375,26.159429891557437
91,420.059,B11,280,0.25,4,MM gluc+AA,CG,1,1,5/27/22,198.09375,26.159429891557437
92,0.0,B12,201,0.125,8,MM gluc+AA,CG,1,1,5/27/22,119.09375,26.159429891557437
93,140.026,B12,191,0.125,8,MM gluc+AA,CG,1,1,5/27/22,109.09375,26.159429891557437
94,280.049,B12,193,0.125,8,MM gluc+AA,CG,1,1,5/27/22,111.09375,26.159429891557437
95,420.059,B12,193,0.125,8,MM gluc+AA,CG,1,1,5/27/22,111.09375,26.159429891557437
96,0.0,C1,3868,1.0,1,MM gluc+AA,PA14 WT,2,1,5/27/22,3786.09375,26.159429891557437
97,140.026,C1,3916,1.0,1,MM gluc+AA,PA14 WT,2,1,5/27/22,3834.09375,26.159429891557437
98,280.049,C1,3906,1.0,1,MM gluc+AA,PA14 WT,2,1,5/27/22,3824.09375,26.159429891557437
99,420.059,C1,3880,1.0,1,MM gluc+AA,PA14 WT,2,1,5/27/22,3798.09375,26.159429891557437
100,0.0,C2,2163,0.5,2,MM gluc+AA,PA14 WT,2,1,5/27/22,2081.09375,26.159429891557437
101,140.026,C2,2200,0.5,2,MM gluc+AA,PA14 WT,2,1,5/27/22,2118.09375,26.159429891557437
102,280.049,C2,2191,0.5,2,MM gluc+AA,PA14 WT,2,1,5/27/22,2109.09375,26.159429891557437
103,420.059,C2,2162,0.5,2,MM gluc+AA,PA14 WT,2,1,5/27/22,2080.09375,26.159429891557437
104,0.0,C3,1256,0.25,4,MM gluc+AA,PA14 WT,2,1,5/27/22,1174.09375,26.159429891557437
105,140.026,C3,1278,0.25,4,MM gluc+AA,PA14 WT,2,1,5/27/22,1196.09375,26.159429891557437
106,280.049,C3,1270,0.25,4,MM gluc+AA,PA14 WT,2,1,5/27/22,1188.09375,26.159429891557437
107,420.059,C3,1269,0.25,4,MM gluc+AA,PA14 WT,2,1,5/27/22,1187.09375,26.159429891557437
108,0.0,C4,817,0.125,8,MM gluc+AA,PA14 WT,2,1,5/27/22,735.09375,26.159429891557437
109,140.026,C4,817,0.125,8,MM gluc+AA,PA14 WT,2,1,5/27/22,735.09375,26.159429891557437
110,280.049,C4,821,0.125,8,MM gluc+AA,PA14 WT,2,1,5/27/22,739.09375,26.159429891557437
111,420.059,C4,830,0.125,8,MM gluc+AA,PA14 WT,2,1,5/27/22,748.09375,26.159429891557437
112,0.0,C5,863,1.0,1,MM gluc+AA,PS,2,1,5/27/22,781.09375,26.159429891557437
113,140.026,C5,861,1.0,1,MM gluc+AA,PS,2,1,5/27/22,779.09375,26.159429891557437
114,280.049,C5,865,1.0,1,MM gluc+AA,PS,2,1,5/27/22,783.09375,26.159429891557437
115,420.059,C5,862,1.0,1,MM gluc+AA,PS,2,1,5/27/22,780.09375,26.159429891557437
116,0.0,C6,624,0.5,2,MM gluc+AA,PS,2,1,5/27/22,542.09375,26.159429891557437
117,140.026,C6,622,0.5,2,MM gluc+AA,PS,2,1,5/27/22,540.09375,26.159429891557437
118,280.049,C6,605,0.5,2,MM gluc+AA,PS,2,1,5/27/22,523.09375,26.159429891557437
119,420.059,C6,597,0.5,2,MM gluc+AA,PS,2,1,5/27/22,515.09375,26.159429891557437
120,0.0,C7,425,0.25,4,MM gluc+AA,PS,2,1,5/27/22,343.09375,26.159429891557437
121,140.026,C7,422,0.25,4,MM gluc+AA,PS,2,1,5/27/22,340.09375,26.159429891557437
122,280.049,C7,417,0.25,4,MM gluc+AA,PS,2,1,5/27/22,335.09375,26.159429891557437
123,420.059,C7,413,0.25,4,MM gluc+AA,PS,2,1,5/27/22,331.09375,26.159429891557437
124,0.0,C8,272,0.125,8,MM gluc+AA,PS,2,1,5/27/22,190.09375,26.159429891557437
125,140.026,C8,271,0.125,8,MM gluc+AA,PS,2,1,5/27/22,189.09375,26.159429891557437
126,280.049,C8,261,0.125,8,MM gluc+AA,PS,2,1,5/27/22,179.09375,26.159429891557437
127,420.059,C8,264,0.125,8,MM gluc+AA,PS,2,1,5/27/22,182.09375,26.159429891557437
128,0.0,C9,785,1.0,1,MM gluc+AA,CG,2,1,5/27/22,703.09375,26.159429891557437
129,140.026,C9,752,1.0,1,MM gluc+AA,CG,2,1,5/27/22,670.09375,26.159429891557437
130,280.049,C9,757,1.0,1,MM gluc+AA,CG,2,1,5/27/22,675.09375,26.159429891557437
131,420.059,C9,750,1.0,1,MM gluc+AA,CG,2,1,5/27/22,668.09375,26.159429891557437
132,0.0,C10,491,0.5,2,MM gluc+AA,CG,2,1,5/27/22,409.09375,26.159429891557437
133,140.026,C10,485,0.5,2,MM gluc+AA,CG,2,1,5/27/22,403.09375,26.159429891557437
134,280.049,C10,489,0.5,2,MM gluc+AA,CG,2,1,5/27/22,407.09375,26.159429891557437
135,420.059,C10,482,0.5,2,MM gluc+AA,CG,2,1,5/27/22,400.09375,26.159429891557437
136,0.0,C11,300,0.25,4,MM gluc+AA,CG,2,1,5/27/22,218.09375,26.159429891557437
137,140.026,C11,297,0.25,4,MM gluc+AA,CG,2,1,5/27/22,215.09375,26.159429891557437
138,280.049,C11,291,0.25,4,MM gluc+AA,CG,2,1,5/27/22,209.09375,26.159429891557437
139,420.059,C11,296,0.25,4,MM gluc+AA,CG,2,1,5/27/22,214.09375,26.159429891557437
140,0.0,C12,199,0.125,8,MM gluc+AA,CG,2,1,5/27/22,117.09375,26.159429891557437
141,140.026,C12,195,0.125,8,MM gluc+AA,CG,2,1,5/27/22,113.09375,26.159429891557437
142,280.049,C12,193,0.125,8,MM gluc+AA,CG,2,1,5/27/22,111.09375,26.159429891557437
143,420.059,C12,194,0.125,8,MM gluc+AA,CG,2,1,5/27/22,112.09375,26.159429891557437
144,0.0,D1,4043,1.0,1,MM gluc+AA,PA14 WT,2,1,5/27/22,3961.09375,26.159429891557437
145,140.026,D1,4057,1.0,1,MM gluc+AA,PA14 WT,2,1,5/27/22,3975.09375,26.159429891557437
146,280.049,D1,4069,1.0,1,MM gluc+AA,PA14 WT,2,1,5/27/22,3987.09375,26.159429891557437
147,420.059,D1,4061,1.0,1,MM gluc+AA,PA14 WT,2,1,5/27/22,3979.09375,26.159429891557437
148,0.0,D2,2305,0.5,2,MM gluc+AA,PA14 WT,2,1,5/27/22,2223.09375,26.159429891557437
149,140.026,D2,2328,0.5,2,MM gluc+AA,PA14 WT,2,1,5/27/22,2246.09375,26.159429891557437
150,280.049,D2,2310,0.5,2,MM gluc+AA,PA14 WT,2,1,5/27/22,2228.09375,26.159429891557437
151,420.059,D2,2284,0.5,2,MM gluc+AA,PA14 WT,2,1,5/27/22,2202.09375,26.159429891557437
152,0.0,D3,1398,0.25,4,MM gluc+AA,PA14 WT,2,1,5/27/22,1316.09375,26.159429891557437
153,140.026,D3,1385,0.25,4,MM gluc+AA,PA14 WT,2,1,5/27/22,1303.09375,26.159429891557437
154,280.049,D3,1409,0.25,4,MM gluc+AA,PA14 WT,2,1,5/27/22,1327.09375,26.159429891557437
155,420.059,D3,1395,0.25,4,MM gluc+AA,PA14 WT,2,1,5/27/22,1313.09375,26.159429891557437
156,0.0,D4,833,0.125,8,MM gluc+AA,PA14 WT,2,1,5/27/22,751.09375,26.159429891557437
157,140.026,D4,836,0.125,8,MM gluc+AA,PA14 WT,2,1,5/27/22,754.09375,26.159429891557437
158,280.049,D4,841,0.125,8,MM gluc+AA,PA14 WT,2,1,5/27/22,759.09375,26.159429891557437
159,420.059,D4,855,0.125,8,MM gluc+AA,PA14 WT,2,1,5/27/22,773.09375,26.159429891557437
160,0.0,D5,853,1.0,1,MM gluc+AA,PS,2,1,5/27/22,771.09375,26.159429891557437
161,140.026,D5,856,1.0,1,MM gluc+AA,PS,2,1,5/27/22,774.09375,26.159429891557437
162,280.049,D5,841,1.0,1,MM gluc+AA,PS,2,1,5/27/22,759.09375,26.159429891557437
163,420.059,D5,846,1.0,1,MM gluc+AA,PS,2,1,5/27/22,764.09375,26.159429891557437
164,0.0,D6,621,0.5,2,MM gluc+AA,PS,2,1,5/27/22,539.09375,26.159429891557437
165,140.026,D6,600,0.5,2,MM gluc+AA,PS,2,1,5/27/22,518.09375,26.159429891557437
166,280.049,D6,588,0.5,2,MM gluc+AA,PS,2,1,5/27/22,506.09375,26.159429891557437
167,420.059,D6,578,0.5,2,MM gluc+AA,PS,2,1,5/27/22,496.09375,26.159429891557437
168,0.0,D7,432,0.25,4,MM gluc+AA,PS,2,1,5/27/22,350.09375,26.159429891557437
169,140.026,D7,432,0.25,4,MM gluc+AA,PS,2,1,5/27/22,350.09375,26.159429891557437
170,280.049,D7,432,0.25,4,MM gluc+AA,PS,2,1,5/27/22,350.09375,26.159429891557437
171,420.059,D7,427,0.25,4,MM gluc+AA,PS,2,1,5/27/22,345.09375,26.159429891557437
172,0.0,D8,301,0.125,8,MM gluc+AA,PS,2,1,5/27/22,219.09375,26.159429891557437
173,140.026,D8,289,0.125,8,MM gluc+AA,PS,2,1,5/27/22,207.09375,26.159429891557437
174,280.049,D8,289,0.125,8,MM gluc+AA,PS,2,1,5/27/22,207.09375,26.159429891557437
175,420.059,D8,287,0.125,8,MM gluc+AA,PS,2,1,5/27/22,205.09375,26.159429891557437
176,0.0,D9,758,1.0,1,MM gluc+AA,CG,2,1,5/27/22,676.09375,26.159429891557437
177,140.026,D9,743,1.0,1,MM gluc+AA,CG,2,1,5/27/22,661.09375,26.159429891557437
178,280.049,D9,739,1.0,1,MM gluc+AA,CG,2,1,5/27/22,657.09375,26.159429891557437
179,420.059,D9,736,1.0,1,MM gluc+AA,CG,2,1,5/27/22,654.09375,26.159429891557437
180,0.0,D10,451,0.5,2,MM gluc+AA,CG,2,1,5/27/22,369.09375,26.159429891557437
181,140.026,D10,440,0.5,2,MM gluc+AA,CG,2,1,5/27/22,358.09375,26.159429891557437
182,280.049,D10,440,0.5,2,MM gluc+AA,CG,2,1,5/27/22,358.09375,26.159429891557437
183,420.059,D10,435,0.5,2,MM gluc+AA,CG,2,1,5/27/22,353.09375,26.159429891557437
184,0.0,D11,327,0.25,4,MM gluc+AA,CG,2,1,5/27/22,245.09375,26.159429891557437
185,140.026,D11,323,0.25,4,MM gluc+AA,CG,2,1,5/27/22,241.09375,26.159429891557437
186,280.049,D11,321,0.25,4,MM gluc+AA,CG,2,1,5/27/22,239.09375,26.159429891557437
187,420.059,D11,324,0.25,4,MM gluc+AA,CG,2,1,5/27/22,242.09375,26.159429891557437
188,0.0,D12,194,0.125,8,MM gluc+AA,CG,2,1,5/27/22,112.09375,26.159429891557437
189,140.026,D12,194,0.125,8,MM gluc+AA,CG,2,1,5/27/22,112.09375,26.159429891557437
190,280.049,D12,191,0.125,8,MM gluc+AA,CG,2,1,5/27/22,109.09375,26.159429891557437
191,420.059,D12,196,0.125,8,MM gluc+AA,CG,2,1,5/27/22,114.09375,26.159429891557437
192,0.0,E1,2042,1.0,1,MM gluc+AA,EC WT,1,1,5/27/22,1960.09375,26.159429891557437
193,140.026,E1,2055,1.0,1,MM gluc+AA,EC WT,1,1,5/27/22,1973.09375,26.159429891557437
194,280.049,E1,2046,1.0,1,MM gluc+AA,EC WT,1,1,5/27/22,1964.09375,26.159429891557437
195,420.059,E1,2037,1.0,1,MM gluc+AA,EC WT,1,1,5/27/22,1955.09375,26.159429891557437
196,0.0,E2,1190,0.5,2,MM gluc+AA,EC WT,1,1,5/27/22,1108.09375,26.159429891557437
197,140.026,E2,1195,0.5,2,MM gluc+AA,EC WT,1,1,5/27/22,1113.09375,26.159429891557437
198,280.049,E2,1224,0.5,2,MM gluc+AA,EC WT,1,1,5/27/22,1142.09375,26.159429891557437
199,420.059,E2,1222,0.5,2,MM gluc+AA,EC WT,1,1,5/27/22,1140.09375,26.159429891557437
200,0.0,E3,633,0.25,4,MM gluc+AA,EC WT,1,1,5/27/22,551.09375,26.159429891557437
201,140.026,E3,624,0.25,4,MM gluc+AA,EC WT,1,1,5/27/22,542.09375,26.159429891557437
202,280.049,E3,632,0.25,4,MM gluc+AA,EC WT,1,1,5/27/22,550.09375,26.159429891557437
203,420.059,E3,624,0.25,4,MM gluc+AA,EC WT,1,1,5/27/22,542.09375,26.159429891557437
204,0.0,E4,410,0.125,8,MM gluc+AA,EC WT,1,1,5/27/22,328.09375,26.159429891557437
205,140.026,E4,400,0.125,8,MM gluc+AA,EC WT,1,1,5/27/22,318.09375,26.159429891557437
206,280.049,E4,401,0.125,8,MM gluc+AA,EC WT,1,1,5/27/22,319.09375,26.159429891557437
207,420.059,E4,401,0.125,8,MM gluc+AA,EC WT,1,1,5/27/22,319.09375,26.159429891557437
208,0.0,E5,804,1.0,1,MM gluc+AA,BG,1,1,5/27/22,722.09375,26.159429891557437
209,140.026,E5,777,1.0,1,MM gluc+AA,BG,1,1,5/27/22,695.09375,26.159429891557437
210,280.049,E5,790,1.0,1,MM gluc+AA,BG,1,1,5/27/22,708.09375,26.159429891557437
211,420.059,E5,796,1.0,1,MM gluc+AA,BG,1,1,5/27/22,714.09375,26.159429891557437
212,0.0,E6,553,0.5,2,MM gluc+AA,BG,1,1,5/27/22,471.09375,26.159429891557437
213,140.026,E6,555,0.5,2,MM gluc+AA,BG,1,1,5/27/22,473.09375,26.159429891557437
214,280.049,E6,541,0.5,2,MM gluc+AA,BG,1,1,5/27/22,459.09375,26.159429891557437
215,420.059,E6,545,0.5,2,MM gluc+AA,BG,1,1,5/27/22,463.09375,26.159429891557437
216,0.0,E7,284,0.25,4,MM gluc+AA,BG,1,1,5/27/22,202.09375,26.159429891557437
217,140.026,E7,268,0.25,4,MM gluc+AA,BG,1,1,5/27/22,186.09375,26.159429891557437
218,280.049,E7,292,0.25,4,MM gluc+AA,BG,1,1,5/27/22,210.09375,26.159429891557437
219,420.059,E7,284,0.25,4,MM gluc+AA,BG,1,1,5/27/22,202.09375,26.159429891557437
220,0.0,E8,203,0.125,8,MM gluc+AA,BG,1,1,5/27/22,121.09375,26.159429891557437
221,140.026,E8,201,0.125,8,MM gluc+AA,BG,1,1,5/27/22,119.09375,26.159429891557437
222,280.049,E8,204,0.125,8,MM gluc+AA,BG,1,1,5/27/22,122.09375,26.159429891557437
223,420.059,E8,197,0.125,8,MM gluc+AA,BG,1,1,5/27/22,115.09375,26.159429891557437
224,0.0,E9,79,1.0,1,MM gluc+AA,BLANK,1,1,5/27/22,-2.90625,26.159429891557437
225,140.026,E9,78,1.0,1,MM gluc+AA,BLANK,1,1,5/27/22,-3.90625,26.159429891557437
226,280.049,E9,79,1.0,1,MM gluc+AA,BLANK,1,1,5/27/22,-2.90625,26.159429891557437
227,420.059,E9,79,1.0,1,MM gluc+AA,BLANK,1,1,5/27/22,-2.90625,26.159429891557437
228,0.0,E10,82,1.0,1,MM gluc+AA,BLANK,1,1,5/27/22,0.09375,26.159429891557437
229,140.026,E10,80,1.0,1,MM gluc+AA,BLANK,1,1,5/27/22,-1.90625,26.159429891557437
230,280.049,E10,78,1.0,1,MM gluc+AA,BLANK,1,1,5/27/22,-3.90625,26.159429891557437
231,420.059,E10,80,1.0,1,MM gluc+AA,BLANK,1,1,5/27/22,-1.90625,26.159429891557437
232,0.0,E11,72,1.0,1,MM gluc+AA,BLANK,1,1,5/27/22,-9.90625,26.159429891557437
233,140.026,E11,77,1.0,1,MM gluc+AA,BLANK,1,1,5/27/22,-4.90625,26.159429891557437
234,280.049,E11,78,1.0,1,MM gluc+AA,BLANK,1,1,5/27/22,-3.90625,26.159429891557437
235,420.059,E11,78,1.0,1,MM gluc+AA,BLANK,1,1,5/27/22,-3.90625,26.159429891557437
236,0.0,E12,81,1.0,1,MM gluc+AA,BLANK,1,1,5/27/22,-0.90625,26.159429891557437
237,140.026,E12,83,1.0,1,MM gluc+AA,BLANK,1,1,5/27/22,1.09375,26.159429891557437
238,280.049,E12,80,1.0,1,MM gluc+AA,BLANK,1,1,5/27/22,-1.90625,26.159429891557437
239,420.059,E12,80,1.0,1,MM gluc+AA,BLANK,1,1,5/27/22,-1.90625,26.159429891557437
240,0.0,F1,2145,1.0,1,MM gluc+AA,EC WT,1,1,5/27/22,2063.09375,26.159429891557437
241,140.026,F1,2162,1.0,1,MM gluc+AA,EC WT,1,1,5/27/22,2080.09375,26.159429891557437
242,280.049,F1,2131,1.0,1,MM gluc+AA,EC WT,1,1,5/27/22,2049.09375,26.159429891557437
243,420.059,F1,2162,1.0,1,MM gluc+AA,EC WT,1,1,5/27/22,2080.09375,26.159429891557437
244,0.0,F2,1123,0.5,2,MM gluc+AA,EC WT,1,1,5/27/22,1041.09375,26.159429891557437
245,140.026,F2,1108,0.5,2,MM gluc+AA,EC WT,1,1,5/27/22,1026.09375,26.159429891557437
246,280.049,F2,1157,0.5,2,MM gluc+AA,EC WT,1,1,5/27/22,1075.09375,26.159429891557437
247,420.059,F2,1143,0.5,2,MM gluc+AA,EC WT,1,1,5/27/22,1061.09375,26.159429891557437
248,0.0,F3,801,0.25,4,MM gluc+AA,EC WT,1,1,5/27/22,719.09375,26.159429891557437
249,140.026,F3,774,0.25,4,MM gluc+AA,EC WT,1,1,5/27/22,692.09375,26.159429891557437
250,280.049,F3,783,0.25,4,MM gluc+AA,EC WT,1,1,5/27/22,701.09375,26.159429891557437
251,420.059,F3,775,0.25,4,MM gluc+AA,EC WT,1,1,5/27/22,693.09375,26.159429891557437
252,0.0,F4,378,0.125,8,MM gluc+AA,EC WT,1,1,5/27/22,296.09375,26.159429891557437
253,140.026,F4,380,0.125,8,MM gluc+AA,EC WT,1,1,5/27/22,298.09375,26.159429891557437
254,280.049,F4,385,0.125,8,MM gluc+AA,EC WT,1,1,5/27/22,303.09375,26.159429891557437
255,420.059,F4,379,0.125,8,MM gluc+AA,EC WT,1,1,5/27/22,297.09375,26.159429891557437
256,0.0,F5,867,1.0,1,MM gluc+AA,BG,1,1,5/27/22,785.09375,26.159429891557437
257,140.026,F5,838,1.0,1,MM gluc+AA,BG,1,1,5/27/22,756.09375,26.159429891557437
258,280.049,F5,864,1.0,1,MM gluc+AA,BG,1,1,5/27/22,782.09375,26.159429891557437
259,420.059,F5,852,1.0,1,MM gluc+AA,BG,1,1,5/27/22,770.09375,26.159429891557437
260,0.0,F6,498,0.5,2,MM gluc+AA,BG,1,1,5/27/22,416.09375,26.159429891557437
261,140.026,F6,510,0.5,2,MM gluc+AA,BG,1,1,5/27/22,428.09375,26.159429891557437
262,280.049,F6,503,0.5,2,MM gluc+AA,BG,1,1,5/27/22,421.09375,26.159429891557437
263,420.059,F6,495,0.5,2,MM gluc+AA,BG,1,1,5/27/22,413.09375,26.159429891557437
264,0.0,F7,295,0.25,4,MM gluc+AA,BG,1,1,5/27/22,213.09375,26.159429891557437
265,140.026,F7,295,0.25,4,MM gluc+AA,BG,1,1,5/27/22,213.09375,26.159429891557437
266,280.049,F7,285,0.25,4,MM gluc+AA,BG,1,1,5/27/22,203.09375,26.159429891557437
267,420.059,F7,286,0.25,4,MM gluc+AA,BG,1,1,5/27/22,204.09375,26.159429891557437
268,0.0,F8,186,0.125,8,MM gluc+AA,BG,1,1,5/27/22,104.09375,26.159429891557437
269,140.026,F8,187,0.125,8,MM gluc+AA,BG,1,1,5/27/22,105.09375,26.159429891557437
270,280.049,F8,181,0.125,8,MM gluc+AA,BG,1,1,5/27/22,99.09375,26.159429891557437
271,420.059,F8,181,0.125,8,MM gluc+AA,BG,1,1,5/27/22,99.09375,26.159429891557437
272,0.0,F9,83,1.0,1,MM gluc+AA,BLANK,1,1,5/27/22,1.09375,26.159429891557437
273,140.026,F9,81,1.0,1,MM gluc+AA,BLANK,1,1,5/27/22,-0.90625,26.159429891557437
274,280.049,F9,83,1.0,1,MM gluc+AA,BLANK,1,1,5/27/22,1.09375,26.159429891557437
275,420.059,F9,80,1.0,1,MM gluc+AA,BLANK,1,1,5/27/22,-1.90625,26.159429891557437
276,0.0,F10,77,1.0,1,MM gluc+AA,BLANK,1,1,5/27/22,-4.90625,26.159429891557437
277,140.026,F10,80,1.0,1,MM gluc+AA,BLANK,1,1,5/27/22,-1.90625,26.159429891557437
278,280.049,F10,81,1.0,1,MM gluc+AA,BLANK,1,1,5/27/22,-0.90625,26.159429891557437
279,420.059,F10,80,1.0,1,MM gluc+AA,BLANK,1,1,5/27/22,-1.90625,26.159429891557437
280,0.0,F11,81,1.0,1,MM gluc+AA,BLANK,1,1,5/27/22,-0.90625,26.159429891557437
281,140.026,F11,86,1.0,1,MM gluc+AA,BLANK,1,1,5/27/22,4.09375,26.159429891557437
282,280.049,F11,85,1.0,1,MM gluc+AA,BLANK,1,1,5/27/22,3.09375,26.159429891557437
283,420.059,F11,85,1.0,1,MM gluc+AA,BLANK,1,1,5/27/22,3.09375,26.159429891557437
284,0.0,F12,84,1.0,1,MM gluc+AA,BLANK,1,1,5/27/22,2.09375,26.159429891557437
285,140.026,F12,85,1.0,1,MM gluc+AA,BLANK,1,1,5/27/22,3.09375,26.159429891557437
286,280.049,F12,86,1.0,1,MM gluc+AA,BLANK,1,1,5/27/22,4.09375,26.159429891557437
287,420.059,F12,85,1.0,1,MM gluc+AA,BLANK,1,1,5/27/22,3.09375,26.159429891557437
288,0.0,G1,1998,1.0,1,MM gluc+AA,EC WT,2,1,5/27/22,1916.09375,26.159429891557437
289,140.026,G1,2040,1.0,1,MM gluc+AA,EC WT,2,1,5/27/22,1958.09375,26.159429891557437
290,280.049,G1,2032,1.0,1,MM gluc+AA,EC WT,2,1,5/27/22,1950.09375,26.159429891557437
291,420.059,G1,2014,1.0,1,MM gluc+AA,EC WT,2,1,5/27/22,1932.09375,26.159429891557437
292,0.0,G2,1203,0.5,2,MM gluc+AA,EC WT,2,1,5/27/22,1121.09375,26.159429891557437
293,140.026,G2,1235,0.5,2,MM gluc+AA,EC WT,2,1,5/27/22,1153.09375,26.159429891557437
294,280.049,G2,1214,0.5,2,MM gluc+AA,EC WT,2,1,5/27/22,1132.09375,26.159429891557437
295,420.059,G2,1204,0.5,2,MM gluc+AA,EC WT,2,1,5/27/22,1122.09375,26.159429891557437
296,0.0,G3,643,0.25,4,MM gluc+AA,EC WT,2,1,5/27/22,561.09375,26.159429891557437
297,140.026,G3,638,0.25,4,MM gluc+AA,EC WT,2,1,5/27/22,556.09375,26.159429891557437
298,280.049,G3,645,0.25,4,MM gluc+AA,EC WT,2,1,5/27/22,563.09375,26.159429891557437
299,420.059,G3,632,0.25,4,MM gluc+AA,EC WT,2,1,5/27/22,550.09375,26.159429891557437
300,0.0,G4,421,0.125,8,MM gluc+AA,EC WT,2,1,5/27/22,339.09375,26.159429891557437
301,140.026,G4,424,0.125,8,MM gluc+AA,EC WT,2,1,5/27/22,342.09375,26.159429891557437
302,280.049,G4,423,0.125,8,MM gluc+AA,EC WT,2,1,5/27/22,341.09375,26.159429891557437
303,420.059,G4,427,0.125,8,MM gluc+AA,EC WT,2,1,5/27/22,345.09375,26.159429891557437
304,0.0,G5,773,1.0,1,MM gluc+AA,BG,2,1,5/27/22,691.09375,26.159429891557437
305,140.026,G5,765,1.0,1,MM gluc+AA,BG,2,1,5/27/22,683.09375,26.159429891557437
306,280.049,G5,766,1.0,1,MM gluc+AA,BG,2,1,5/27/22,684.09375,26.159429891557437
307,420.059,G5,745,1.0,1,MM gluc+AA,BG,2,1,5/27/22,663.09375,26.159429891557437
308,0.0,G6,463,0.5,2,MM gluc+AA,BG,2,1,5/27/22,381.09375,26.159429891557437
309,140.026,G6,468,0.5,2,MM gluc+AA,BG,2,1,5/27/22,386.09375,26.159429891557437
310,280.049,G6,466,0.5,2,MM gluc+AA,BG,2,1,5/27/22,384.09375,26.159429891557437
311,420.059,G6,477,0.5,2,MM gluc+AA,BG,2,1,5/27/22,395.09375,26.159429891557437
312,0.0,G7,287,0.25,4,MM gluc+AA,BG,2,1,5/27/22,205.09375,26.159429891557437
313,140.026,G7,279,0.25,4,MM gluc+AA,BG,2,1,5/27/22,197.09375,26.159429891557437
314,280.049,G7,281,0.25,4,MM gluc+AA,BG,2,1,5/27/22,199.09375,26.159429891557437
315,420.059,G7,286,0.25,4,MM gluc+AA,BG,2,1,5/27/22,204.09375,26.159429891557437
316,0.0,G8,213,0.125,8,MM gluc+AA,BG,2,1,5/27/22,131.09375,26.159429891557437
317,140.026,G8,217,0.125,8,MM gluc+AA,BG,2,1,5/27/22,135.09375,26.159429891557437
318,280.049,G8,210,0.125,8,MM gluc+AA,BG,2,1,5/27/22,128.09375,26.159429891557437
319,420.059,G8,212,0.125,8,MM gluc+AA,BG,2,1,5/27/22,130.09375,26.159429891557437
320,0.0,G9,82,1.0,1,MM gluc+AA,BLANK,1,1,5/27/22,0.09375,26.159429891557437
321,140.026,G9,82,1.0,1,MM gluc+AA,BLANK,1,1,5/27/22,0.09375,26.159429891557437
322,280.049,G9,81,1.0,1,MM gluc+AA,BLANK,1,1,5/27/22,-0.90625,26.159429891557437
323,420.059,G9,83,1.0,1,MM gluc+AA,BLANK,1,1,5/27/22,1.09375,26.159429891557437
324,0.0,G10,91,1.0,1,MM gluc+AA,BLANK,1,1,5/27/22,9.09375,26.159429891557437
325,140.026,G10,89,1.0,1,MM gluc+AA,BLANK,1,1,5/27/22,7.09375,26.159429891557437
326,280.049,G10,89,1.0,1,MM gluc+AA,BLANK,1,1,5/27/22,7.09375,26.159429891557437
327,420.059,G10,91,1.0,1,MM gluc+AA,BLANK,1,1,5/27/22,9.09375,26.159429891557437
328,0.0,G11,82,1.0,1,MM gluc+AA,BLANK,1,1,5/27/22,0.09375,26.159429891557437
329,140.026,G11,84,1.0,1,MM gluc+AA,BLANK,1,1,5/27/22,2.09375,26.159429891557437
330,280.049,G11,83,1.0,1,MM gluc+AA,BLANK,1,1,5/27/22,1.09375,26.159429891557437
331,420.059,G11,82,1.0,1,MM gluc+AA,BLANK,1,1,5/27/22,0.09375,26.159429891557437
332,0.0,G12,87,1.0,1,MM gluc+AA,BLANK,1,1,5/27/22,5.09375,26.159429891557437
333,140.026,G12,89,1.0,1,MM gluc+AA,BLANK,1,1,5/27/22,7.09375,26.159429891557437
334,280.049,G12,86,1.0,1,MM gluc+AA,BLANK,1,1,5/27/22,4.09375,26.159429891557437
335,420.059,G12,86,1.0,1,MM gluc+AA,BLANK,1,1,5/27/22,4.09375,26.159429891557437
336,0.0,H1,2089,1.0,1,MM gluc+AA,EC WT,2,1,5/27/22,2007.09375,26.159429891557437
337,140.026,H1,2124,1.0,1,MM gluc+AA,EC WT,2,1,5/27/22,2042.09375,26.159429891557437
338,280.049,H1,2077,1.0,1,MM gluc+AA,EC WT,2,1,5/27/22,1995.09375,26.159429891557437
339,420.059,H1,2127,1.0,1,MM gluc+AA,EC WT,2,1,5/27/22,2045.09375,26.159429891557437
340,0.0,H2,1065,0.5,2,MM gluc+AA,EC WT,2,1,5/27/22,983.09375,26.159429891557437
341,140.026,H2,1100,0.5,2,MM gluc+AA,EC WT,2,1,5/27/22,1018.09375,26.159429891557437
342,280.049,H2,1105,0.5,2,MM gluc+AA,EC WT,2,1,5/27/22,1023.09375,26.159429891557437
343,420.059,H2,1091,0.5,2,MM gluc+AA,EC WT,2,1,5/27/22,1009.09375,26.159429891557437
344,0.0,H3,757,0.25,4,MM gluc+AA,EC WT,2,1,5/27/22,675.09375,26.159429891557437
345,140.026,H3,753,0.25,4,MM gluc+AA,EC WT,2,1,5/27/22,671.09375,26.159429891557437
346,280.049,H3,753,0.25,4,MM gluc+AA,EC WT,2,1,5/27/22,671.09375,26.159429891557437
347,420.059,H3,750,0.25,4,MM gluc+AA,EC WT,2,1,5/27/22,668.09375,26.159429891557437
348,0.0,H4,396,0.125,8,MM gluc+AA,EC WT,2,1,5/27/22,314.09375,26.159429891557437
349,140.026,H4,385,0.125,8,MM gluc+AA,EC WT,2,1,5/27/22,303.09375,26.159429891557437
350,280.049,H4,384,0.125,8,MM gluc+AA,EC WT,2,1,5/27/22,302.09375,26.159429891557437
351,420.059,H4,374,0.125,8,MM gluc+AA,EC WT,2,1,5/27/22,292.09375,26.159429891557437
352,0.0,H5,824,1.0,1,MM gluc+AA,BG,2,1,5/27/22,742.09375,26.159429891557437
353,140.026,H5,800,1.0,1,MM gluc+AA,BG,2,1,5/27/22,718.09375,26.159429891557437
354,280.049,H5,810,1.0,1,MM gluc+AA,BG,2,1,5/27/22,728.09375,26.159429891557437
355,420.059,H5,808,1.0,1,MM gluc+AA,BG,2,1,5/27/22,726.09375,26.159429891557437
356,0.0,H6,509,0.5,2,MM gluc+AA,BG,2,1,5/27/22,427.09375,26.159429891557437
357,140.026,H6,508,0.5,2,MM gluc+AA,BG,2,1,5/27/22,426.09375,26.159429891557437
358,280.049,H6,501,0.5,2,MM gluc+AA,BG,2,1,5/27/22,419.09375,26.159429891557437
359,420.059,H6,491,0.5,2,MM gluc+AA,BG,2,1,5/27/22,409.09375,26.159429891557437
360,0.0,H7,268,0.25,4,MM gluc+AA,BG,2,1,5/27/22,186.09375,26.159429891557437
361,140.026,H7,268,0.25,4,MM gluc+AA,BG,2,1,5/27/22,186.09375,26.159429891557437
362,280.049,H7,269,0.25,4,MM gluc+AA,BG,2,1,5/27/22,187.09375,26.159429891557437
363,420.059,H7,263,0.25,4,MM gluc+AA,BG,2,1,5/27/22,181.09375,26.159429891557437
364,0.0,H8,217,0.125,8,MM gluc+AA,BG,2,1,5/27/22,135.09375,26.159429891557437
365,140.026,H8,207,0.125,8,MM gluc+AA,BG,2,1,5/27/22,125.09375,26.159429891557437
366,280.049,H8,209,0.125,8,MM gluc+AA,BG,2,1,5/27/22,127.09375,26.159429891557437
367,420.059,H8,214,0.125,8,MM gluc+AA,BG,2,1,5/27/22,132.09375,26.159429891557437
368,0.0,H9,94,1.0,1,MM gluc+AA,BLANK,1,1,5/27/22,12.09375,26.159429891557437
369,140.026,H9,95,1.0,1,MM gluc+AA,BLANK,1,1,5/27/22,13.09375,26.159429891557437
370,280.049,H9,97,1.0,1,MM gluc+AA,BLANK,1,1,5/27/22,15.09375,26.159429891557437
371,420.059,H9,97,1.0,1,MM gluc+AA,BLANK,1,1,5/27/22,15.09375,26.159429891557437
372,0.0,H10,84,1.0,1,MM gluc+AA,BLANK,1,1,5/27/22,2.09375,26.159429891557437
373,140.026,H10,85,1.0,1,MM gluc+AA,BLANK,1,1,5/27/22,3.09375,26.159429891557437
374,280.049,H10,84,1.0,1,MM gluc+AA,BLANK,1,1,5/27/22,2.09375,26.159429891557437
375,420.059,H10,84,1.0,1,MM gluc+AA,BLANK,1,1,5/27/22,2.09375,26.159429891557437
376,0.0,H11,93,1.0,1,MM gluc+AA,BLANK,1,1,5/27/22,11.09375,26.159429891557437
377,140.026,H11,88,1.0,1,MM gluc+AA,BLANK,1,1,5/27/22,6.09375,26.159429891557437
378,280.049,H11,91,1.0,1,MM gluc+AA,BLANK,1,1,5/27/22,9.09375,26.159429891557437
379,420.059,H11,92,1.0,1,MM gluc+AA,BLANK,1,1,5/27/22,10.09375,26.159429891557437
380,0.0,H12,96,1.0,1,MM gluc+AA,BLANK,1,1,5/27/22,14.09375,26.159429891557437
381,140.026,H12,95,1.0,1,MM gluc+AA,BLANK,1,1,5/27/22,13.09375,26.159429891557437
382,280.049,H12,96,1.0,1,MM gluc+AA,BLANK,1,1,5/27/22,14.09375,26.159429891557437
383,420.059,H12,96,1.0,1,MM gluc+AA,BLANK,1,1,5/27/22,14.09375,26.159429891557437
0,0.0,A1,3440,1.0,1,MM gluc+AA,CS,1,2,5/27/22,3358.09375,26.159429891557437
1,140.046,A1,3400,1.0,1,MM gluc+AA,CS,1,2,5/27/22,3318.09375,26.159429891557437
2,280.073,A1,3369,1.0,1,MM gluc+AA,CS,1,2,5/27/22,3287.09375,26.159429891557437
3,420.108,A1,3386,1.0,1,MM gluc+AA,CS,1,2,5/27/22,3304.09375,26.159429891557437
4,0.0,A2,1880,0.5,2,MM gluc+AA,CS,1,2,5/27/22,1798.09375,26.159429891557437
5,140.046,A2,1976,0.5,2,MM gluc+AA,CS,1,2,5/27/22,1894.09375,26.159429891557437
6,280.073,A2,1926,0.5,2,MM gluc+AA,CS,1,2,5/27/22,1844.09375,26.159429891557437
7,420.108,A2,1900,0.5,2,MM gluc+AA,CS,1,2,5/27/22,1818.09375,26.159429891557437
8,0.0,A3,953,0.25,4,MM gluc+AA,CS,1,2,5/27/22,871.09375,26.159429891557437
9,140.046,A3,1004,0.25,4,MM gluc+AA,CS,1,2,5/27/22,922.09375,26.159429891557437
10,280.073,A3,982,0.25,4,MM gluc+AA,CS,1,2,5/27/22,900.09375,26.159429891557437
11,420.108,A3,969,0.25,4,MM gluc+AA,CS,1,2,5/27/22,887.09375,26.159429891557437
12,0.0,A4,576,0.125,8,MM gluc+AA,CS,1,2,5/27/22,494.09375,26.159429891557437
13,140.046,A4,574,0.125,8,MM gluc+AA,CS,1,2,5/27/22,492.09375,26.159429891557437
14,280.073,A4,570,0.125,8,MM gluc+AA,CS,1,2,5/27/22,488.09375,26.159429891557437
15,420.108,A4,557,0.125,8,MM gluc+AA,CS,1,2,5/27/22,475.09375,26.159429891557437
16,0.0,A5,1009,1.0,1,MM gluc+AA,AGG,1,2,5/27/22,927.09375,26.159429891557437
17,140.046,A5,972,1.0,1,MM gluc+AA,AGG,1,2,5/27/22,890.09375,26.159429891557437
18,280.073,A5,969,1.0,1,MM gluc+AA,AGG,1,2,5/27/22,887.09375,26.159429891557437
19,420.108,A5,977,1.0,1,MM gluc+AA,AGG,1,2,5/27/22,895.09375,26.159429891557437
20,0.0,A6,547,0.5,2,MM gluc+AA,AGG,1,2,5/27/22,465.09375,26.159429891557437
21,140.046,A6,576,0.5,2,MM gluc+AA,AGG,1,2,5/27/22,494.09375,26.159429891557437
22,280.073,A6,553,0.5,2,MM gluc+AA,AGG,1,2,5/27/22,471.09375,26.159429891557437
23,420.108,A6,530,0.5,2,MM gluc+AA,AGG,1,2,5/27/22,448.09375,26.159429891557437
24,0.0,A7,356,0.25,4,MM gluc+AA,AGG,1,2,5/27/22,274.09375,26.159429891557437
25,140.046,A7,342,0.25,4,MM gluc+AA,AGG,1,2,5/27/22,260.09375,26.159429891557437
26,280.073,A7,341,0.25,4,MM gluc+AA,AGG,1,2,5/27/22,259.09375,26.159429891557437
27,420.108,A7,334,0.25,4,MM gluc+AA,AGG,1,2,5/27/22,252.09375,26.159429891557437
28,0.0,A8,206,0.125,8,MM gluc+AA,AGG,1,2,5/27/22,124.09375,26.159429891557437
29,140.046,A8,199,0.125,8,MM gluc+AA,AGG,1,2,5/27/22,117.09375,26.159429891557437
30,280.073,A8,204,0.125,8,MM gluc+AA,AGG,1,2,5/27/22,122.09375,26.159429891557437
31,420.108,A8,187,0.125,8,MM gluc+AA,AGG,1,2,5/27/22,105.09375,26.159429891557437
32,0.0,A9,75,1.0,1,MM gluc+AA,BLANK,1,2,5/27/22,-6.90625,26.159429891557437
33,140.046,A9,75,1.0,1,MM gluc+AA,BLANK,1,2,5/27/22,-6.90625,26.159429891557437
34,280.073,A9,77,1.0,1,MM gluc+AA,BLANK,1,2,5/27/22,-4.90625,26.159429891557437
35,420.108,A9,70,1.0,1,MM gluc+AA,BLANK,1,2,5/27/22,-11.90625,26.159429891557437
36,0.0,A10,76,1.0,1,MM gluc+AA,BLANK,1,2,5/27/22,-5.90625,26.159429891557437
37,140.046,A10,75,1.0,1,MM gluc+AA,BLANK,1,2,5/27/22,-6.90625,26.159429891557437
38,280.073,A10,75,1.0,1,MM gluc+AA,BLANK,1,2,5/27/22,-6.90625,26.159429891557437
39,420.108,A10,74,1.0,1,MM gluc+AA,BLANK,1,2,5/27/22,-7.90625,26.159429891557437
40,0.0,A11,71,1.0,1,MM gluc+AA,BLANK,1,2,5/27/22,-10.90625,26.159429891557437
41,140.046,A11,72,1.0,1,MM gluc+AA,BLANK,1,2,5/27/22,-9.90625,26.159429891557437
42,280.073,A11,72,1.0,1,MM gluc+AA,BLANK,1,2,5/27/22,-9.90625,26.159429891557437
43,420.108,A11,77,1.0,1,MM gluc+AA,BLANK,1,2,5/27/22,-4.90625,26.159429891557437
44,0.0,A12,71,1.0,1,MM gluc+AA,BLANK,1,2,5/27/22,-10.90625,26.159429891557437
45,140.046,A12,75,1.0,1,MM gluc+AA,BLANK,1,2,5/27/22,-6.90625,26.159429891557437
46,280.073,A12,73,1.0,1,MM gluc+AA,BLANK,1,2,5/27/22,-8.90625,26.159429891557437
47,420.108,A12,71,1.0,1,MM gluc+AA,BLANK,1,2,5/27/22,-10.90625,26.159429891557437
48,0.0,B1,3751,1.0,1,MM gluc+AA,CS,1,2,5/27/22,3669.09375,26.159429891557437
49,140.046,B1,3727,1.0,1,MM gluc+AA,CS,1,2,5/27/22,3645.09375,26.159429891557437
50,280.073,B1,3637,1.0,1,MM gluc+AA,CS,1,2,5/27/22,3555.09375,26.159429891557437
51,420.108,B1,3622,1.0,1,MM gluc+AA,CS,1,2,5/27/22,3540.09375,26.159429891557437
52,0.0,B2,1998,0.5,2,MM gluc+AA,CS,1,2,5/27/22,1916.09375,26.159429891557437
53,140.046,B2,2033,0.5,2,MM gluc+AA,CS,1,2,5/27/22,1951.09375,26.159429891557437
54,280.073,B2,1950,0.5,2,MM gluc+AA,CS,1,2,5/27/22,1868.09375,26.159429891557437
55,420.108,B2,1991,0.5,2,MM gluc+AA,CS,1,2,5/27/22,1909.09375,26.159429891557437
56,0.0,B3,1145,0.25,4,MM gluc+AA,CS,1,2,5/27/22,1063.09375,26.159429891557437
57,140.046,B3,1170,0.25,4,MM gluc+AA,CS,1,2,5/27/22,1088.09375,26.159429891557437
58,280.073,B3,1161,0.25,4,MM gluc+AA,CS,1,2,5/27/22,1079.09375,26.159429891557437
59,420.108,B3,1142,0.25,4,MM gluc+AA,CS,1,2,5/27/22,1060.09375,26.159429891557437
60,0.0,B4,558,0.125,8,MM gluc+AA,CS,1,2,5/27/22,476.09375,26.159429891557437
61,140.046,B4,553,0.125,8,MM gluc+AA,CS,1,2,5/27/22,471.09375,26.159429891557437
62,280.073,B4,550,0.125,8,MM gluc+AA,CS,1,2,5/27/22,468.09375,26.159429891557437
63,420.108,B4,547,0.125,8,MM gluc+AA,CS,1,2,5/27/22,465.09375,26.159429891557437
64,0.0,B5,1025,1.0,1,MM gluc+AA,AGG,1,2,5/27/22,943.09375,26.159429891557437
65,140.046,B5,990,1.0,1,MM gluc+AA,AGG,1,2,5/27/22,908.09375,26.159429891557437
66,280.073,B5,1004,1.0,1,MM gluc+AA,AGG,1,2,5/27/22,922.09375,26.159429891557437
67,420.108,B5,989,1.0,1,MM gluc+AA,AGG,1,2,5/27/22,907.09375,26.159429891557437
68,0.0,B6,562,0.5,2,MM gluc+AA,AGG,1,2,5/27/22,480.09375,26.159429891557437
69,140.046,B6,605,0.5,2,MM gluc+AA,AGG,1,2,5/27/22,523.09375,26.159429891557437
70,280.073,B6,586,0.5,2,MM gluc+AA,AGG,1,2,5/27/22,504.09375,26.159429891557437
71,420.108,B6,589,0.5,2,MM gluc+AA,AGG,1,2,5/27/22,507.09375,26.159429891557437
72,0.0,B7,426,0.25,4,MM gluc+AA,AGG,1,2,5/27/22,344.09375,26.159429891557437
73,140.046,B7,398,0.25,4,MM gluc+AA,AGG,1,2,5/27/22,316.09375,26.159429891557437
74,280.073,B7,392,0.25,4,MM gluc+AA,AGG,1,2,5/27/22,310.09375,26.159429891557437
75,420.108,B7,395,0.25,4,MM gluc+AA,AGG,1,2,5/27/22,313.09375,26.159429891557437
76,0.0,B8,203,0.125,8,MM gluc+AA,AGG,1,2,5/27/22,121.09375,26.159429891557437
77,140.046,B8,196,0.125,8,MM gluc+AA,AGG,1,2,5/27/22,114.09375,26.159429891557437
78,280.073,B8,187,0.125,8,MM gluc+AA,AGG,1,2,5/27/22,105.09375,26.159429891557437
79,420.108,B8,185,0.125,8,MM gluc+AA,AGG,1,2,5/27/22,103.09375,26.159429891557437
80,0.0,B9,72,1.0,1,MM gluc+AA,BLANK,1,2,5/27/22,-9.90625,26.159429891557437
81,140.046,B9,74,1.0,1,MM gluc+AA,BLANK,1,2,5/27/22,-7.90625,26.159429891557437
82,280.073,B9,72,1.0,1,MM gluc+AA,BLANK,1,2,5/27/22,-9.90625,26.159429891557437
83,420.108,B9,72,1.0,1,MM gluc+AA,BLANK,1,2,5/27/22,-9.90625,26.159429891557437
84,0.0,B10,72,1.0,1,MM gluc+AA,BLANK,1,2,5/27/22,-9.90625,26.159429891557437
85,140.046,B10,70,1.0,1,MM gluc+AA,BLANK,1,2,5/27/22,-11.90625,26.159429891557437
86,280.073,B10,70,1.0,1,MM gluc+AA,BLANK,1,2,5/27/22,-11.90625,26.159429891557437
87,420.108,B10,74,1.0,1,MM gluc+AA,BLANK,1,2,5/27/22,-7.90625,26.159429891557437
88,0.0,B11,70,1.0,1,MM gluc+AA,BLANK,1,2,5/27/22,-11.90625,26.159429891557437
89,140.046,B11,72,1.0,1,MM gluc+AA,BLANK,1,2,5/27/22,-9.90625,26.159429891557437
90,280.073,B11,72,1.0,1,MM gluc+AA,BLANK,1,2,5/27/22,-9.90625,26.159429891557437
91,420.108,B11,76,1.0,1,MM gluc+AA,BLANK,1,2,5/27/22,-5.90625,26.159429891557437
92,0.0,B12,71,1.0,1,MM gluc+AA,BLANK,1,2,5/27/22,-10.90625,26.159429891557437
93,140.046,B12,71,1.0,1,MM gluc+AA,BLANK,1,2,5/27/22,-10.90625,26.159429891557437
94,280.073,B12,68,1.0,1,MM gluc+AA,BLANK,1,2,5/27/22,-13.90625,26.159429891557437
95,420.108,B12,68,1.0,1,MM gluc+AA,BLANK,1,2,5/27/22,-13.90625,26.159429891557437
96,0.0,C1,3648,1.0,1,MM gluc+AA,CS,2,2,5/27/22,3566.09375,26.159429891557437
97,140.046,C1,3623,1.0,1,MM gluc+AA,CS,2,2,5/27/22,3541.09375,26.159429891557437
98,280.073,C1,3586,1.0,1,MM gluc+AA,CS,2,2,5/27/22,3504.09375,26.159429891557437
99,420.108,C1,3517,1.0,1,MM gluc+AA,CS,2,2,5/27/22,3435.09375,26.159429891557437
100,0.0,C2,1907,0.5,2,MM gluc+AA,CS,2,2,5/27/22,1825.09375,26.159429891557437
101,140.046,C2,1947,0.5,2,MM gluc+AA,CS,2,2,5/27/22,1865.09375,26.159429891557437
102,280.073,C2,1897,0.5,2,MM gluc+AA,CS,2,2,5/27/22,1815.09375,26.159429891557437
103,420.108,C2,1944,0.5,2,MM gluc+AA,CS,2,2,5/27/22,1862.09375,26.159429891557437
104,0.0,C3,1064,0.25,4,MM gluc+AA,CS,2,2,5/27/22,982.09375,26.159429891557437
105,140.046,C3,1095,0.25,4,MM gluc+AA,CS,2,2,5/27/22,1013.09375,26.159429891557437
106,280.073,C3,1109,0.25,4,MM gluc+AA,CS,2,2,5/27/22,1027.09375,26.159429891557437
107,420.108,C3,1086,0.25,4,MM gluc+AA,CS,2,2,5/27/22,1004.09375,26.159429891557437
108,0.0,C4,580,0.125,8,MM gluc+AA,CS,2,2,5/27/22,498.09375,26.159429891557437
109,140.046,C4,583,0.125,8,MM gluc+AA,CS,2,2,5/27/22,501.09375,26.159429891557437
110,280.073,C4,581,0.125,8,MM gluc+AA,CS,2,2,5/27/22,499.09375,26.159429891557437
111,420.108,C4,575,0.125,8,MM gluc+AA,CS,2,2,5/27/22,493.09375,26.159429891557437
112,0.0,C5,1088,1.0,1,MM gluc+AA,AGG,2,2,5/27/22,1006.09375,26.159429891557437
113,140.046,C5,1057,1.0,1,MM gluc+AA,AGG,2,2,5/27/22,975.09375,26.159429891557437
114,280.073,C5,1064,1.0,1,MM gluc+AA,AGG,2,2,5/27/22,982.09375,26.159429891557437
115,420.108,C5,1057,1.0,1,MM gluc+AA,AGG,2,2,5/27/22,975.09375,26.159429891557437
116,0.0,C6,668,0.5,2,MM gluc+AA,AGG,2,2,5/27/22,586.09375,26.159429891557437
117,140.046,C6,705,0.5,2,MM gluc+AA,AGG,2,2,5/27/22,623.09375,26.159429891557437
118,280.073,C6,686,0.5,2,MM gluc+AA,AGG,2,2,5/27/22,604.09375,26.159429891557437
119,420.108,C6,673,0.5,2,MM gluc+AA,AGG,2,2,5/27/22,591.09375,26.159429891557437
120,0.0,C7,447,0.25,4,MM gluc+AA,AGG,2,2,5/27/22,365.09375,26.159429891557437
121,140.046,C7,466,0.25,4,MM gluc+AA,AGG,2,2,5/27/22,384.09375,26.159429891557437
122,280.073,C7,445,0.25,4,MM gluc+AA,AGG,2,2,5/27/22,363.09375,26.159429891557437
123,420.108,C7,426,0.25,4,MM gluc+AA,AGG,2,2,5/27/22,344.09375,26.159429891557437
124,0.0,C8,231,0.125,8,MM gluc+AA,AGG,2,2,5/27/22,149.09375,26.159429891557437
125,140.046,C8,217,0.125,8,MM gluc+AA,AGG,2,2,5/27/22,135.09375,26.159429891557437
126,280.073,C8,214,0.125,8,MM gluc+AA,AGG,2,2,5/27/22,132.09375,26.159429891557437
127,420.108,C8,217,0.125,8,MM gluc+AA,AGG,2,2,5/27/22,135.09375,26.159429891557437
128,0.0,C9,70,1.0,1,MM gluc+AA,BLANK,1,2,5/27/22,-11.90625,26.159429891557437
129,140.046,C9,73,1.0,1,MM gluc+AA,BLANK,1,2,5/27/22,-8.90625,26.159429891557437
130,280.073,C9,70,1.0,1,MM gluc+AA,BLANK,1,2,5/27/22,-11.90625,26.159429891557437
131,420.108,C9,70,1.0,1,MM gluc+AA,BLANK,1,2,5/27/22,-11.90625,26.159429891557437
132,0.0,C10,72,1.0,1,MM gluc+AA,BLANK,1,2,5/27/22,-9.90625,26.159429891557437
133,140.046,C10,72,1.0,1,MM gluc+AA,BLANK,1,2,5/27/22,-9.90625,26.159429891557437
134,280.073,C10,74,1.0,1,MM gluc+AA,BLANK,1,2,5/27/22,-7.90625,26.159429891557437
135,420.108,C10,70,1.0,1,MM gluc+AA,BLANK,1,2,5/27/22,-11.90625,26.159429891557437
136,0.0,C11,72,1.0,1,MM gluc+AA,BLANK,1,2,5/27/22,-9.90625,26.159429891557437
137,140.046,C11,74,1.0,1,MM gluc+AA,BLANK,1,2,5/27/22,-7.90625,26.159429891557437
138,280.073,C11,70,1.0,1,MM gluc+AA,BLANK,1,2,5/27/22,-11.90625,26.159429891557437
139,420.108,C11,73,1.0,1,MM gluc+AA,BLANK,1,2,5/27/22,-8.90625,26.159429891557437
140,0.0,C12,74,1.0,1,MM gluc+AA,BLANK,1,2,5/27/22,-7.90625,26.159429891557437
141,140.046,C12,69,1.0,1,MM gluc+AA,BLANK,1,2,5/27/22,-12.90625,26.159429891557437
142,280.073,C12,70,1.0,1,MM gluc+AA,BLANK,1,2,5/27/22,-11.90625,26.159429891557437
143,420.108,C12,72,1.0,1,MM gluc+AA,BLANK,1,2,5/27/22,-9.90625,26.159429891557437
144,0.0,D1,3972,1.0,1,MM gluc+AA,CS,2,2,5/27/22,3890.09375,26.159429891557437
145,140.046,D1,3886,1.0,1,MM gluc+AA,CS,2,2,5/27/22,3804.09375,26.159429891557437
146,280.073,D1,3885,1.0,1,MM gluc+AA,CS,2,2,5/27/22,3803.09375,26.159429891557437
147,420.108,D1,3785,1.0,1,MM gluc+AA,CS,2,2,5/27/22,3703.09375,26.159429891557437
148,0.0,D2,1978,0.5,2,MM gluc+AA,CS,2,2,5/27/22,1896.09375,26.159429891557437
149,140.046,D2,2040,0.5,2,MM gluc+AA,CS,2,2,5/27/22,1958.09375,26.159429891557437
150,280.073,D2,2005,0.5,2,MM gluc+AA,CS,2,2,5/27/22,1923.09375,26.159429891557437
151,420.108,D2,2003,0.5,2,MM gluc+AA,CS,2,2,5/27/22,1921.09375,26.159429891557437
152,0.0,D3,1171,0.25,4,MM gluc+AA,CS,2,2,5/27/22,1089.09375,26.159429891557437
153,140.046,D3,1198,0.25,4,MM gluc+AA,CS,2,2,5/27/22,1116.09375,26.159429891557437
154,280.073,D3,1208,0.25,4,MM gluc+AA,CS,2,2,5/27/22,1126.09375,26.159429891557437
155,420.108,D3,1188,0.25,4,MM gluc+AA,CS,2,2,5/27/22,1106.09375,26.159429891557437
156,0.0,D4,616,0.125,8,MM gluc+AA,CS,2,2,5/27/22,534.09375,26.159429891557437
157,140.046,D4,617,0.125,8,MM gluc+AA,CS,2,2,5/27/22,535.09375,26.159429891557437
158,280.073,D4,603,0.125,8,MM gluc+AA,CS,2,2,5/27/22,521.09375,26.159429891557437
159,420.108,D4,611,0.125,8,MM gluc+AA,CS,2,2,5/27/22,529.09375,26.159429891557437
160,0.0,D5,1063,1.0,1,MM gluc+AA,AGG,2,2,5/27/22,981.09375,26.159429891557437
161,140.046,D5,1043,1.0,1,MM gluc+AA,AGG,2,2,5/27/22,961.09375,26.159429891557437
162,280.073,D5,1067,1.0,1,MM gluc+AA,AGG,2,2,5/27/22,985.09375,26.159429891557437
163,420.108,D5,1065,1.0,1,MM gluc+AA,AGG,2,2,5/27/22,983.09375,26.159429891557437
164,0.0,D6,661,0.5,2,MM gluc+AA,AGG,2,2,5/27/22,579.09375,26.159429891557437
165,140.046,D6,692,0.5,2,MM gluc+AA,AGG,2,2,5/27/22,610.09375,26.159429891557437
166,280.073,D6,690,0.5,2,MM gluc+AA,AGG,2,2,5/27/22,608.09375,26.159429891557437
167,420.108,D6,658,0.5,2,MM gluc+AA,AGG,2,2,5/27/22,576.09375,26.159429891557437
168,0.0,D7,470,0.25,4,MM gluc+AA,AGG,2,2,5/27/22,388.09375,26.159429891557437
169,140.046,D7,458,0.25,4,MM gluc+AA,AGG,2,2,5/27/22,376.09375,26.159429891557437
170,280.073,D7,469,0.25,4,MM gluc+AA,AGG,2,2,5/27/22,387.09375,26.159429891557437
171,420.108,D7,462,0.25,4,MM gluc+AA,AGG,2,2,5/27/22,380.09375,26.159429891557437
172,0.0,D8,239,0.125,8,MM gluc+AA,AGG,2,2,5/27/22,157.09375,26.159429891557437
173,140.046,D8,238,0.125,8,MM gluc+AA,AGG,2,2,5/27/22,156.09375,26.159429891557437
174,280.073,D8,234,0.125,8,MM gluc+AA,AGG,2,2,5/27/22,152.09375,26.159429891557437
175,420.108,D8,224,0.125,8,MM gluc+AA,AGG,2,2,5/27/22,142.09375,26.159429891557437
176,0.0,D9,250,1.0,1,MM gluc+AA,BLANK,1,2,5/27/22,168.09375,26.159429891557437
177,140.046,D9,251,1.0,1,MM gluc+AA,BLANK,1,2,5/27/22,169.09375,26.159429891557437
178,280.073,D9,247,1.0,1,MM gluc+AA,BLANK,1,2,5/27/22,165.09375,26.159429891557437
179,420.108,D9,260,1.0,1,MM gluc+AA,BLANK,1,2,5/27/22,178.09375,26.159429891557437
180,0.0,D10,71,1.0,1,MM gluc+AA,BLANK,1,2,5/27/22,-10.90625,26.159429891557437
181,140.046,D10,72,1.0,1,MM gluc+AA,BLANK,1,2,5/27/22,-9.90625,26.159429891557437
182,280.073,D10,70,1.0,1,MM gluc+AA,BLANK,1,2,5/27/22,-11.90625,26.159429891557437
183,420.108,D10,74,1.0,1,MM gluc+AA,BLANK,1,2,5/27/22,-7.90625,26.159429891557437
184,0.0,D11,73,1.0,1,MM gluc+AA,BLANK,1,2,5/27/22,-8.90625,26.159429891557437
185,140.046,D11,70,1.0,1,MM gluc+AA,BLANK,1,2,5/27/22,-11.90625,26.159429891557437
186,280.073,D11,74,1.0,1,MM gluc+AA,BLANK,1,2,5/27/22,-7.90625,26.159429891557437
187,420.108,D11,70,1.0,1,MM gluc+AA,BLANK,1,2,5/27/22,-11.90625,26.159429891557437
188,0.0,D12,76,1.0,1,MM gluc+AA,BLANK,1,2,5/27/22,-5.90625,26.159429891557437
189,140.046,D12,73,1.0,1,MM gluc+AA,BLANK,1,2,5/27/22,-8.90625,26.159429891557437
190,280.073,D12,73,1.0,1,MM gluc+AA,BLANK,1,2,5/27/22,-8.90625,26.159429891557437
191,420.108,D12,74,1.0,1,MM gluc+AA,BLANK,1,2,5/27/22,-7.90625,26.159429891557437
192,0.0,E1,74,1.0,1,MM gluc+AA,MM4,1,2,5/27/22,-7.90625,26.159429891557437
193,140.046,E1,77,1.0,1,MM gluc+AA,MM4,1,2,5/27/22,-4.90625,26.159429891557437
194,280.073,E1,79,1.0,1,MM gluc+AA,MM4,1,2,5/27/22,-2.90625,26.159429891557437
195,420.108,E1,81,1.0,1,MM gluc+AA,MM4,1,2,5/27/22,-0.90625,26.159429891557437
196,0.0,E2,75,0.5,2,MM gluc+AA,MM4,1,2,5/27/22,-6.90625,26.159429891557437
197,140.046,E2,77,0.5,2,MM gluc+AA,MM4,1,2,5/27/22,-4.90625,26.159429891557437
198,280.073,E2,81,0.5,2,MM gluc+AA,MM4,1,2,5/27/22,-0.90625,26.159429891557437
199,420.108,E2,81,0.5,2,MM gluc+AA,MM4,1,2,5/27/22,-0.90625,26.159429891557437
200,0.0,E3,73,0.25,4,MM gluc+AA,MM4,1,2,5/27/22,-8.90625,26.159429891557437
201,140.046,E3,74,0.25,4,MM gluc+AA,MM4,1,2,5/27/22,-7.90625,26.159429891557437
202,280.073,E3,77,0.25,4,MM gluc+AA,MM4,1,2,5/27/22,-4.90625,26.159429891557437
203,420.108,E3,75,0.25,4,MM gluc+AA,MM4,1,2,5/27/22,-6.90625,26.159429891557437
204,0.0,E4,80,0.125,8,MM gluc+AA,MM4,1,2,5/27/22,-1.90625,26.159429891557437
205,140.046,E4,82,0.125,8,MM gluc+AA,MM4,1,2,5/27/22,0.09375,26.159429891557437
206,280.073,E4,79,0.125,8,MM gluc+AA,MM4,1,2,5/27/22,-2.90625,26.159429891557437
207,420.108,E4,81,0.125,8,MM gluc+AA,MM4,1,2,5/27/22,-0.90625,26.159429891557437
208,0.0,E5,2178,1.0,1,MM gluc+AA,PO,1,2,5/27/22,2096.09375,26.159429891557437
209,140.046,E5,2171,1.0,1,MM gluc+AA,PO,1,2,5/27/22,2089.09375,26.159429891557437
210,280.073,E5,2168,1.0,1,MM gluc+AA,PO,1,2,5/27/22,2086.09375,26.159429891557437
211,420.108,E5,2191,1.0,1,MM gluc+AA,PO,1,2,5/27/22,2109.09375,26.159429891557437
212,0.0,E6,1667,0.5,2,MM gluc+AA,PO,1,2,5/27/22,1585.09375,26.159429891557437
213,140.046,E6,1708,0.5,2,MM gluc+AA,PO,1,2,5/27/22,1626.09375,26.159429891557437
214,280.073,E6,1694,0.5,2,MM gluc+AA,PO,1,2,5/27/22,1612.09375,26.159429891557437
215,420.108,E6,1681,0.5,2,MM gluc+AA,PO,1,2,5/27/22,1599.09375,26.159429891557437
216,0.0,E7,1212,0.25,4,MM gluc+AA,PO,1,2,5/27/22,1130.09375,26.159429891557437
217,140.046,E7,1261,0.25,4,MM gluc+AA,PO,1,2,5/27/22,1179.09375,26.159429891557437
218,280.073,E7,1262,0.25,4,MM gluc+AA,PO,1,2,5/27/22,1180.09375,26.159429891557437
219,420.108,E7,1235,0.25,4,MM gluc+AA,PO,1,2,5/27/22,1153.09375,26.159429891557437
220,0.0,E8,660,0.125,8,MM gluc+AA,PO,1,2,5/27/22,578.09375,26.159429891557437
221,140.046,E8,667,0.125,8,MM gluc+AA,PO,1,2,5/27/22,585.09375,26.159429891557437
222,280.073,E8,663,0.125,8,MM gluc+AA,PO,1,2,5/27/22,581.09375,26.159429891557437
223,420.108,E8,665,0.125,8,MM gluc+AA,PO,1,2,5/27/22,583.09375,26.159429891557437
224,0.0,E9,69,1.0,1,MM gluc+AA,BLANK,1,2,5/27/22,-12.90625,26.159429891557437
225,140.046,E9,72,1.0,1,MM gluc+AA,BLANK,1,2,5/27/22,-9.90625,26.159429891557437
226,280.073,E9,70,1.0,1,MM gluc+AA,BLANK,1,2,5/27/22,-11.90625,26.159429891557437
227,420.108,E9,70,1.0,1,MM gluc+AA,BLANK,1,2,5/27/22,-11.90625,26.159429891557437
228,0.0,E10,73,1.0,1,MM gluc+AA,BLANK,1,2,5/27/22,-8.90625,26.159429891557437
229,140.046,E10,75,1.0,1,MM gluc+AA,BLANK,1,2,5/27/22,-6.90625,26.159429891557437
230,280.073,E10,69,1.0,1,MM gluc+AA,BLANK,1,2,5/27/22,-12.90625,26.159429891557437
231,420.108,E10,71,1.0,1,MM gluc+AA,BLANK,1,2,5/27/22,-10.90625,26.159429891557437
232,0.0,E11,73,1.0,1,MM gluc+AA,BLANK,1,2,5/27/22,-8.90625,26.159429891557437
233,140.046,E11,72,1.0,1,MM gluc+AA,BLANK,1,2,5/27/22,-9.90625,26.159429891557437
234,280.073,E11,75,1.0,1,MM gluc+AA,BLANK,1,2,5/27/22,-6.90625,26.159429891557437
235,420.108,E11,75,1.0,1,MM gluc+AA,BLANK,1,2,5/27/22,-6.90625,26.159429891557437
236,0.0,E12,70,1.0,1,MM gluc+AA,BLANK,1,2,5/27/22,-11.90625,26.159429891557437
237,140.046,E12,66,1.0,1,MM gluc+AA,BLANK,1,2,5/27/22,-15.90625,26.159429891557437
238,280.073,E12,75,1.0,1,MM gluc+AA,BLANK,1,2,5/27/22,-6.90625,26.159429891557437
239,420.108,E12,71,1.0,1,MM gluc+AA,BLANK,1,2,5/27/22,-10.90625,26.159429891557437
240,0.0,F1,80,1.0,1,MM gluc+AA,MM4,1,2,5/27/22,-1.90625,26.159429891557437
241,140.046,F1,83,1.0,1,MM gluc+AA,MM4,1,2,5/27/22,1.09375,26.159429891557437
242,280.073,F1,81,1.0,1,MM gluc+AA,MM4,1,2,5/27/22,-0.90625,26.159429891557437
243,420.108,F1,81,1.0,1,MM gluc+AA,MM4,1,2,5/27/22,-0.90625,26.159429891557437
244,0.0,F2,100,0.5,2,MM gluc+AA,MM4,1,2,5/27/22,18.09375,26.159429891557437
245,140.046,F2,102,0.5,2,MM gluc+AA,MM4,1,2,5/27/22,20.09375,26.159429891557437
246,280.073,F2,125,0.5,2,MM gluc+AA,MM4,1,2,5/27/22,43.09375,26.159429891557437
247,420.108,F2,115,0.5,2,MM gluc+AA,MM4,1,2,5/27/22,33.09375,26.159429891557437
248,0.0,F3,80,0.25,4,MM gluc+AA,MM4,1,2,5/27/22,-1.90625,26.159429891557437
249,140.046,F3,77,0.25,4,MM gluc+AA,MM4,1,2,5/27/22,-4.90625,26.159429891557437
250,280.073,F3,87,0.25,4,MM gluc+AA,MM4,1,2,5/27/22,5.09375,26.159429891557437
251,420.108,F3,84,0.25,4,MM gluc+AA,MM4,1,2,5/27/22,2.09375,26.159429891557437
252,0.0,F4,75,0.125,8,MM gluc+AA,MM4,1,2,5/27/22,-6.90625,26.159429891557437
253,140.046,F4,75,0.125,8,MM gluc+AA,MM4,1,2,5/27/22,-6.90625,26.159429891557437
254,280.073,F4,73,0.125,8,MM gluc+AA,MM4,1,2,5/27/22,-8.90625,26.159429891557437
255,420.108,F4,76,0.125,8,MM gluc+AA,MM4,1,2,5/27/22,-5.90625,26.159429891557437
256,0.0,F5,2332,1.0,1,MM gluc+AA,PO,1,2,5/27/22,2250.09375,26.159429891557437
257,140.046,F5,2361,1.0,1,MM gluc+AA,PO,1,2,5/27/22,2279.09375,26.159429891557437
258,280.073,F5,2338,1.0,1,MM gluc+AA,PO,1,2,5/27/22,2256.09375,26.159429891557437
259,420.108,F5,2348,1.0,1,MM gluc+AA,PO,1,2,5/27/22,2266.09375,26.159429891557437
260,0.0,F6,1880,0.5,2,MM gluc+AA,PO,1,2,5/27/22,1798.09375,26.159429891557437
261,140.046,F6,1890,0.5,2,MM gluc+AA,PO,1,2,5/27/22,1808.09375,26.159429891557437
262,280.073,F6,1854,0.5,2,MM gluc+AA,PO,1,2,5/27/22,1772.09375,26.159429891557437
263,420.108,F6,1869,0.5,2,MM gluc+AA,PO,1,2,5/27/22,1787.09375,26.159429891557437
264,0.0,F7,1220,0.25,4,MM gluc+AA,PO,1,2,5/27/22,1138.09375,26.159429891557437
265,140.046,F7,1263,0.25,4,MM gluc+AA,PO,1,2,5/27/22,1181.09375,26.159429891557437
266,280.073,F7,1257,0.25,4,MM gluc+AA,PO,1,2,5/27/22,1175.09375,26.159429891557437
267,420.108,F7,1269,0.25,4,MM gluc+AA,PO,1,2,5/27/22,1187.09375,26.159429891557437
268,0.0,F8,649,0.125,8,MM gluc+AA,PO,1,2,5/27/22,567.09375,26.159429891557437
269,140.046,F8,649,0.125,8,MM gluc+AA,PO,1,2,5/27/22,567.09375,26.159429891557437
270,280.073,F8,654,0.125,8,MM gluc+AA,PO,1,2,5/27/22,572.09375,26.159429891557437
271,420.108,F8,656,0.125,8,MM gluc+AA,PO,1,2,5/27/22,574.09375,26.159429891557437
272,0.0,F9,72,1.0,1,MM gluc+AA,BLANK,1,2,5/27/22,-9.90625,26.159429891557437
273,140.046,F9,72,1.0,1,MM gluc+AA,BLANK,1,2,5/27/22,-9.90625,26.159429891557437
274,280.073,F9,72,1.0,1,MM gluc+AA,BLANK,1,2,5/27/22,-9.90625,26.159429891557437
275,420.108,F9,71,1.0,1,MM gluc+AA,BLANK,1,2,5/27/22,-10.90625,26.159429891557437
276,0.0,F10,72,1.0,1,MM gluc+AA,BLANK,1,2,5/27/22,-9.90625,26.159429891557437
277,140.046,F10,74,1.0,1,MM gluc+AA,BLANK,1,2,5/27/22,-7.90625,26.159429891557437
278,280.073,F10,73,1.0,1,MM gluc+AA,BLANK,1,2,5/27/22,-8.90625,26.159429891557437
279,420.108,F10,74,1.0,1,MM gluc+AA,BLANK,1,2,5/27/22,-7.90625,26.159429891557437
280,0.0,F11,105,1.0,1,MM gluc+AA,BLANK,1,2,5/27/22,23.09375,26.159429891557437
281,140.046,F11,111,1.0,1,MM gluc+AA,BLANK,1,2,5/27/22,29.09375,26.159429891557437
282,280.073,F11,107,1.0,1,MM gluc+AA,BLANK,1,2,5/27/22,25.09375,26.159429891557437
283,420.108,F11,109,1.0,1,MM gluc+AA,BLANK,1,2,5/27/22,27.09375,26.159429891557437
284,0.0,F12,75,1.0,1,MM gluc+AA,BLANK,1,2,5/27/22,-6.90625,26.159429891557437
285,140.046,F12,72,1.0,1,MM gluc+AA,BLANK,1,2,5/27/22,-9.90625,26.159429891557437
286,280.073,F12,77,1.0,1,MM gluc+AA,BLANK,1,2,5/27/22,-4.90625,26.159429891557437
287,420.108,F12,78,1.0,1,MM gluc+AA,BLANK,1,2,5/27/22,-3.90625,26.159429891557437
288,0.0,G1,69,1.0,1,MM gluc+AA,MM4,2,2,5/27/22,-12.90625,26.159429891557437
289,140.046,G1,72,1.0,1,MM gluc+AA,MM4,2,2,5/27/22,-9.90625,26.159429891557437
290,280.073,G1,70,1.0,1,MM gluc+AA,MM4,2,2,5/27/22,-11.90625,26.159429891557437
291,420.108,G1,70,1.0,1,MM gluc+AA,MM4,2,2,5/27/22,-11.90625,26.159429891557437
292,0.0,G2,75,0.5,2,MM gluc+AA,MM4,2,2,5/27/22,-6.90625,26.159429891557437
293,140.046,G2,77,0.5,2,MM gluc+AA,MM4,2,2,5/27/22,-4.90625,26.159429891557437
294,280.073,G2,76,0.5,2,MM gluc+AA,MM4,2,2,5/27/22,-5.90625,26.159429891557437
295,420.108,G2,79,0.5,2,MM gluc+AA,MM4,2,2,5/27/22,-2.90625,26.159429891557437
296,0.0,G3,78,0.25,4,MM gluc+AA,MM4,2,2,5/27/22,-3.90625,26.159429891557437
297,140.046,G3,80,0.25,4,MM gluc+AA,MM4,2,2,5/27/22,-1.90625,26.159429891557437
298,280.073,G3,78,0.25,4,MM gluc+AA,MM4,2,2,5/27/22,-3.90625,26.159429891557437
299,420.108,G3,85,0.25,4,MM gluc+AA,MM4,2,2,5/27/22,3.09375,26.159429891557437
300,0.0,G4,73,0.125,8,MM gluc+AA,MM4,2,2,5/27/22,-8.90625,26.159429891557437
301,140.046,G4,71,0.125,8,MM gluc+AA,MM4,2,2,5/27/22,-10.90625,26.159429891557437
302,280.073,G4,70,0.125,8,MM gluc+AA,MM4,2,2,5/27/22,-11.90625,26.159429891557437
303,420.108,G4,73,0.125,8,MM gluc+AA,MM4,2,2,5/27/22,-8.90625,26.159429891557437
304,0.0,G5,2216,1.0,1,MM gluc+AA,PO,2,2,5/27/22,2134.09375,26.159429891557437
305,140.046,G5,2202,1.0,1,MM gluc+AA,PO,2,2,5/27/22,2120.09375,26.159429891557437
306,280.073,G5,2223,1.0,1,MM gluc+AA,PO,2,2,5/27/22,2141.09375,26.159429891557437
307,420.108,G5,2210,1.0,1,MM gluc+AA,PO,2,2,5/27/22,2128.09375,26.159429891557437
308,0.0,G6,1512,0.5,2,MM gluc+AA,PO,2,2,5/27/22,1430.09375,26.159429891557437
309,140.046,G6,1530,0.5,2,MM gluc+AA,PO,2,2,5/27/22,1448.09375,26.159429891557437
310,280.073,G6,1540,0.5,2,MM gluc+AA,PO,2,2,5/27/22,1458.09375,26.159429891557437
311,420.108,G6,1505,0.5,2,MM gluc+AA,PO,2,2,5/27/22,1423.09375,26.159429891557437
312,0.0,G7,1119,0.25,4,MM gluc+AA,PO,2,2,5/27/22,1037.09375,26.159429891557437
313,140.046,G7,1162,0.25,4,MM gluc+AA,PO,2,2,5/27/22,1080.09375,26.159429891557437
314,280.073,G7,1153,0.25,4,MM gluc+AA,PO,2,2,5/27/22,1071.09375,26.159429891557437
315,420.108,G7,1170,0.25,4,MM gluc+AA,PO,2,2,5/27/22,1088.09375,26.159429891557437
316,0.0,G8,682,0.125,8,MM gluc+AA,PO,2,2,5/27/22,600.09375,26.159429891557437
317,140.046,G8,675,0.125,8,MM gluc+AA,PO,2,2,5/27/22,593.09375,26.159429891557437
318,280.073,G8,660,0.125,8,MM gluc+AA,PO,2,2,5/27/22,578.09375,26.159429891557437
319,420.108,G8,662,0.125,8,MM gluc+AA,PO,2,2,5/27/22,580.09375,26.159429891557437
320,0.0,G9,76,1.0,1,MM gluc+AA,BLANK,1,2,5/27/22,-5.90625,26.159429891557437
321,140.046,G9,77,1.0,1,MM gluc+AA,BLANK,1,2,5/27/22,-4.90625,26.159429891557437
322,280.073,G9,80,1.0,1,MM gluc+AA,BLANK,1,2,5/27/22,-1.90625,26.159429891557437
323,420.108,G9,80,1.0,1,MM gluc+AA,BLANK,1,2,5/27/22,-1.90625,26.159429891557437
324,0.0,G10,75,1.0,1,MM gluc+AA,BLANK,1,2,5/27/22,-6.90625,26.159429891557437
325,140.046,G10,77,1.0,1,MM gluc+AA,BLANK,1,2,5/27/22,-4.90625,26.159429891557437
326,280.073,G10,78,1.0,1,MM gluc+AA,BLANK,1,2,5/27/22,-3.90625,26.159429891557437
327,420.108,G10,76,1.0,1,MM gluc+AA,BLANK,1,2,5/27/22,-5.90625,26.159429891557437
328,0.0,G11,87,1.0,1,MM gluc+AA,BLANK,1,2,5/27/22,5.09375,26.159429891557437
329,140.046,G11,85,1.0,1,MM gluc+AA,BLANK,1,2,5/27/22,3.09375,26.159429891557437
330,280.073,G11,89,1.0,1,MM gluc+AA,BLANK,1,2,5/27/22,7.09375,26.159429891557437
331,420.108,G11,88,1.0,1,MM gluc+AA,BLANK,1,2,5/27/22,6.09375,26.159429891557437
332,0.0,G12,74,1.0,1,MM gluc+AA,BLANK,1,2,5/27/22,-7.90625,26.159429891557437
333,140.046,G12,73,1.0,1,MM gluc+AA,BLANK,1,2,5/27/22,-8.90625,26.159429891557437
334,280.073,G12,76,1.0,1,MM gluc+AA,BLANK,1,2,5/27/22,-5.90625,26.159429891557437
335,420.108,G12,71,1.0,1,MM gluc+AA,BLANK,1,2,5/27/22,-10.90625,26.159429891557437
336,0.0,H1,76,1.0,1,MM gluc+AA,MM4,2,2,5/27/22,-5.90625,26.159429891557437
337,140.046,H1,77,1.0,1,MM gluc+AA,MM4,2,2,5/27/22,-4.90625,26.159429891557437
338,280.073,H1,78,1.0,1,MM gluc+AA,MM4,2,2,5/27/22,-3.90625,26.159429891557437
339,420.108,H1,82,1.0,1,MM gluc+AA,MM4,2,2,5/27/22,0.09375,26.159429891557437
340,0.0,H2,82,0.5,2,MM gluc+AA,MM4,2,2,5/27/22,0.09375,26.159429891557437
341,140.046,H2,80,0.5,2,MM gluc+AA,MM4,2,2,5/27/22,-1.90625,26.159429891557437
342,280.073,H2,85,0.5,2,MM gluc+AA,MM4,2,2,5/27/22,3.09375,26.159429891557437
343,420.108,H2,81,0.5,2,MM gluc+AA,MM4,2,2,5/27/22,-0.90625,26.159429891557437
344,0.0,H3,82,0.25,4,MM gluc+AA,MM4,2,2,5/27/22,0.09375,26.159429891557437
345,140.046,H3,81,0.25,4,MM gluc+AA,MM4,2,2,5/27/22,-0.90625,26.159429891557437
346,280.073,H3,79,0.25,4,MM gluc+AA,MM4,2,2,5/27/22,-2.90625,26.159429891557437
347,420.108,H3,83,0.25,4,MM gluc+AA,MM4,2,2,5/27/22,1.09375,26.159429891557437
348,0.0,H4,74,0.125,8,MM gluc+AA,MM4,2,2,5/27/22,-7.90625,26.159429891557437
349,140.046,H4,77,0.125,8,MM gluc+AA,MM4,2,2,5/27/22,-4.90625,26.159429891557437
350,280.073,H4,78,0.125,8,MM gluc+AA,MM4,2,2,5/27/22,-3.90625,26.159429891557437
351,420.108,H4,77,0.125,8,MM gluc+AA,MM4,2,2,5/27/22,-4.90625,26.159429891557437
352,0.0,H5,2115,1.0,1,MM gluc+AA,PO,2,2,5/27/22,2033.09375,26.159429891557437
353,140.046,H5,2098,1.0,1,MM gluc+AA,PO,2,2,5/27/22,2016.09375,26.159429891557437
354,280.073,H5,2129,1.0,1,MM gluc+AA,PO,2,2,5/27/22,2047.09375,26.159429891557437
355,420.108,H5,2127,1.0,1,MM gluc+AA,PO,2,2,5/27/22,2045.09375,26.159429891557437
356,0.0,H6,1559,0.5,2,MM gluc+AA,PO,2,2,5/27/22,1477.09375,26.159429891557437
357,140.046,H6,1737,0.5,2,MM gluc+AA,PO,2,2,5/27/22,1655.09375,26.159429891557437
358,280.073,H6,1912,0.5,2,MM gluc+AA,PO,2,2,5/27/22,1830.09375,26.159429891557437
359,420.108,H6,1925,0.5,2,MM gluc+AA,PO,2,2,5/27/22,1843.09375,26.159429891557437
360,0.0,H7,1084,0.25,4,MM gluc+AA,PO,2,2,5/27/22,1002.09375,26.159429891557437
361,140.046,H7,1124,0.25,4,MM gluc+AA,PO,2,2,5/27/22,1042.09375,26.159429891557437
362,280.073,H7,1133,0.25,4,MM gluc+AA,PO,2,2,5/27/22,1051.09375,26.159429891557437
363,420.108,H7,1101,0.25,4,MM gluc+AA,PO,2,2,5/27/22,1019.09375,26.159429891557437
364,0.0,H8,716,0.125,8,MM gluc+AA,PO,2,2,5/27/22,634.09375,26.159429891557437
365,140.046,H8,714,0.125,8,MM gluc+AA,PO,2,2,5/27/22,632.09375,26.159429891557437
366,280.073,H8,718,0.125,8,MM gluc+AA,PO,2,2,5/27/22,636.09375,26.159429891557437
367,420.108,H8,711,0.125,8,MM gluc+AA,PO,2,2,5/27/22,629.09375,26.159429891557437
368,0.0,H9,75,1.0,1,MM gluc+AA,BLANK,1,2,5/27/22,-6.90625,26.159429891557437
369,140.046,H9,77,1.0,1,MM gluc+AA,BLANK,1,2,5/27/22,-4.90625,26.159429891557437
370,280.073,H9,77,1.0,1,MM gluc+AA,BLANK,1,2,5/27/22,-4.90625,26.159429891557437
371,420.108,H9,76,1.0,1,MM gluc+AA,BLANK,1,2,5/27/22,-5.90625,26.159429891557437
372,0.0,H10,77,1.0,1,MM gluc+AA,BLANK,1,2,5/27/22,-4.90625,26.159429891557437
373,140.046,H10,74,1.0,1,MM gluc+AA,BLANK,1,2,5/27/22,-7.90625,26.159429891557437
374,280.073,H10,77,1.0,1,MM gluc+AA,BLANK,1,2,5/27/22,-4.90625,26.159429891557437
375,420.108,H10,75,1.0,1,MM gluc+AA,BLANK,1,2,5/27/22,-6.90625,26.159429891557437
376,0.0,H11,79,1.0,1,MM gluc+AA,BLANK,1,2,5/27/22,-2.90625,26.159429891557437
377,140.046,H11,77,1.0,1,MM gluc+AA,BLANK,1,2,5/27/22,-4.90625,26.159429891557437
378,280.073,H11,77,1.0,1,MM gluc+AA,BLANK,1,2,5/27/22,-4.90625,26.159429891557437
379,420.108,H11,79,1.0,1,MM gluc+AA,BLANK,1,2,5/27/22,-2.90625,26.159429891557437
380,0.0,H12,80,1.0,1,MM gluc+AA,BLANK,1,2,5/27/22,-1.90625,26.159429891557437
381,140.046,H12,78,1.0,1,MM gluc+AA,BLANK,1,2,5/27/22,-3.90625,26.159429891557437
382,280.073,H12,82,1.0,1,MM gluc+AA,BLANK,1,2,5/27/22,0.09375,26.159429891557437
383,420.108,H12,78,1.0,1,MM gluc+AA,BLANK,1,2,5/27/22,-3.90625,26.159429891557437
