,time_s,well,pt_fluor,concentration,fold_dilution,media,name,replicate,plate,date
0,0.0,A1,7990,0.900900901,1,MM gluc+AA,PA14 WT,1,1,5/27/22
1,140.038,A1,7969,0.900900901,1,MM gluc+AA,PA14 WT,1,1,5/27/22
2,280.083,A1,7822,0.900900901,1,MM gluc+AA,PA14 WT,1,1,5/27/22
3,420.113,A1,7726,0.900900901,1,MM gluc+AA,PA14 WT,1,1,5/27/22
4,0.0,A2,6096,0.45045045,2,MM gluc+AA,PA14 WT,1,1,5/27/22
5,140.038,A2,6008,0.45045045,2,MM gluc+AA,PA14 WT,1,1,5/27/22
6,280.083,A2,5912,0.45045045,2,MM gluc+AA,PA14 WT,1,1,5/27/22
7,420.113,A2,5853,0.45045045,2,MM gluc+AA,PA14 WT,1,1,5/27/22
8,0.0,A3,5991,0.225225225,4,MM gluc+AA,PA14 WT,1,1,5/27/22
9,140.038,A3,5950,0.225225225,4,MM gluc+AA,PA14 WT,1,1,5/27/22
10,280.083,A3,5856,0.225225225,4,MM gluc+AA,PA14 WT,1,1,5/27/22
11,420.113,A3,5786,0.225225225,4,MM gluc+AA,PA14 WT,1,1,5/27/22
12,0.0,A4,7516,0.112612613,8,MM gluc+AA,PA14 WT,1,1,5/27/22
13,140.038,A4,7173,0.112612613,8,MM gluc+AA,PA14 WT,1,1,5/27/22
14,280.083,A4,6984,0.112612613,8,MM gluc+AA,PA14 WT,1,1,5/27/22
15,420.113,A4,6871,0.112612613,8,MM gluc+AA,PA14 WT,1,1,5/27/22
16,0.0,A5,5749,0.900900901,1,MM gluc+AA,PS,1,1,5/27/22
17,140.038,A5,5729,0.900900901,1,MM gluc+AA,PS,1,1,5/27/22
18,280.083,A5,5647,0.900900901,1,MM gluc+AA,PS,1,1,5/27/22
19,420.113,A5,5614,0.900900901,1,MM gluc+AA,PS,1,1,5/27/22
20,0.0,A6,6375,0.45045045,2,MM gluc+AA,PS,1,1,5/27/22
21,140.038,A6,6348,0.45045045,2,MM gluc+AA,PS,1,1,5/27/22
22,280.083,A6,6404,0.45045045,2,MM gluc+AA,PS,1,1,5/27/22
23,420.113,A6,6370,0.45045045,2,MM gluc+AA,PS,1,1,5/27/22
24,0.0,A7,5958,0.225225225,4,MM gluc+AA,PS,1,1,5/27/22
25,140.038,A7,5785,0.225225225,4,MM gluc+AA,PS,1,1,5/27/22
26,280.083,A7,5699,0.225225225,4,MM gluc+AA,PS,1,1,5/27/22
27,420.113,A7,5716,0.225225225,4,MM gluc+AA,PS,1,1,5/27/22
28,0.0,A8,6479,0.112612613,8,MM gluc+AA,PS,1,1,5/27/22
29,140.038,A8,6267,0.112612613,8,MM gluc+AA,PS,1,1,5/27/22
30,280.083,A8,6146,0.112612613,8,MM gluc+AA,PS,1,1,5/27/22
31,420.113,A8,6121,0.112612613,8,MM gluc+AA,PS,1,1,5/27/22
32,0.0,A9,5797,0.900900901,1,MM gluc+AA,CG,1,1,5/27/22
33,140.038,A9,5732,0.900900901,1,MM gluc+AA,CG,1,1,5/27/22
34,280.083,A9,5707,0.900900901,1,MM gluc+AA,CG,1,1,5/27/22
35,420.113,A9,5683,0.900900901,1,MM gluc+AA,CG,1,1,5/27/22
36,0.0,A10,5471,0.45045045,2,MM gluc+AA,CG,1,1,5/27/22
37,140.038,A10,5385,0.45045045,2,MM gluc+AA,CG,1,1,5/27/22
38,280.083,A10,5401,0.45045045,2,MM gluc+AA,CG,1,1,5/27/22
39,420.113,A10,5444,0.45045045,2,MM gluc+AA,CG,1,1,5/27/22
40,0.0,A11,5543,0.225225225,4,MM gluc+AA,CG,1,1,5/27/22
41,140.038,A11,5290,0.225225225,4,MM gluc+AA,CG,1,1,5/27/22
42,280.083,A11,5217,0.225225225,4,MM gluc+AA,CG,1,1,5/27/22
43,420.113,A11,5245,0.225225225,4,MM gluc+AA,CG,1,1,5/27/22
44,0.0,A12,6311,0.112612613,8,MM gluc+AA,CG,1,1,5/27/22
45,140.038,A12,6016,0.112612613,8,MM gluc+AA,CG,1,1,5/27/22
46,280.083,A12,5953,0.112612613,8,MM gluc+AA,CG,1,1,5/27/22
47,420.113,A12,5891,0.112612613,8,MM gluc+AA,CG,1,1,5/27/22
48,0.0,B1,8926,0.900900901,1,MM gluc+AA,PA14 WT,1,1,5/27/22
49,140.038,B1,8666,0.900900901,1,MM gluc+AA,PA14 WT,1,1,5/27/22
50,280.083,B1,8439,0.900900901,1,MM gluc+AA,PA14 WT,1,1,5/27/22
51,420.113,B1,8367,0.900900901,1,MM gluc+AA,PA14 WT,1,1,5/27/22
52,0.0,B2,6793,0.45045045,2,MM gluc+AA,PA14 WT,1,1,5/27/22
53,140.038,B2,6701,0.45045045,2,MM gluc+AA,PA14 WT,1,1,5/27/22
54,280.083,B2,6602,0.45045045,2,MM gluc+AA,PA14 WT,1,1,5/27/22
55,420.113,B2,6532,0.45045045,2,MM gluc+AA,PA14 WT,1,1,5/27/22
56,0.0,B3,6667,0.225225225,4,MM gluc+AA,PA14 WT,1,1,5/27/22
57,140.038,B3,6569,0.225225225,4,MM gluc+AA,PA14 WT,1,1,5/27/22
58,280.083,B3,6530,0.225225225,4,MM gluc+AA,PA14 WT,1,1,5/27/22
59,420.113,B3,6477,0.225225225,4,MM gluc+AA,PA14 WT,1,1,5/27/22
60,0.0,B4,6775,0.112612613,8,MM gluc+AA,PA14 WT,1,1,5/27/22
61,140.038,B4,6471,0.112612613,8,MM gluc+AA,PA14 WT,1,1,5/27/22
62,280.083,B4,6351,0.112612613,8,MM gluc+AA,PA14 WT,1,1,5/27/22
63,420.113,B4,6219,0.112612613,8,MM gluc+AA,PA14 WT,1,1,5/27/22
64,0.0,B5,5502,0.900900901,1,MM gluc+AA,PS,1,1,5/27/22
65,140.038,B5,5492,0.900900901,1,MM gluc+AA,PS,1,1,5/27/22
66,280.083,B5,5409,0.900900901,1,MM gluc+AA,PS,1,1,5/27/22
67,420.113,B5,5411,0.900900901,1,MM gluc+AA,PS,1,1,5/27/22
68,0.0,B6,5541,0.45045045,2,MM gluc+AA,PS,1,1,5/27/22
69,140.038,B6,5568,0.45045045,2,MM gluc+AA,PS,1,1,5/27/22
70,280.083,B6,5542,0.45045045,2,MM gluc+AA,PS,1,1,5/27/22
71,420.113,B6,5593,0.45045045,2,MM gluc+AA,PS,1,1,5/27/22
72,0.0,B7,6606,0.225225225,4,MM gluc+AA,PS,1,1,5/27/22
73,140.038,B7,6521,0.225225225,4,MM gluc+AA,PS,1,1,5/27/22
74,280.083,B7,6369,0.225225225,4,MM gluc+AA,PS,1,1,5/27/22
75,420.113,B7,6347,0.225225225,4,MM gluc+AA,PS,1,1,5/27/22
76,0.0,B8,6390,0.112612613,8,MM gluc+AA,PS,1,1,5/27/22
77,140.038,B8,6135,0.112612613,8,MM gluc+AA,PS,1,1,5/27/22
78,280.083,B8,6085,0.112612613,8,MM gluc+AA,PS,1,1,5/27/22
79,420.113,B8,6026,0.112612613,8,MM gluc+AA,PS,1,1,5/27/22
80,0.0,B9,5771,0.900900901,1,MM gluc+AA,CG,1,1,5/27/22
81,140.038,B9,5684,0.900900901,1,MM gluc+AA,CG,1,1,5/27/22
82,280.083,B9,5598,0.900900901,1,MM gluc+AA,CG,1,1,5/27/22
83,420.113,B9,5638,0.900900901,1,MM gluc+AA,CG,1,1,5/27/22
84,0.0,B10,5474,0.45045045,2,MM gluc+AA,CG,1,1,5/27/22
85,140.038,B10,5359,0.45045045,2,MM gluc+AA,CG,1,1,5/27/22
86,280.083,B10,5409,0.45045045,2,MM gluc+AA,CG,1,1,5/27/22
87,420.113,B10,5485,0.45045045,2,MM gluc+AA,CG,1,1,5/27/22
88,0.0,B11,5950,0.225225225,4,MM gluc+AA,CG,1,1,5/27/22
89,140.038,B11,5720,0.225225225,4,MM gluc+AA,CG,1,1,5/27/22
90,280.083,B11,5755,0.225225225,4,MM gluc+AA,CG,1,1,5/27/22
91,420.113,B11,5760,0.225225225,4,MM gluc+AA,CG,1,1,5/27/22
92,0.0,B12,6331,0.112612613,8,MM gluc+AA,CG,1,1,5/27/22
93,140.038,B12,6068,0.112612613,8,MM gluc+AA,CG,1,1,5/27/22
94,280.083,B12,5981,0.112612613,8,MM gluc+AA,CG,1,1,5/27/22
95,420.113,B12,5997,0.112612613,8,MM gluc+AA,CG,1,1,5/27/22
96,0.0,C1,7983,0.900900901,1,MM gluc+AA,PA14 WT,2,1,5/27/22
97,140.038,C1,7812,0.900900901,1,MM gluc+AA,PA14 WT,2,1,5/27/22
98,280.083,C1,7711,0.900900901,1,MM gluc+AA,PA14 WT,2,1,5/27/22
99,420.113,C1,7600,0.900900901,1,MM gluc+AA,PA14 WT,2,1,5/27/22
100,0.0,C2,6991,0.45045045,2,MM gluc+AA,PA14 WT,2,1,5/27/22
101,140.038,C2,6991,0.45045045,2,MM gluc+AA,PA14 WT,2,1,5/27/22
102,280.083,C2,6814,0.45045045,2,MM gluc+AA,PA14 WT,2,1,5/27/22
103,420.113,C2,6784,0.45045045,2,MM gluc+AA,PA14 WT,2,1,5/27/22
104,0.0,C3,6194,0.225225225,4,MM gluc+AA,PA14 WT,2,1,5/27/22
105,140.038,C3,6111,0.225225225,4,MM gluc+AA,PA14 WT,2,1,5/27/22
106,280.083,C3,5979,0.225225225,4,MM gluc+AA,PA14 WT,2,1,5/27/22
107,420.113,C3,5930,0.225225225,4,MM gluc+AA,PA14 WT,2,1,5/27/22
108,0.0,C4,6697,0.112612613,8,MM gluc+AA,PA14 WT,2,1,5/27/22
109,140.038,C4,6410,0.112612613,8,MM gluc+AA,PA14 WT,2,1,5/27/22
110,280.083,C4,6240,0.112612613,8,MM gluc+AA,PA14 WT,2,1,5/27/22
111,420.113,C4,6181,0.112612613,8,MM gluc+AA,PA14 WT,2,1,5/27/22
112,0.0,C5,5554,0.900900901,1,MM gluc+AA,PS,2,1,5/27/22
113,140.038,C5,5517,0.900900901,1,MM gluc+AA,PS,2,1,5/27/22
114,280.083,C5,5475,0.900900901,1,MM gluc+AA,PS,2,1,5/27/22
115,420.113,C5,5445,0.900900901,1,MM gluc+AA,PS,2,1,5/27/22
116,0.0,C6,5509,0.45045045,2,MM gluc+AA,PS,2,1,5/27/22
117,140.038,C6,5542,0.45045045,2,MM gluc+AA,PS,2,1,5/27/22
118,280.083,C6,5493,0.45045045,2,MM gluc+AA,PS,2,1,5/27/22
119,420.113,C6,5498,0.45045045,2,MM gluc+AA,PS,2,1,5/27/22
120,0.0,C7,6350,0.225225225,4,MM gluc+AA,PS,2,1,5/27/22
121,140.038,C7,6047,0.225225225,4,MM gluc+AA,PS,2,1,5/27/22
122,280.083,C7,5930,0.225225225,4,MM gluc+AA,PS,2,1,5/27/22
123,420.113,C7,5976,0.225225225,4,MM gluc+AA,PS,2,1,5/27/22
124,0.0,C8,5742,0.112612613,8,MM gluc+AA,PS,2,1,5/27/22
125,140.038,C8,5509,0.112612613,8,MM gluc+AA,PS,2,1,5/27/22
126,280.083,C8,5378,0.112612613,8,MM gluc+AA,PS,2,1,5/27/22
127,420.113,C8,5354,0.112612613,8,MM gluc+AA,PS,2,1,5/27/22
128,0.0,C9,6380,0.900900901,1,MM gluc+AA,CG,2,1,5/27/22
129,140.038,C9,6251,0.900900901,1,MM gluc+AA,CG,2,1,5/27/22
130,280.083,C9,6309,0.900900901,1,MM gluc+AA,CG,2,1,5/27/22
131,420.113,C9,6329,0.900900901,1,MM gluc+AA,CG,2,1,5/27/22
132,0.0,C10,6035,0.45045045,2,MM gluc+AA,CG,2,1,5/27/22
133,140.038,C10,5815,0.45045045,2,MM gluc+AA,CG,2,1,5/27/22
134,280.083,C10,5761,0.45045045,2,MM gluc+AA,CG,2,1,5/27/22
135,420.113,C10,5777,0.45045045,2,MM gluc+AA,CG,2,1,5/27/22
136,0.0,C11,6199,0.225225225,4,MM gluc+AA,CG,2,1,5/27/22
137,140.038,C11,5865,0.225225225,4,MM gluc+AA,CG,2,1,5/27/22
138,280.083,C11,5792,0.225225225,4,MM gluc+AA,CG,2,1,5/27/22
139,420.113,C11,5786,0.225225225,4,MM gluc+AA,CG,2,1,5/27/22
140,0.0,C12,6198,0.112612613,8,MM gluc+AA,CG,2,1,5/27/22
141,140.038,C12,5831,0.112612613,8,MM gluc+AA,CG,2,1,5/27/22
142,280.083,C12,5775,0.112612613,8,MM gluc+AA,CG,2,1,5/27/22
143,420.113,C12,5715,0.112612613,8,MM gluc+AA,CG,2,1,5/27/22
144,0.0,D1,8571,0.900900901,1,MM gluc+AA,PA14 WT,2,1,5/27/22
145,140.038,D1,8409,0.900900901,1,MM gluc+AA,PA14 WT,2,1,5/27/22
146,280.083,D1,8056,0.900900901,1,MM gluc+AA,PA14 WT,2,1,5/27/22
147,420.113,D1,8044,0.900900901,1,MM gluc+AA,PA14 WT,2,1,5/27/22
148,0.0,D2,7225,0.45045045,2,MM gluc+AA,PA14 WT,2,1,5/27/22
149,140.038,D2,7224,0.45045045,2,MM gluc+AA,PA14 WT,2,1,5/27/22
150,280.083,D2,7079,0.45045045,2,MM gluc+AA,PA14 WT,2,1,5/27/22
151,420.113,D2,7000,0.45045045,2,MM gluc+AA,PA14 WT,2,1,5/27/22
152,0.0,D3,6705,0.225225225,4,MM gluc+AA,PA14 WT,2,1,5/27/22
153,140.038,D3,6761,0.225225225,4,MM gluc+AA,PA14 WT,2,1,5/27/22
154,280.083,D3,6676,0.225225225,4,MM gluc+AA,PA14 WT,2,1,5/27/22
155,420.113,D3,6598,0.225225225,4,MM gluc+AA,PA14 WT,2,1,5/27/22
156,0.0,D4,6949,0.112612613,8,MM gluc+AA,PA14 WT,2,1,5/27/22
157,140.038,D4,6701,0.112612613,8,MM gluc+AA,PA14 WT,2,1,5/27/22
158,280.083,D4,6563,0.112612613,8,MM gluc+AA,PA14 WT,2,1,5/27/22
159,420.113,D4,6447,0.112612613,8,MM gluc+AA,PA14 WT,2,1,5/27/22
160,0.0,D5,5380,0.900900901,1,MM gluc+AA,PS,2,1,5/27/22
161,140.038,D5,5382,0.900900901,1,MM gluc+AA,PS,2,1,5/27/22
162,280.083,D5,5296,0.900900901,1,MM gluc+AA,PS,2,1,5/27/22
163,420.113,D5,5323,0.900900901,1,MM gluc+AA,PS,2,1,5/27/22
164,0.0,D6,5381,0.45045045,2,MM gluc+AA,PS,2,1,5/27/22
165,140.038,D6,5287,0.45045045,2,MM gluc+AA,PS,2,1,5/27/22
166,280.083,D6,5326,0.45045045,2,MM gluc+AA,PS,2,1,5/27/22
167,420.113,D6,5345,0.45045045,2,MM gluc+AA,PS,2,1,5/27/22
168,0.0,D7,6284,0.225225225,4,MM gluc+AA,PS,2,1,5/27/22
169,140.038,D7,6168,0.225225225,4,MM gluc+AA,PS,2,1,5/27/22
170,280.083,D7,6028,0.225225225,4,MM gluc+AA,PS,2,1,5/27/22
171,420.113,D7,6076,0.225225225,4,MM gluc+AA,PS,2,1,5/27/22
172,0.0,D8,6383,0.112612613,8,MM gluc+AA,PS,2,1,5/27/22
173,140.038,D8,6168,0.112612613,8,MM gluc+AA,PS,2,1,5/27/22
174,280.083,D8,6040,0.112612613,8,MM gluc+AA,PS,2,1,5/27/22
175,420.113,D8,6005,0.112612613,8,MM gluc+AA,PS,2,1,5/27/22
176,0.0,D9,6343,0.900900901,1,MM gluc+AA,CG,2,1,5/27/22
177,140.038,D9,6309,0.900900901,1,MM gluc+AA,CG,2,1,5/27/22
178,280.083,D9,6244,0.900900901,1,MM gluc+AA,CG,2,1,5/27/22
179,420.113,D9,6323,0.900900901,1,MM gluc+AA,CG,2,1,5/27/22
180,0.0,D10,5809,0.45045045,2,MM gluc+AA,CG,2,1,5/27/22
181,140.038,D10,5644,0.45045045,2,MM gluc+AA,CG,2,1,5/27/22
182,280.083,D10,5655,0.45045045,2,MM gluc+AA,CG,2,1,5/27/22
183,420.113,D10,5578,0.45045045,2,MM gluc+AA,CG,2,1,5/27/22
184,0.0,D11,6412,0.225225225,4,MM gluc+AA,CG,2,1,5/27/22
185,140.038,D11,6112,0.225225225,4,MM gluc+AA,CG,2,1,5/27/22
186,280.083,D11,6077,0.225225225,4,MM gluc+AA,CG,2,1,5/27/22
187,420.113,D11,6031,0.225225225,4,MM gluc+AA,CG,2,1,5/27/22
188,0.0,D12,5842,0.112612613,8,MM gluc+AA,CG,2,1,5/27/22
189,140.038,D12,5589,0.112612613,8,MM gluc+AA,CG,2,1,5/27/22
190,280.083,D12,5506,0.112612613,8,MM gluc+AA,CG,2,1,5/27/22
191,420.113,D12,5498,0.112612613,8,MM gluc+AA,CG,2,1,5/27/22
192,0.0,E1,8335,0.900900901,1,MM gluc+AA,EC WT,1,1,5/27/22
193,140.038,E1,8334,0.900900901,1,MM gluc+AA,EC WT,1,1,5/27/22
194,280.083,E1,8176,0.900900901,1,MM gluc+AA,EC WT,1,1,5/27/22
195,420.113,E1,8227,0.900900901,1,MM gluc+AA,EC WT,1,1,5/27/22
196,0.0,E2,7645,0.45045045,2,MM gluc+AA,EC WT,1,1,5/27/22
197,140.038,E2,7554,0.45045045,2,MM gluc+AA,EC WT,1,1,5/27/22
198,280.083,E2,7420,0.45045045,2,MM gluc+AA,EC WT,1,1,5/27/22
199,420.113,E2,7410,0.45045045,2,MM gluc+AA,EC WT,1,1,5/27/22
200,0.0,E3,6750,0.225225225,4,MM gluc+AA,EC WT,1,1,5/27/22
201,140.038,E3,6762,0.225225225,4,MM gluc+AA,EC WT,1,1,5/27/22
202,280.083,E3,6702,0.225225225,4,MM gluc+AA,EC WT,1,1,5/27/22
203,420.113,E3,6638,0.225225225,4,MM gluc+AA,EC WT,1,1,5/27/22
204,0.0,E4,6984,0.112612613,8,MM gluc+AA,EC WT,1,1,5/27/22
205,140.038,E4,6949,0.112612613,8,MM gluc+AA,EC WT,1,1,5/27/22
206,280.083,E4,6853,0.112612613,8,MM gluc+AA,EC WT,1,1,5/27/22
207,420.113,E4,6779,0.112612613,8,MM gluc+AA,EC WT,1,1,5/27/22
208,0.0,E5,5945,0.900900901,1,MM gluc+AA,BG,1,1,5/27/22
209,140.038,E5,5861,0.900900901,1,MM gluc+AA,BG,1,1,5/27/22
210,280.083,E5,5730,0.900900901,1,MM gluc+AA,BG,1,1,5/27/22
211,420.113,E5,5734,0.900900901,1,MM gluc+AA,BG,1,1,5/27/22
212,0.0,E6,6545,0.45045045,2,MM gluc+AA,BG,1,1,5/27/22
213,140.038,E6,6385,0.45045045,2,MM gluc+AA,BG,1,1,5/27/22
214,280.083,E6,6282,0.45045045,2,MM gluc+AA,BG,1,1,5/27/22
215,420.113,E6,6260,0.45045045,2,MM gluc+AA,BG,1,1,5/27/22
216,0.0,E7,5591,0.225225225,4,MM gluc+AA,BG,1,1,5/27/22
217,140.038,E7,5358,0.225225225,4,MM gluc+AA,BG,1,1,5/27/22
218,280.083,E7,5265,0.225225225,4,MM gluc+AA,BG,1,1,5/27/22
219,420.113,E7,5216,0.225225225,4,MM gluc+AA,BG,1,1,5/27/22
220,0.0,E8,6242,0.112612613,8,MM gluc+AA,BG,1,1,5/27/22
221,140.038,E8,5801,0.112612613,8,MM gluc+AA,BG,1,1,5/27/22
222,280.083,E8,5589,0.112612613,8,MM gluc+AA,BG,1,1,5/27/22
223,420.113,E8,5528,0.112612613,8,MM gluc+AA,BG,1,1,5/27/22
224,0.0,E9,6220,1.0,1,MM gluc+AA,O2NS,1,1,5/27/22
225,140.038,E9,5983,1.0,1,MM gluc+AA,O2NS,1,1,5/27/22
226,280.083,E9,5907,1.0,1,MM gluc+AA,O2NS,1,1,5/27/22
227,420.113,E9,5855,1.0,1,MM gluc+AA,O2NS,1,1,5/27/22
228,0.0,E10,6440,1.0,1,MM gluc+AA,O2NS,1,1,5/27/22
229,140.038,E10,6029,1.0,1,MM gluc+AA,O2NS,1,1,5/27/22
230,280.083,E10,5963,1.0,1,MM gluc+AA,O2NS,1,1,5/27/22
231,420.113,E10,5939,1.0,1,MM gluc+AA,O2NS,1,1,5/27/22
232,0.0,E11,6262,1.0,1,MM gluc+AA,O2NS,1,1,5/27/22
233,140.038,E11,5820,1.0,1,MM gluc+AA,O2NS,1,1,5/27/22
234,280.083,E11,5795,1.0,1,MM gluc+AA,O2NS,1,1,5/27/22
235,420.113,E11,5750,1.0,1,MM gluc+AA,O2NS,1,1,5/27/22
236,0.0,E12,6929,1.0,1,MM gluc+AA,O2NS,1,1,5/27/22
237,140.038,E12,6452,1.0,1,MM gluc+AA,O2NS,1,1,5/27/22
238,280.083,E12,6369,1.0,1,MM gluc+AA,O2NS,1,1,5/27/22
239,420.113,E12,6365,1.0,1,MM gluc+AA,O2NS,1,1,5/27/22
240,0.0,F1,8426,0.900900901,1,MM gluc+AA,EC WT,1,1,5/27/22
241,140.038,F1,8405,0.900900901,1,MM gluc+AA,EC WT,1,1,5/27/22
242,280.083,F1,8363,0.900900901,1,MM gluc+AA,EC WT,1,1,5/27/22
243,420.113,F1,8247,0.900900901,1,MM gluc+AA,EC WT,1,1,5/27/22
244,0.0,F2,7270,0.45045045,2,MM gluc+AA,EC WT,1,1,5/27/22
245,140.038,F2,7296,0.45045045,2,MM gluc+AA,EC WT,1,1,5/27/22
246,280.083,F2,7208,0.45045045,2,MM gluc+AA,EC WT,1,1,5/27/22
247,420.113,F2,7124,0.45045045,2,MM gluc+AA,EC WT,1,1,5/27/22
248,0.0,F3,7750,0.225225225,4,MM gluc+AA,EC WT,1,1,5/27/22
249,140.038,F3,7583,0.225225225,4,MM gluc+AA,EC WT,1,1,5/27/22
250,280.083,F3,7522,0.225225225,4,MM gluc+AA,EC WT,1,1,5/27/22
251,420.113,F3,7418,0.225225225,4,MM gluc+AA,EC WT,1,1,5/27/22
252,0.0,F4,6739,0.112612613,8,MM gluc+AA,EC WT,1,1,5/27/22
253,140.038,F4,6704,0.112612613,8,MM gluc+AA,EC WT,1,1,5/27/22
254,280.083,F4,6542,0.112612613,8,MM gluc+AA,EC WT,1,1,5/27/22
255,420.113,F4,6521,0.112612613,8,MM gluc+AA,EC WT,1,1,5/27/22
256,0.0,F5,6435,0.900900901,1,MM gluc+AA,BG,1,1,5/27/22
257,140.038,F5,6235,0.900900901,1,MM gluc+AA,BG,1,1,5/27/22
258,280.083,F5,6125,0.900900901,1,MM gluc+AA,BG,1,1,5/27/22
259,420.113,F5,6207,0.900900901,1,MM gluc+AA,BG,1,1,5/27/22
260,0.0,F6,6048,0.45045045,2,MM gluc+AA,BG,1,1,5/27/22
261,140.038,F6,5999,0.45045045,2,MM gluc+AA,BG,1,1,5/27/22
262,280.083,F6,5829,0.45045045,2,MM gluc+AA,BG,1,1,5/27/22
263,420.113,F6,5813,0.45045045,2,MM gluc+AA,BG,1,1,5/27/22
264,0.0,F7,5910,0.225225225,4,MM gluc+AA,BG,1,1,5/27/22
265,140.038,F7,5461,0.225225225,4,MM gluc+AA,BG,1,1,5/27/22
266,280.083,F7,5360,0.225225225,4,MM gluc+AA,BG,1,1,5/27/22
267,420.113,F7,5275,0.225225225,4,MM gluc+AA,BG,1,1,5/27/22
268,0.0,F8,5987,0.112612613,8,MM gluc+AA,BG,1,1,5/27/22
269,140.038,F8,5726,0.112612613,8,MM gluc+AA,BG,1,1,5/27/22
270,280.083,F8,5581,0.112612613,8,MM gluc+AA,BG,1,1,5/27/22
271,420.113,F8,5553,0.112612613,8,MM gluc+AA,BG,1,1,5/27/22
272,0.0,F9,6292,1.0,1,MM gluc+AA,O2NS,1,1,5/27/22
273,140.038,F9,5995,1.0,1,MM gluc+AA,O2NS,1,1,5/27/22
274,280.083,F9,5964,1.0,1,MM gluc+AA,O2NS,1,1,5/27/22
275,420.113,F9,5941,1.0,1,MM gluc+AA,O2NS,1,1,5/27/22
276,0.0,F10,6125,1.0,1,MM gluc+AA,O2NS,1,1,5/27/22
277,140.038,F10,5733,1.0,1,MM gluc+AA,O2NS,1,1,5/27/22
278,280.083,F10,5619,1.0,1,MM gluc+AA,O2NS,1,1,5/27/22
279,420.113,F10,5591,1.0,1,MM gluc+AA,O2NS,1,1,5/27/22
280,0.0,F11,6357,1.0,1,MM gluc+AA,O2NS,1,1,5/27/22
281,140.038,F11,5974,1.0,1,MM gluc+AA,O2NS,1,1,5/27/22
282,280.083,F11,5904,1.0,1,MM gluc+AA,O2NS,1,1,5/27/22
283,420.113,F11,5931,1.0,1,MM gluc+AA,O2NS,1,1,5/27/22
284,0.0,F12,6943,1.0,1,MM gluc+AA,O2NS,1,1,5/27/22
285,140.038,F12,6590,1.0,1,MM gluc+AA,O2NS,1,1,5/27/22
286,280.083,F12,6530,1.0,1,MM gluc+AA,O2NS,1,1,5/27/22
287,420.113,F12,6501,1.0,1,MM gluc+AA,O2NS,1,1,5/27/22
288,0.0,G1,8199,0.900900901,1,MM gluc+AA,EC WT,2,1,5/27/22
289,140.038,G1,8116,0.900900901,1,MM gluc+AA,EC WT,2,1,5/27/22
290,280.083,G1,7948,0.900900901,1,MM gluc+AA,EC WT,2,1,5/27/22
291,420.113,G1,7924,0.900900901,1,MM gluc+AA,EC WT,2,1,5/27/22
292,0.0,G2,7685,0.45045045,2,MM gluc+AA,EC WT,2,1,5/27/22
293,140.038,G2,7684,0.45045045,2,MM gluc+AA,EC WT,2,1,5/27/22
294,280.083,G2,7504,0.45045045,2,MM gluc+AA,EC WT,2,1,5/27/22
295,420.113,G2,7458,0.45045045,2,MM gluc+AA,EC WT,2,1,5/27/22
296,0.0,G3,6931,0.225225225,4,MM gluc+AA,EC WT,2,1,5/27/22
297,140.038,G3,6639,0.225225225,4,MM gluc+AA,EC WT,2,1,5/27/22
298,280.083,G3,6538,0.225225225,4,MM gluc+AA,EC WT,2,1,5/27/22
299,420.113,G3,6507,0.225225225,4,MM gluc+AA,EC WT,2,1,5/27/22
300,0.0,G4,7299,0.112612613,8,MM gluc+AA,EC WT,2,1,5/27/22
301,140.038,G4,7135,0.112612613,8,MM gluc+AA,EC WT,2,1,5/27/22
302,280.083,G4,6994,0.112612613,8,MM gluc+AA,EC WT,2,1,5/27/22
303,420.113,G4,6955,0.112612613,8,MM gluc+AA,EC WT,2,1,5/27/22
304,0.0,G5,5962,0.900900901,1,MM gluc+AA,BG,2,1,5/27/22
305,140.038,G5,5855,0.900900901,1,MM gluc+AA,BG,2,1,5/27/22
306,280.083,G5,5693,0.900900901,1,MM gluc+AA,BG,2,1,5/27/22
307,420.113,G5,5664,0.900900901,1,MM gluc+AA,BG,2,1,5/27/22
308,0.0,G6,5783,0.45045045,2,MM gluc+AA,BG,2,1,5/27/22
309,140.038,G6,5653,0.45045045,2,MM gluc+AA,BG,2,1,5/27/22
310,280.083,G6,5508,0.45045045,2,MM gluc+AA,BG,2,1,5/27/22
311,420.113,G6,5461,0.45045045,2,MM gluc+AA,BG,2,1,5/27/22
312,0.0,G7,4545,0.225225225,4,MM gluc+AA,BG,2,1,5/27/22
313,140.038,G7,4435,0.225225225,4,MM gluc+AA,BG,2,1,5/27/22
314,280.083,G7,4315,0.225225225,4,MM gluc+AA,BG,2,1,5/27/22
315,420.113,G7,4237,0.225225225,4,MM gluc+AA,BG,2,1,5/27/22
316,0.0,G8,5997,0.112612613,8,MM gluc+AA,BG,2,1,5/27/22
317,140.038,G8,5699,0.112612613,8,MM gluc+AA,BG,2,1,5/27/22
318,280.083,G8,5542,0.112612613,8,MM gluc+AA,BG,2,1,5/27/22
319,420.113,G8,5491,0.112612613,8,MM gluc+AA,BG,2,1,5/27/22
320,0.0,G9,6212,1.0,1,MM gluc+AA,O2NS,1,1,5/27/22
321,140.038,G9,5830,1.0,1,MM gluc+AA,O2NS,1,1,5/27/22
322,280.083,G9,5747,1.0,1,MM gluc+AA,O2NS,1,1,5/27/22
323,420.113,G9,5764,1.0,1,MM gluc+AA,O2NS,1,1,5/27/22
324,0.0,G10,6330,1.0,1,MM gluc+AA,O2NS,1,1,5/27/22
325,140.038,G10,6108,1.0,1,MM gluc+AA,O2NS,1,1,5/27/22
326,280.083,G10,5980,1.0,1,MM gluc+AA,O2NS,1,1,5/27/22
327,420.113,G10,5946,1.0,1,MM gluc+AA,O2NS,1,1,5/27/22
328,0.0,G11,6123,1.0,1,MM gluc+AA,O2NS,1,1,5/27/22
329,140.038,G11,5766,1.0,1,MM gluc+AA,O2NS,1,1,5/27/22
330,280.083,G11,5706,1.0,1,MM gluc+AA,O2NS,1,1,5/27/22
331,420.113,G11,5707,1.0,1,MM gluc+AA,O2NS,1,1,5/27/22
332,0.0,G12,6558,1.0,1,MM gluc+AA,O2NS,1,1,5/27/22
333,140.038,G12,6278,1.0,1,MM gluc+AA,O2NS,1,1,5/27/22
334,280.083,G12,6177,1.0,1,MM gluc+AA,O2NS,1,1,5/27/22
335,420.113,G12,6177,1.0,1,MM gluc+AA,O2NS,1,1,5/27/22
336,0.0,H1,8519,0.900900901,1,MM gluc+AA,EC WT,2,1,5/27/22
337,140.038,H1,8375,0.900900901,1,MM gluc+AA,EC WT,2,1,5/27/22
338,280.083,H1,8360,0.900900901,1,MM gluc+AA,EC WT,2,1,5/27/22
339,420.113,H1,7922,0.900900901,1,MM gluc+AA,EC WT,2,1,5/27/22
340,0.0,H2,7280,0.45045045,2,MM gluc+AA,EC WT,2,1,5/27/22
341,140.038,H2,7173,0.45045045,2,MM gluc+AA,EC WT,2,1,5/27/22
342,280.083,H2,7033,0.45045045,2,MM gluc+AA,EC WT,2,1,5/27/22
343,420.113,H2,6998,0.45045045,2,MM gluc+AA,EC WT,2,1,5/27/22
344,0.0,H3,7774,0.225225225,4,MM gluc+AA,EC WT,2,1,5/27/22
345,140.038,H3,7565,0.225225225,4,MM gluc+AA,EC WT,2,1,5/27/22
346,280.083,H3,7443,0.225225225,4,MM gluc+AA,EC WT,2,1,5/27/22
347,420.113,H3,7394,0.225225225,4,MM gluc+AA,EC WT,2,1,5/27/22
348,0.0,H4,6592,0.112612613,8,MM gluc+AA,EC WT,2,1,5/27/22
349,140.038,H4,6385,0.112612613,8,MM gluc+AA,EC WT,2,1,5/27/22
350,280.083,H4,6253,0.112612613,8,MM gluc+AA,EC WT,2,1,5/27/22
351,420.113,H4,6191,0.112612613,8,MM gluc+AA,EC WT,2,1,5/27/22
352,0.0,H5,6044,0.900900901,1,MM gluc+AA,BG,2,1,5/27/22
353,140.038,H5,6026,0.900900901,1,MM gluc+AA,BG,2,1,5/27/22
354,280.083,H5,5880,0.900900901,1,MM gluc+AA,BG,2,1,5/27/22
355,420.113,H5,5881,0.900900901,1,MM gluc+AA,BG,2,1,5/27/22
356,0.0,H6,5986,0.45045045,2,MM gluc+AA,BG,2,1,5/27/22
357,140.038,H6,5963,0.45045045,2,MM gluc+AA,BG,2,1,5/27/22
358,280.083,H6,5762,0.45045045,2,MM gluc+AA,BG,2,1,5/27/22
359,420.113,H6,5711,0.45045045,2,MM gluc+AA,BG,2,1,5/27/22
360,0.0,H7,5496,0.225225225,4,MM gluc+AA,BG,2,1,5/27/22
361,140.038,H7,5285,0.225225225,4,MM gluc+AA,BG,2,1,5/27/22
362,280.083,H7,5157,0.225225225,4,MM gluc+AA,BG,2,1,5/27/22
363,420.113,H7,5071,0.225225225,4,MM gluc+AA,BG,2,1,5/27/22
364,0.0,H8,5905,0.112612613,8,MM gluc+AA,BG,2,1,5/27/22
365,140.038,H8,5824,0.112612613,8,MM gluc+AA,BG,2,1,5/27/22
366,280.083,H8,5641,0.112612613,8,MM gluc+AA,BG,2,1,5/27/22
367,420.113,H8,5561,0.112612613,8,MM gluc+AA,BG,2,1,5/27/22
368,0.0,H9,6337,1.0,1,MM gluc+AA,O2NS,1,1,5/27/22
369,140.038,H9,5919,1.0,1,MM gluc+AA,O2NS,1,1,5/27/22
370,280.083,H9,5885,1.0,1,MM gluc+AA,O2NS,1,1,5/27/22
371,420.113,H9,5798,1.0,1,MM gluc+AA,O2NS,1,1,5/27/22
372,0.0,H10,6169,1.0,1,MM gluc+AA,O2NS,1,1,5/27/22
373,140.038,H10,5796,1.0,1,MM gluc+AA,O2NS,1,1,5/27/22
374,280.083,H10,5686,1.0,1,MM gluc+AA,O2NS,1,1,5/27/22
375,420.113,H10,5684,1.0,1,MM gluc+AA,O2NS,1,1,5/27/22
376,0.0,H11,6438,1.0,1,MM gluc+AA,O2NS,1,1,5/27/22
377,140.038,H11,6002,1.0,1,MM gluc+AA,O2NS,1,1,5/27/22
378,280.083,H11,5962,1.0,1,MM gluc+AA,O2NS,1,1,5/27/22
379,420.113,H11,5960,1.0,1,MM gluc+AA,O2NS,1,1,5/27/22
380,0.0,H12,6973,1.0,1,MM gluc+AA,O2NS,1,1,5/27/22
381,140.038,H12,6699,1.0,1,MM gluc+AA,O2NS,1,1,5/27/22
382,280.083,H12,6492,1.0,1,MM gluc+AA,O2NS,1,1,5/27/22
383,420.113,H12,6537,1.0,1,MM gluc+AA,O2NS,1,1,5/27/22
0,0.0,A1,7852,0.900900901,1,MM gluc+AA,CS,1,2,5/27/22
1,140.058,A1,7916,0.900900901,1,MM gluc+AA,CS,1,2,5/27/22
2,280.095,A1,7724,0.900900901,1,MM gluc+AA,CS,1,2,5/27/22
3,420.152,A1,7717,0.900900901,1,MM gluc+AA,CS,1,2,5/27/22
4,0.0,A2,6880,0.45045045,2,MM gluc+AA,CS,1,2,5/27/22
5,140.058,A2,6775,0.45045045,2,MM gluc+AA,CS,1,2,5/27/22
6,280.095,A2,6767,0.45045045,2,MM gluc+AA,CS,1,2,5/27/22
7,420.152,A2,6801,0.45045045,2,MM gluc+AA,CS,1,2,5/27/22
8,0.0,A3,5754,0.225225225,4,MM gluc+AA,CS,1,2,5/27/22
9,140.058,A3,5779,0.225225225,4,MM gluc+AA,CS,1,2,5/27/22
10,280.095,A3,6018,0.225225225,4,MM gluc+AA,CS,1,2,5/27/22
11,420.152,A3,5910,0.225225225,4,MM gluc+AA,CS,1,2,5/27/22
12,0.0,A4,5672,0.112612613,8,MM gluc+AA,CS,1,2,5/27/22
13,140.058,A4,5715,0.112612613,8,MM gluc+AA,CS,1,2,5/27/22
14,280.095,A4,5770,0.112612613,8,MM gluc+AA,CS,1,2,5/27/22
15,420.152,A4,5738,0.112612613,8,MM gluc+AA,CS,1,2,5/27/22
16,0.0,A5,5388,0.900900901,1,MM gluc+AA,AGG,1,2,5/27/22
17,140.058,A5,5359,0.900900901,1,MM gluc+AA,AGG,1,2,5/27/22
18,280.095,A5,5491,0.900900901,1,MM gluc+AA,AGG,1,2,5/27/22
19,420.152,A5,5473,0.900900901,1,MM gluc+AA,AGG,1,2,5/27/22
20,0.0,A6,5023,0.45045045,2,MM gluc+AA,AGG,1,2,5/27/22
21,140.058,A6,5118,0.45045045,2,MM gluc+AA,AGG,1,2,5/27/22
22,280.095,A6,5215,0.45045045,2,MM gluc+AA,AGG,1,2,5/27/22
23,420.152,A6,5167,0.45045045,2,MM gluc+AA,AGG,1,2,5/27/22
24,0.0,A7,5081,0.225225225,4,MM gluc+AA,AGG,1,2,5/27/22
25,140.058,A7,5107,0.225225225,4,MM gluc+AA,AGG,1,2,5/27/22
26,280.095,A7,5405,0.225225225,4,MM gluc+AA,AGG,1,2,5/27/22
27,420.152,A7,5397,0.225225225,4,MM gluc+AA,AGG,1,2,5/27/22
28,0.0,A8,5244,0.112612613,8,MM gluc+AA,AGG,1,2,5/27/22
29,140.058,A8,5255,0.112612613,8,MM gluc+AA,AGG,1,2,5/27/22
30,280.095,A8,5420,0.112612613,8,MM gluc+AA,AGG,1,2,5/27/22
31,420.152,A8,5483,0.112612613,8,MM gluc+AA,AGG,1,2,5/27/22
32,0.0,A9,6250,1.0,1,MM gluc+AA,O2NS,1,2,5/27/22
33,140.058,A9,6099,1.0,1,MM gluc+AA,O2NS,1,2,5/27/22
34,280.095,A9,6213,1.0,1,MM gluc+AA,O2NS,1,2,5/27/22
35,420.152,A9,6166,1.0,1,MM gluc+AA,O2NS,1,2,5/27/22
36,0.0,A10,6229,1.0,1,MM gluc+AA,O2NS,1,2,5/27/22
37,140.058,A10,6082,1.0,1,MM gluc+AA,O2NS,1,2,5/27/22
38,280.095,A10,6236,1.0,1,MM gluc+AA,O2NS,1,2,5/27/22
39,420.152,A10,6232,1.0,1,MM gluc+AA,O2NS,1,2,5/27/22
40,0.0,A11,5956,1.0,1,MM gluc+AA,O2NS,1,2,5/27/22
41,140.058,A11,5820,1.0,1,MM gluc+AA,O2NS,1,2,5/27/22
42,280.095,A11,5988,1.0,1,MM gluc+AA,O2NS,1,2,5/27/22
43,420.152,A11,6015,1.0,1,MM gluc+AA,O2NS,1,2,5/27/22
44,0.0,A12,6124,1.0,1,MM gluc+AA,O2NS,1,2,5/27/22
45,140.058,A12,5938,1.0,1,MM gluc+AA,O2NS,1,2,5/27/22
46,280.095,A12,6116,1.0,1,MM gluc+AA,O2NS,1,2,5/27/22
47,420.152,A12,6057,1.0,1,MM gluc+AA,O2NS,1,2,5/27/22
48,0.0,B1,8432,0.900900901,1,MM gluc+AA,CS,1,2,5/27/22
49,140.058,B1,8435,0.900900901,1,MM gluc+AA,CS,1,2,5/27/22
50,280.095,B1,8323,0.900900901,1,MM gluc+AA,CS,1,2,5/27/22
51,420.152,B1,8254,0.900900901,1,MM gluc+AA,CS,1,2,5/27/22
52,0.0,B2,6784,0.45045045,2,MM gluc+AA,CS,1,2,5/27/22
53,140.058,B2,6589,0.45045045,2,MM gluc+AA,CS,1,2,5/27/22
54,280.095,B2,6607,0.45045045,2,MM gluc+AA,CS,1,2,5/27/22
55,420.152,B2,6663,0.45045045,2,MM gluc+AA,CS,1,2,5/27/22
56,0.0,B3,6023,0.225225225,4,MM gluc+AA,CS,1,2,5/27/22
57,140.058,B3,5911,0.225225225,4,MM gluc+AA,CS,1,2,5/27/22
58,280.095,B3,6094,0.225225225,4,MM gluc+AA,CS,1,2,5/27/22
59,420.152,B3,6169,0.225225225,4,MM gluc+AA,CS,1,2,5/27/22
60,0.0,B4,5614,0.112612613,8,MM gluc+AA,CS,1,2,5/27/22
61,140.058,B4,5628,0.112612613,8,MM gluc+AA,CS,1,2,5/27/22
62,280.095,B4,5593,0.112612613,8,MM gluc+AA,CS,1,2,5/27/22
63,420.152,B4,5575,0.112612613,8,MM gluc+AA,CS,1,2,5/27/22
64,0.0,B5,5411,0.900900901,1,MM gluc+AA,AGG,1,2,5/27/22
65,140.058,B5,5369,0.900900901,1,MM gluc+AA,AGG,1,2,5/27/22
66,280.095,B5,5669,0.900900901,1,MM gluc+AA,AGG,1,2,5/27/22
67,420.152,B5,5543,0.900900901,1,MM gluc+AA,AGG,1,2,5/27/22
68,0.0,B6,5473,0.45045045,2,MM gluc+AA,AGG,1,2,5/27/22
69,140.058,B6,5625,0.45045045,2,MM gluc+AA,AGG,1,2,5/27/22
70,280.095,B6,5840,0.45045045,2,MM gluc+AA,AGG,1,2,5/27/22
71,420.152,B6,5868,0.45045045,2,MM gluc+AA,AGG,1,2,5/27/22
72,0.0,B7,4543,0.225225225,4,MM gluc+AA,AGG,1,2,5/27/22
73,140.058,B7,4811,0.225225225,4,MM gluc+AA,AGG,1,2,5/27/22
74,280.095,B7,5017,0.225225225,4,MM gluc+AA,AGG,1,2,5/27/22
75,420.152,B7,5047,0.225225225,4,MM gluc+AA,AGG,1,2,5/27/22
76,0.0,B8,5117,0.112612613,8,MM gluc+AA,AGG,1,2,5/27/22
77,140.058,B8,5215,0.112612613,8,MM gluc+AA,AGG,1,2,5/27/22
78,280.095,B8,5369,0.112612613,8,MM gluc+AA,AGG,1,2,5/27/22
79,420.152,B8,5406,0.112612613,8,MM gluc+AA,AGG,1,2,5/27/22
80,0.0,B9,6266,1.0,1,MM gluc+AA,O2NS,1,2,5/27/22
81,140.058,B9,6150,1.0,1,MM gluc+AA,O2NS,1,2,5/27/22
82,280.095,B9,6224,1.0,1,MM gluc+AA,O2NS,1,2,5/27/22
83,420.152,B9,6214,1.0,1,MM gluc+AA,O2NS,1,2,5/27/22
84,0.0,B10,6092,1.0,1,MM gluc+AA,O2NS,1,2,5/27/22
85,140.058,B10,5967,1.0,1,MM gluc+AA,O2NS,1,2,5/27/22
86,280.095,B10,6104,1.0,1,MM gluc+AA,O2NS,1,2,5/27/22
87,420.152,B10,6123,1.0,1,MM gluc+AA,O2NS,1,2,5/27/22
88,0.0,B11,6248,1.0,1,MM gluc+AA,O2NS,1,2,5/27/22
89,140.058,B11,6097,1.0,1,MM gluc+AA,O2NS,1,2,5/27/22
90,280.095,B11,6293,1.0,1,MM gluc+AA,O2NS,1,2,5/27/22
91,420.152,B11,6262,1.0,1,MM gluc+AA,O2NS,1,2,5/27/22
92,0.0,B12,6215,1.0,1,MM gluc+AA,O2NS,1,2,5/27/22
93,140.058,B12,6103,1.0,1,MM gluc+AA,O2NS,1,2,5/27/22
94,280.095,B12,6235,1.0,1,MM gluc+AA,O2NS,1,2,5/27/22
95,420.152,B12,6245,1.0,1,MM gluc+AA,O2NS,1,2,5/27/22
96,0.0,C1,8296,0.900900901,1,MM gluc+AA,CS,2,2,5/27/22
97,140.058,C1,8051,0.900900901,1,MM gluc+AA,CS,2,2,5/27/22
98,280.095,C1,7974,0.900900901,1,MM gluc+AA,CS,2,2,5/27/22
99,420.152,C1,8069,0.900900901,1,MM gluc+AA,CS,2,2,5/27/22
100,0.0,C2,5954,0.45045045,2,MM gluc+AA,CS,2,2,5/27/22
101,140.058,C2,5778,0.45045045,2,MM gluc+AA,CS,2,2,5/27/22
102,280.095,C2,5788,0.45045045,2,MM gluc+AA,CS,2,2,5/27/22
103,420.152,C2,5795,0.45045045,2,MM gluc+AA,CS,2,2,5/27/22
104,0.0,C3,5946,0.225225225,4,MM gluc+AA,CS,2,2,5/27/22
105,140.058,C3,5807,0.225225225,4,MM gluc+AA,CS,2,2,5/27/22
106,280.095,C3,6009,0.225225225,4,MM gluc+AA,CS,2,2,5/27/22
107,420.152,C3,6023,0.225225225,4,MM gluc+AA,CS,2,2,5/27/22
108,0.0,C4,5469,0.112612613,8,MM gluc+AA,CS,2,2,5/27/22
109,140.058,C4,5435,0.112612613,8,MM gluc+AA,CS,2,2,5/27/22
110,280.095,C4,5435,0.112612613,8,MM gluc+AA,CS,2,2,5/27/22
111,420.152,C4,5430,0.112612613,8,MM gluc+AA,CS,2,2,5/27/22
112,0.0,C5,5680,0.900900901,1,MM gluc+AA,AGG,2,2,5/27/22
113,140.058,C5,5715,0.900900901,1,MM gluc+AA,AGG,2,2,5/27/22
114,280.095,C5,5741,0.900900901,1,MM gluc+AA,AGG,2,2,5/27/22
115,420.152,C5,5814,0.900900901,1,MM gluc+AA,AGG,2,2,5/27/22
116,0.0,C6,5391,0.45045045,2,MM gluc+AA,AGG,2,2,5/27/22
117,140.058,C6,5521,0.45045045,2,MM gluc+AA,AGG,2,2,5/27/22
118,280.095,C6,5695,0.45045045,2,MM gluc+AA,AGG,2,2,5/27/22
119,420.152,C6,5782,0.45045045,2,MM gluc+AA,AGG,2,2,5/27/22
120,0.0,C7,5228,0.225225225,4,MM gluc+AA,AGG,2,2,5/27/22
121,140.058,C7,5502,0.225225225,4,MM gluc+AA,AGG,2,2,5/27/22
122,280.095,C7,5642,0.225225225,4,MM gluc+AA,AGG,2,2,5/27/22
123,420.152,C7,5623,0.225225225,4,MM gluc+AA,AGG,2,2,5/27/22
124,0.0,C8,5312,0.112612613,8,MM gluc+AA,AGG,2,2,5/27/22
125,140.058,C8,5291,0.112612613,8,MM gluc+AA,AGG,2,2,5/27/22
126,280.095,C8,5468,0.112612613,8,MM gluc+AA,AGG,2,2,5/27/22
127,420.152,C8,5493,0.112612613,8,MM gluc+AA,AGG,2,2,5/27/22
128,0.0,C9,6329,1.0,1,MM gluc+AA,O2NS,1,2,5/27/22
129,140.058,C9,6196,1.0,1,MM gluc+AA,O2NS,1,2,5/27/22
130,280.095,C9,6246,1.0,1,MM gluc+AA,O2NS,1,2,5/27/22
131,420.152,C9,6328,1.0,1,MM gluc+AA,O2NS,1,2,5/27/22
132,0.0,C10,6232,1.0,1,MM gluc+AA,O2NS,1,2,5/27/22
133,140.058,C10,6045,1.0,1,MM gluc+AA,O2NS,1,2,5/27/22
134,280.095,C10,6238,1.0,1,MM gluc+AA,O2NS,1,2,5/27/22
135,420.152,C10,6165,1.0,1,MM gluc+AA,O2NS,1,2,5/27/22
136,0.0,C11,5953,1.0,1,MM gluc+AA,O2NS,1,2,5/27/22
137,140.058,C11,5855,1.0,1,MM gluc+AA,O2NS,1,2,5/27/22
138,280.095,C11,5978,1.0,1,MM gluc+AA,O2NS,1,2,5/27/22
139,420.152,C11,5941,1.0,1,MM gluc+AA,O2NS,1,2,5/27/22
140,0.0,C12,6288,1.0,1,MM gluc+AA,O2NS,1,2,5/27/22
141,140.058,C12,6172,1.0,1,MM gluc+AA,O2NS,1,2,5/27/22
142,280.095,C12,6386,1.0,1,MM gluc+AA,O2NS,1,2,5/27/22
143,420.152,C12,6381,1.0,1,MM gluc+AA,O2NS,1,2,5/27/22
144,0.0,D1,8786,0.900900901,1,MM gluc+AA,CS,2,2,5/27/22
145,140.058,D1,8716,0.900900901,1,MM gluc+AA,CS,2,2,5/27/22
146,280.095,D1,8682,0.900900901,1,MM gluc+AA,CS,2,2,5/27/22
147,420.152,D1,8572,0.900900901,1,MM gluc+AA,CS,2,2,5/27/22
148,0.0,D2,6886,0.45045045,2,MM gluc+AA,CS,2,2,5/27/22
149,140.058,D2,6554,0.45045045,2,MM gluc+AA,CS,2,2,5/27/22
150,280.095,D2,6607,0.45045045,2,MM gluc+AA,CS,2,2,5/27/22
151,420.152,D2,6634,0.45045045,2,MM gluc+AA,CS,2,2,5/27/22
152,0.0,D3,6172,0.225225225,4,MM gluc+AA,CS,2,2,5/27/22
153,140.058,D3,6002,0.225225225,4,MM gluc+AA,CS,2,2,5/27/22
154,280.095,D3,6202,0.225225225,4,MM gluc+AA,CS,2,2,5/27/22
155,420.152,D3,6198,0.225225225,4,MM gluc+AA,CS,2,2,5/27/22
156,0.0,D4,5616,0.112612613,8,MM gluc+AA,CS,2,2,5/27/22
157,140.058,D4,5714,0.112612613,8,MM gluc+AA,CS,2,2,5/27/22
158,280.095,D4,5769,0.112612613,8,MM gluc+AA,CS,2,2,5/27/22
159,420.152,D4,5735,0.112612613,8,MM gluc+AA,CS,2,2,5/27/22
160,0.0,D5,5594,0.900900901,1,MM gluc+AA,AGG,2,2,5/27/22
161,140.058,D5,5659,0.900900901,1,MM gluc+AA,AGG,2,2,5/27/22
162,280.095,D5,5721,0.900900901,1,MM gluc+AA,AGG,2,2,5/27/22
163,420.152,D5,5812,0.900900901,1,MM gluc+AA,AGG,2,2,5/27/22
164,0.0,D6,5639,0.45045045,2,MM gluc+AA,AGG,2,2,5/27/22
165,140.058,D6,5918,0.45045045,2,MM gluc+AA,AGG,2,2,5/27/22
166,280.095,D6,6044,0.45045045,2,MM gluc+AA,AGG,2,2,5/27/22
167,420.152,D6,6023,0.45045045,2,MM gluc+AA,AGG,2,2,5/27/22
168,0.0,D7,5842,0.225225225,4,MM gluc+AA,AGG,2,2,5/27/22
169,140.058,D7,6014,0.225225225,4,MM gluc+AA,AGG,2,2,5/27/22
170,280.095,D7,6186,0.225225225,4,MM gluc+AA,AGG,2,2,5/27/22
171,420.152,D7,6267,0.225225225,4,MM gluc+AA,AGG,2,2,5/27/22
172,0.0,D8,5435,0.112612613,8,MM gluc+AA,AGG,2,2,5/27/22
173,140.058,D8,5473,0.112612613,8,MM gluc+AA,AGG,2,2,5/27/22
174,280.095,D8,5675,0.112612613,8,MM gluc+AA,AGG,2,2,5/27/22
175,420.152,D8,5660,0.112612613,8,MM gluc+AA,AGG,2,2,5/27/22
176,0.0,D9,6132,1.0,1,MM gluc+AA,O2NS,1,2,5/27/22
177,140.058,D9,5987,1.0,1,MM gluc+AA,O2NS,1,2,5/27/22
178,280.095,D9,6092,1.0,1,MM gluc+AA,O2NS,1,2,5/27/22
179,420.152,D9,6142,1.0,1,MM gluc+AA,O2NS,1,2,5/27/22
180,0.0,D10,6065,1.0,1,MM gluc+AA,O2NS,1,2,5/27/22
181,140.058,D10,5899,1.0,1,MM gluc+AA,O2NS,1,2,5/27/22
182,280.095,D10,6003,1.0,1,MM gluc+AA,O2NS,1,2,5/27/22
183,420.152,D10,5999,1.0,1,MM gluc+AA,O2NS,1,2,5/27/22
184,0.0,D11,5880,1.0,1,MM gluc+AA,O2NS,1,2,5/27/22
185,140.058,D11,5848,1.0,1,MM gluc+AA,O2NS,1,2,5/27/22
186,280.095,D11,6007,1.0,1,MM gluc+AA,O2NS,1,2,5/27/22
187,420.152,D11,5965,1.0,1,MM gluc+AA,O2NS,1,2,5/27/22
188,0.0,D12,6847,1.0,1,MM gluc+AA,O2NS,1,2,5/27/22
189,140.058,D12,6835,1.0,1,MM gluc+AA,O2NS,1,2,5/27/22
190,280.095,D12,6983,1.0,1,MM gluc+AA,O2NS,1,2,5/27/22
191,420.152,D12,7023,1.0,1,MM gluc+AA,O2NS,1,2,5/27/22
192,0.0,E1,6148,0.900900901,1,MM gluc+AA,MM4,1,2,5/27/22
193,140.058,E1,6176,0.900900901,1,MM gluc+AA,MM4,1,2,5/27/22
194,280.095,E1,6176,0.900900901,1,MM gluc+AA,MM4,1,2,5/27/22
195,420.152,E1,6113,0.900900901,1,MM gluc+AA,MM4,1,2,5/27/22
196,0.0,E2,5942,0.45045045,2,MM gluc+AA,MM4,1,2,5/27/22
197,140.058,E2,5846,0.45045045,2,MM gluc+AA,MM4,1,2,5/27/22
198,280.095,E2,5838,0.45045045,2,MM gluc+AA,MM4,1,2,5/27/22
199,420.152,E2,5837,0.45045045,2,MM gluc+AA,MM4,1,2,5/27/22
200,0.0,E3,6772,0.225225225,4,MM gluc+AA,MM4,1,2,5/27/22
201,140.058,E3,6690,0.225225225,4,MM gluc+AA,MM4,1,2,5/27/22
202,280.095,E3,6661,0.225225225,4,MM gluc+AA,MM4,1,2,5/27/22
203,420.152,E3,6622,0.225225225,4,MM gluc+AA,MM4,1,2,5/27/22
204,0.0,E4,6095,0.112612613,8,MM gluc+AA,MM4,1,2,5/27/22
205,140.058,E4,5985,0.112612613,8,MM gluc+AA,MM4,1,2,5/27/22
206,280.095,E4,5992,0.112612613,8,MM gluc+AA,MM4,1,2,5/27/22
207,420.152,E4,5895,0.112612613,8,MM gluc+AA,MM4,1,2,5/27/22
208,0.0,E5,6751,0.900900901,1,MM gluc+AA,PO,1,2,5/27/22
209,140.058,E5,6803,0.900900901,1,MM gluc+AA,PO,1,2,5/27/22
210,280.095,E5,6945,0.900900901,1,MM gluc+AA,PO,1,2,5/27/22
211,420.152,E5,7044,0.900900901,1,MM gluc+AA,PO,1,2,5/27/22
212,0.0,E6,6647,0.45045045,2,MM gluc+AA,PO,1,2,5/27/22
213,140.058,E6,6784,0.45045045,2,MM gluc+AA,PO,1,2,5/27/22
214,280.095,E6,6939,0.45045045,2,MM gluc+AA,PO,1,2,5/27/22
215,420.152,E6,6893,0.45045045,2,MM gluc+AA,PO,1,2,5/27/22
216,0.0,E7,6816,0.225225225,4,MM gluc+AA,PO,1,2,5/27/22
217,140.058,E7,6823,0.225225225,4,MM gluc+AA,PO,1,2,5/27/22
218,280.095,E7,6993,0.225225225,4,MM gluc+AA,PO,1,2,5/27/22
219,420.152,E7,7067,0.225225225,4,MM gluc+AA,PO,1,2,5/27/22
220,0.0,E8,5947,0.112612613,8,MM gluc+AA,PO,1,2,5/27/22
221,140.058,E8,6015,0.112612613,8,MM gluc+AA,PO,1,2,5/27/22
222,280.095,E8,6069,0.112612613,8,MM gluc+AA,PO,1,2,5/27/22
223,420.152,E8,6075,0.112612613,8,MM gluc+AA,PO,1,2,5/27/22
224,0.0,E9,6275,1.0,1,MM gluc+AA,O2NS,1,2,5/27/22
225,140.058,E9,6158,1.0,1,MM gluc+AA,O2NS,1,2,5/27/22
226,280.095,E9,6301,1.0,1,MM gluc+AA,O2NS,1,2,5/27/22
227,420.152,E9,6259,1.0,1,MM gluc+AA,O2NS,1,2,5/27/22
228,0.0,E10,6436,1.0,1,MM gluc+AA,O2NS,1,2,5/27/22
229,140.058,E10,6221,1.0,1,MM gluc+AA,O2NS,1,2,5/27/22
230,280.095,E10,6366,1.0,1,MM gluc+AA,O2NS,1,2,5/27/22
231,420.152,E10,6410,1.0,1,MM gluc+AA,O2NS,1,2,5/27/22
232,0.0,E11,6420,1.0,1,MM gluc+AA,O2NS,1,2,5/27/22
233,140.058,E11,6309,1.0,1,MM gluc+AA,O2NS,1,2,5/27/22
234,280.095,E11,6425,1.0,1,MM gluc+AA,O2NS,1,2,5/27/22
235,420.152,E11,6511,1.0,1,MM gluc+AA,O2NS,1,2,5/27/22
236,0.0,E12,6338,1.0,1,MM gluc+AA,O2NS,1,2,5/27/22
237,140.058,E12,6271,1.0,1,MM gluc+AA,O2NS,1,2,5/27/22
238,280.095,E12,6399,1.0,1,MM gluc+AA,O2NS,1,2,5/27/22
239,420.152,E12,6418,1.0,1,MM gluc+AA,O2NS,1,2,5/27/22
240,0.0,F1,6504,0.900900901,1,MM gluc+AA,MM4,1,2,5/27/22
241,140.058,F1,6500,0.900900901,1,MM gluc+AA,MM4,1,2,5/27/22
242,280.095,F1,6508,0.900900901,1,MM gluc+AA,MM4,1,2,5/27/22
243,420.152,F1,6468,0.900900901,1,MM gluc+AA,MM4,1,2,5/27/22
244,0.0,F2,6438,0.45045045,2,MM gluc+AA,MM4,1,2,5/27/22
245,140.058,F2,6277,0.45045045,2,MM gluc+AA,MM4,1,2,5/27/22
246,280.095,F2,6327,0.45045045,2,MM gluc+AA,MM4,1,2,5/27/22
247,420.152,F2,6276,0.45045045,2,MM gluc+AA,MM4,1,2,5/27/22
248,0.0,F3,6325,0.225225225,4,MM gluc+AA,MM4,1,2,5/27/22
249,140.058,F3,6231,0.225225225,4,MM gluc+AA,MM4,1,2,5/27/22
250,280.095,F3,6240,0.225225225,4,MM gluc+AA,MM4,1,2,5/27/22
251,420.152,F3,6189,0.225225225,4,MM gluc+AA,MM4,1,2,5/27/22
252,0.0,F4,6528,0.112612613,8,MM gluc+AA,MM4,1,2,5/27/22
253,140.058,F4,6462,0.112612613,8,MM gluc+AA,MM4,1,2,5/27/22
254,280.095,F4,6430,0.112612613,8,MM gluc+AA,MM4,1,2,5/27/22
255,420.152,F4,6402,0.112612613,8,MM gluc+AA,MM4,1,2,5/27/22
256,0.0,F5,6760,0.900900901,1,MM gluc+AA,PO,1,2,5/27/22
257,140.058,F5,6834,0.900900901,1,MM gluc+AA,PO,1,2,5/27/22
258,280.095,F5,7079,0.900900901,1,MM gluc+AA,PO,1,2,5/27/22
259,420.152,F5,7231,0.900900901,1,MM gluc+AA,PO,1,2,5/27/22
260,0.0,F6,6598,0.45045045,2,MM gluc+AA,PO,1,2,5/27/22
261,140.058,F6,6763,0.45045045,2,MM gluc+AA,PO,1,2,5/27/22
262,280.095,F6,6859,0.45045045,2,MM gluc+AA,PO,1,2,5/27/22
263,420.152,F6,6807,0.45045045,2,MM gluc+AA,PO,1,2,5/27/22
264,0.0,F7,6690,0.225225225,4,MM gluc+AA,PO,1,2,5/27/22
265,140.058,F7,6788,0.225225225,4,MM gluc+AA,PO,1,2,5/27/22
266,280.095,F7,7148,0.225225225,4,MM gluc+AA,PO,1,2,5/27/22
267,420.152,F7,7077,0.225225225,4,MM gluc+AA,PO,1,2,5/27/22
268,0.0,F8,5897,0.112612613,8,MM gluc+AA,PO,1,2,5/27/22
269,140.058,F8,5958,0.112612613,8,MM gluc+AA,PO,1,2,5/27/22
270,280.095,F8,6055,0.112612613,8,MM gluc+AA,PO,1,2,5/27/22
271,420.152,F8,5985,0.112612613,8,MM gluc+AA,PO,1,2,5/27/22
272,0.0,F9,5044,1.0,1,MM gluc+AA,O2NS,1,2,5/27/22
273,140.058,F9,4856,1.0,1,MM gluc+AA,O2NS,1,2,5/27/22
274,280.095,F9,4984,1.0,1,MM gluc+AA,O2NS,1,2,5/27/22
275,420.152,F9,4971,1.0,1,MM gluc+AA,O2NS,1,2,5/27/22
276,0.0,F10,5970,1.0,1,MM gluc+AA,O2NS,1,2,5/27/22
277,140.058,F10,5762,1.0,1,MM gluc+AA,O2NS,1,2,5/27/22
278,280.095,F10,5951,1.0,1,MM gluc+AA,O2NS,1,2,5/27/22
279,420.152,F10,5919,1.0,1,MM gluc+AA,O2NS,1,2,5/27/22
280,0.0,F11,5608,1.0,1,MM gluc+AA,O2NS,1,2,5/27/22
281,140.058,F11,5488,1.0,1,MM gluc+AA,O2NS,1,2,5/27/22
282,280.095,F11,5624,1.0,1,MM gluc+AA,O2NS,1,2,5/27/22
283,420.152,F11,5684,1.0,1,MM gluc+AA,O2NS,1,2,5/27/22
284,0.0,F12,6761,1.0,1,MM gluc+AA,O2NS,1,2,5/27/22
285,140.058,F12,6796,1.0,1,MM gluc+AA,O2NS,1,2,5/27/22
286,280.095,F12,7000,1.0,1,MM gluc+AA,O2NS,1,2,5/27/22
287,420.152,F12,6948,1.0,1,MM gluc+AA,O2NS,1,2,5/27/22
288,0.0,G1,6639,0.900900901,1,MM gluc+AA,MM4,2,2,5/27/22
289,140.058,G1,6539,0.900900901,1,MM gluc+AA,MM4,2,2,5/27/22
290,280.095,G1,6502,0.900900901,1,MM gluc+AA,MM4,2,2,5/27/22
291,420.152,G1,6436,0.900900901,1,MM gluc+AA,MM4,2,2,5/27/22
292,0.0,G2,6234,0.45045045,2,MM gluc+AA,MM4,2,2,5/27/22
293,140.058,G2,6112,0.45045045,2,MM gluc+AA,MM4,2,2,5/27/22
294,280.095,G2,6038,0.45045045,2,MM gluc+AA,MM4,2,2,5/27/22
295,420.152,G2,6020,0.45045045,2,MM gluc+AA,MM4,2,2,5/27/22
296,0.0,G3,6616,0.225225225,4,MM gluc+AA,MM4,2,2,5/27/22
297,140.058,G3,6477,0.225225225,4,MM gluc+AA,MM4,2,2,5/27/22
298,280.095,G3,6375,0.225225225,4,MM gluc+AA,MM4,2,2,5/27/22
299,420.152,G3,6308,0.225225225,4,MM gluc+AA,MM4,2,2,5/27/22
300,0.0,G4,6424,0.112612613,8,MM gluc+AA,MM4,2,2,5/27/22
301,140.058,G4,6336,0.112612613,8,MM gluc+AA,MM4,2,2,5/27/22
302,280.095,G4,6292,0.112612613,8,MM gluc+AA,MM4,2,2,5/27/22
303,420.152,G4,6224,0.112612613,8,MM gluc+AA,MM4,2,2,5/27/22
304,0.0,G5,6637,0.900900901,1,MM gluc+AA,PO,2,2,5/27/22
305,140.058,G5,6698,0.900900901,1,MM gluc+AA,PO,2,2,5/27/22
306,280.095,G5,6797,0.900900901,1,MM gluc+AA,PO,2,2,5/27/22
307,420.152,G5,6920,0.900900901,1,MM gluc+AA,PO,2,2,5/27/22
308,0.0,G6,6405,0.45045045,2,MM gluc+AA,PO,2,2,5/27/22
309,140.058,G6,6612,0.45045045,2,MM gluc+AA,PO,2,2,5/27/22
310,280.095,G6,6643,0.45045045,2,MM gluc+AA,PO,2,2,5/27/22
311,420.152,G6,6649,0.45045045,2,MM gluc+AA,PO,2,2,5/27/22
312,0.0,G7,6466,0.225225225,4,MM gluc+AA,PO,2,2,5/27/22
313,140.058,G7,6492,0.225225225,4,MM gluc+AA,PO,2,2,5/27/22
314,280.095,G7,6675,0.225225225,4,MM gluc+AA,PO,2,2,5/27/22
315,420.152,G7,6881,0.225225225,4,MM gluc+AA,PO,2,2,5/27/22
316,0.0,G8,6143,0.112612613,8,MM gluc+AA,PO,2,2,5/27/22
317,140.058,G8,6257,0.112612613,8,MM gluc+AA,PO,2,2,5/27/22
318,280.095,G8,6318,0.112612613,8,MM gluc+AA,PO,2,2,5/27/22
319,420.152,G8,6282,0.112612613,8,MM gluc+AA,PO,2,2,5/27/22
320,0.0,G9,6342,1.0,1,MM gluc+AA,O2NS,1,2,5/27/22
321,140.058,G9,6147,1.0,1,MM gluc+AA,O2NS,1,2,5/27/22
322,280.095,G9,6292,1.0,1,MM gluc+AA,O2NS,1,2,5/27/22
323,420.152,G9,6299,1.0,1,MM gluc+AA,O2NS,1,2,5/27/22
324,0.0,G10,6545,1.0,1,MM gluc+AA,O2NS,1,2,5/27/22
325,140.058,G10,6337,1.0,1,MM gluc+AA,O2NS,1,2,5/27/22
326,280.095,G10,6451,1.0,1,MM gluc+AA,O2NS,1,2,5/27/22
327,420.152,G10,6476,1.0,1,MM gluc+AA,O2NS,1,2,5/27/22
328,0.0,G11,6517,1.0,1,MM gluc+AA,O2NS,1,2,5/27/22
329,140.058,G11,6425,1.0,1,MM gluc+AA,O2NS,1,2,5/27/22
330,280.095,G11,6657,1.0,1,MM gluc+AA,O2NS,1,2,5/27/22
331,420.152,G11,6620,1.0,1,MM gluc+AA,O2NS,1,2,5/27/22
332,0.0,G12,6292,1.0,1,MM gluc+AA,O2NS,1,2,5/27/22
333,140.058,G12,6161,1.0,1,MM gluc+AA,O2NS,1,2,5/27/22
334,280.095,G12,6329,1.0,1,MM gluc+AA,O2NS,1,2,5/27/22
335,420.152,G12,6379,1.0,1,MM gluc+AA,O2NS,1,2,5/27/22
336,0.0,H1,6749,0.900900901,1,MM gluc+AA,MM4,2,2,5/27/22
337,140.058,H1,6680,0.900900901,1,MM gluc+AA,MM4,2,2,5/27/22
338,280.095,H1,6637,0.900900901,1,MM gluc+AA,MM4,2,2,5/27/22
339,420.152,H1,6557,0.900900901,1,MM gluc+AA,MM4,2,2,5/27/22
340,0.0,H2,6281,0.45045045,2,MM gluc+AA,MM4,2,2,5/27/22
341,140.058,H2,6179,0.45045045,2,MM gluc+AA,MM4,2,2,5/27/22
342,280.095,H2,6186,0.45045045,2,MM gluc+AA,MM4,2,2,5/27/22
343,420.152,H2,6107,0.45045045,2,MM gluc+AA,MM4,2,2,5/27/22
344,0.0,H3,6444,0.225225225,4,MM gluc+AA,MM4,2,2,5/27/22
345,140.058,H3,6405,0.225225225,4,MM gluc+AA,MM4,2,2,5/27/22
346,280.095,H3,6321,0.225225225,4,MM gluc+AA,MM4,2,2,5/27/22
347,420.152,H3,6219,0.225225225,4,MM gluc+AA,MM4,2,2,5/27/22
348,0.0,H4,6557,0.112612613,8,MM gluc+AA,MM4,2,2,5/27/22
349,140.058,H4,6375,0.112612613,8,MM gluc+AA,MM4,2,2,5/27/22
350,280.095,H4,6377,0.112612613,8,MM gluc+AA,MM4,2,2,5/27/22
351,420.152,H4,6319,0.112612613,8,MM gluc+AA,MM4,2,2,5/27/22
352,0.0,H5,6609,0.900900901,1,MM gluc+AA,PO,2,2,5/27/22
353,140.058,H5,6529,0.900900901,1,MM gluc+AA,PO,2,2,5/27/22
354,280.095,H5,6728,0.900900901,1,MM gluc+AA,PO,2,2,5/27/22
355,420.152,H5,6750,0.900900901,1,MM gluc+AA,PO,2,2,5/27/22
356,0.0,H6,6798,0.45045045,2,MM gluc+AA,PO,2,2,5/27/22
357,140.058,H6,7154,0.45045045,2,MM gluc+AA,PO,2,2,5/27/22
358,280.095,H6,7178,0.45045045,2,MM gluc+AA,PO,2,2,5/27/22
359,420.152,H6,7132,0.45045045,2,MM gluc+AA,PO,2,2,5/27/22
360,0.0,H7,6364,0.225225225,4,MM gluc+AA,PO,2,2,5/27/22
361,140.058,H7,6301,0.225225225,4,MM gluc+AA,PO,2,2,5/27/22
362,280.095,H7,6429,0.225225225,4,MM gluc+AA,PO,2,2,5/27/22
363,420.152,H7,6445,0.225225225,4,MM gluc+AA,PO,2,2,5/27/22
364,0.0,H8,6261,0.112612613,8,MM gluc+AA,PO,2,2,5/27/22
365,140.058,H8,6294,0.112612613,8,MM gluc+AA,PO,2,2,5/27/22
366,280.095,H8,6365,0.112612613,8,MM gluc+AA,PO,2,2,5/27/22
367,420.152,H8,6340,0.112612613,8,MM gluc+AA,PO,2,2,5/27/22
368,0.0,H9,6478,1.0,1,MM gluc+AA,O2NS,1,2,5/27/22
369,140.058,H9,6337,1.0,1,MM gluc+AA,O2NS,1,2,5/27/22
370,280.095,H9,6358,1.0,1,MM gluc+AA,O2NS,1,2,5/27/22
371,420.152,H9,6352,1.0,1,MM gluc+AA,O2NS,1,2,5/27/22
372,0.0,H10,6255,1.0,1,MM gluc+AA,O2NS,1,2,5/27/22
373,140.058,H10,6117,1.0,1,MM gluc+AA,O2NS,1,2,5/27/22
374,280.095,H10,6238,1.0,1,MM gluc+AA,O2NS,1,2,5/27/22
375,420.152,H10,6246,1.0,1,MM gluc+AA,O2NS,1,2,5/27/22
376,0.0,H11,6264,1.0,1,MM gluc+AA,O2NS,1,2,5/27/22
377,140.058,H11,6127,1.0,1,MM gluc+AA,O2NS,1,2,5/27/22
378,280.095,H11,6321,1.0,1,MM gluc+AA,O2NS,1,2,5/27/22
379,420.152,H11,6320,1.0,1,MM gluc+AA,O2NS,1,2,5/27/22
380,0.0,H12,6615,1.0,1,MM gluc+AA,O2NS,1,2,5/27/22
381,140.058,H12,6563,1.0,1,MM gluc+AA,O2NS,1,2,5/27/22
382,280.095,H12,6801,1.0,1,MM gluc+AA,O2NS,1,2,5/27/22
383,420.152,H12,6737,1.0,1,MM gluc+AA,O2NS,1,2,5/27/22
