name,well,plate,date,rtdp_fluor,concentration,fold_dilution,replicate,blanked_rtdp_fluor,expected_blanked_rtdp_fluor,estimated_true_rtdp_fluor,F0_F_ratio,F_F0_ratio,u_blanked_rtdp_fluor,u_expected_blanked_rtdp_fluor,u_estimated_true_rtdp_fluor,u_F0_F_ratio,u_F_F0_ratio
AGG,A5,2,5/27/22,3127.5,0.900900901,1.0,1.0,3126.4322916666665,4053.3254035285286,3107.7995964714714,1.2982473879313958,0.7702692177901334,36.60232398459558,161.84886398127614,36.36141468259466,0.05424798509146568,0.03218612525743221
AGG,A6,2,5/27/22,2641.0,0.45045045,2.0,1.0,2639.9322916666665,4040.0371152402404,2634.5878847597596,1.5314321954005514,0.6529835294068939,30.056559812126892,161.84823714338478,30.055514577123287,0.06386797320312267,0.027232504764817193
AGG,A7,2,5/27/22,2908.0,0.225225225,4.0,1.0,2906.9322916666665,4037.559637762763,2904.065362237237,1.3893257227602764,0.7197736165232914,32.07382298812068,161.84886398127614,31.670875731679793,0.05775444928828542,0.029921081970576184
AGG,A8,2,5/27/22,3352.0,0.112612613,8.0,1.0,3350.9322916666665,4036.433511636637,3349.191488363363,1.2046766278821972,0.8300982826885124,31.707992489906413,161.84823714338478,31.707001695140946,0.049652066466506765,0.03421340976643698
AGG,B5,2,5/27/22,2646.5,0.900900901,1.0,1.0,2645.4322916666665,4048.595673798799,2631.529326201201,1.5332121394815303,0.652225464597586,20.3403569554051,161.84907292670044,20.256708198433326,0.06262558349718318,0.02664080151749755
AGG,B6,2,5/27/22,2789.25,0.45045045,2.0,1.0,2788.1822916666665,4042.514592717718,2780.360407282282,1.4511401823179908,0.6891133001379933,58.03717303941183,161.84886398127614,57.715389120955024,0.06554345406551013,0.031125088040342867
AGG,B7,2,5/27/22,2861.75,0.225225225,4.0,1.0,2860.6822916666665,4038.2353134384384,2857.1396865615616,1.4121440149777569,0.7081430713819591,21.314630055589323,161.84823714338478,21.313156105146437,0.05761802086290847,0.028893513570889217
AGG,B8,2,5/27/22,3375.75,0.112612613,8.0,1.0,3374.6822916666665,4036.8839620870876,3372.4910379129124,1.1963538710632806,0.8358730841997715,28.930608722826772,161.84907292670044,29.35152730207422,0.04910718984668713,0.034310398642378684
AGG,C5,2,5/27/22,2653.0,0.900900901,1.0,2.0,2651.9322916666665,4049.0461242492493,2637.5788757507507,1.5296955649089028,0.6537248475709299,28.949325629565692,161.84823714338478,28.948240415651142,0.06361765747843702,0.027187398847160524
AGG,C6,2,5/27/22,2518.25,0.45045045,2.0,2.0,2517.1822916666665,4041.613691816817,2510.261308183183,1.6072799653090568,0.6221691438850944,43.48540124079914,161.84886398127614,43.43000391989807,0.07021561188925128,0.02718007321649364
AGG,C7,2,5/27/22,3175.0,0.225225225,4.0,2.0,3173.9322916666665,4039.1362143393394,3169.4887856606606,1.2729790137094068,0.7855589049233753,20.462896204430553,161.84823714338478,20.46136089875274,0.051721462866959625,0.03191745919864694
AGG,C8,2,5/27/22,3331.5,0.112612613,8.0,2.0,3330.4322916666665,4036.8839620870876,3328.2410379129124,1.2122597679594223,0.8249057062112062,12.126972186272715,161.84907292670044,12.52520553057048,0.048842241687335655,0.03323565207467865
AGG,D5,2,5/27/22,2687.25,0.900900901,1.0,2.0,2686.1822916666665,4049.4965746996995,2671.3784253003005,1.51034112955366,0.6621020777574419,22.912444676928292,161.84907292670044,23.132179762184123,0.06198150272318786,0.027171399184288188
AGG,D6,2,5/27/22,2981.5,0.45045045,2.0,2.0,2980.4322916666665,4042.7398179429433,2972.3851820570567,1.357392283035505,0.7367067077792155,68.83117114413564,161.84823714338478,68.83071472699525,0.0628719619160422,0.034122925740529005
AGG,D7,2,5/27/22,2958.25,0.225225225,4.0,2.0,2957.1822916666665,4038.2353134384384,2953.6396865615616,1.3660070748271482,0.7320606301592824,19.552837502690757,161.84823714338478,19.55123073267612,0.05553717239801839,0.02976307968837032
AGG,D8,2,5/27/22,3302.25,0.112612613,8.0,2.0,3301.1822916666665,4037.1091873123128,3298.7658126876872,1.2230915855909292,0.8176002613220956,7.679851630943037,161.84886398127614,7.2362586106744935,0.04913652645028119,0.03284630304017677
BG,E5,1,5/27/22,2967.0,0.900900901,1.0,1.0,2965.9322916666665,4044.541619744745,2956.083380255255,1.364877843190249,0.7326663004966159,35.3279415534875,161.84823714338478,35.32705228521533,0.05712888155210857,0.030666778354653403
BG,E6,1,5/27/22,3316.75,0.45045045,2.0,1.0,3315.6822916666665,4040.7127909159162,3309.6622090840838,1.219064802824665,0.8203009369829436,33.47108385467414,161.84886398127614,33.850094595821055,0.05046613554736186,0.033958340999992974
BG,E7,1,5/27/22,3497.5,0.225225225,4.0,1.0,3496.4322916666665,4038.2353134384384,3492.8896865615616,1.1551159842969816,0.8657139314097648,20.858174762107872,161.84823714338478,20.856668553782576,0.04684698471594813,0.03510996979045319
BG,E8,1,5/27/22,3386.25,0.112612613,8.0,1.0,3385.1822916666665,4036.433511636637,3383.441488363363,1.1924818922419118,0.838587157176837,15.630529562578282,161.84823714338478,15.628519544804709,0.04815143104509179,0.033861454783339
BG,F5,1,5/27/22,2261.25,0.900900901,1.0,1.0,2260.1822916666665,4045.442520645646,2249.432479354354,1.7936491738980294,0.5575226273634997,20.64735950204364,161.84823714338478,20.645837913786423,0.0738099468912595,0.022942455032577524
BG,F6,1,5/27/22,3642.75,0.45045045,2.0,1.0,3641.6822916666665,4041.388466591592,3634.986533408408,1.1099608406389705,0.9009326846380731,39.903802505608844,161.84907292670044,40.269719307471505,0.04619186402047904,0.03749299843447637
BG,F7,1,5/27/22,3311.5,0.225225225,4.0,1.0,3310.4322916666665,4037.784862987988,3307.340137012012,1.2199207040067073,0.8197254106070995,18.701072725202113,161.84907292670044,19.150839340793933,0.04944322261345923,0.033223361014728094
BG,F8,1,5/27/22,3415.25,0.112612613,8.0,1.0,3414.1822916666665,4036.433511636637,3412.441488363363,1.1823478064288826,0.8457748173275351,31.690904916184213,161.84823714338478,31.68991358717057,0.04868318816943419,0.034824790435640615
BG,G5,1,5/27/22,3005.25,0.900900901,1.0,2.0,3004.1822916666665,4044.76684496997,2994.10815503003,1.347544076373843,0.7420907542341305,32.786889469318346,161.84886398127614,32.95574542319252,0.056053498084682414,0.030868587826127142
BG,G6,1,5/27/22,3295.25,0.45045045,2.0,2.0,3294.1822916666665,4040.7127909159162,3288.1622090840838,1.227035788315685,0.814972154457426,17.971647700567093,161.84886398127614,18.38437000014387,0.04969724273974728,0.03300789542724031
BG,G7,1,5/27/22,3532.0,0.225225225,4.0,2.0,3530.9322916666665,4038.2353134384384,3527.3896865615616,1.1438182528299792,0.8742647684855954,14.073501853008395,161.84823714338478,14.07126942256241,0.04610956136980906,0.035243330744382316
BG,G8,1,5/27/22,3446.75,0.112612613,8.0,2.0,3445.6822916666665,4036.208286411412,3444.166713588588,1.1714568555624467,0.8536379255041998,14.082380992099077,161.84886398127614,14.198826779836835,0.04723945119574165,0.03442327980685941
BG,H5,1,5/27/22,3052.5,0.900900901,1.0,2.0,3051.4322916666665,4044.992070195195,3041.132929804805,1.3267071191762407,0.7537458611218617,38.232579314941624,161.84907292670044,38.64154580074828,0.05582570564080554,0.03171641575051713
BG,H6,1,5/27/22,3508.0,0.45045045,2.0,2.0,3506.9322916666665,4040.9380161411414,3500.6869838588586,1.1525431228032368,0.8676464942741416,22.672967481267904,161.84823714338478,22.671581840761377,0.046831899108130064,0.035255542528022474
BG,H7,1,5/27/22,3137.75,0.225225225,4.0,2.0,3136.6822916666665,4037.334412537538,3134.040587462462,1.2873772996029071,0.776773056592229,19.501626968195044,161.84823714338478,19.500015978515027,0.05225950474877355,0.03153215087156044
BG,H8,1,5/27/22,3525.5,0.112612613,8.0,2.0,3524.4322916666665,4036.433511636637,3522.691488363363,1.1453437582204637,0.8731003184176894,17.992501801397648,161.84823714338478,17.990755676986076,0.04631529648823469,0.03530634346348236
CG,A10,1,5/27/22,3181.5,0.45045045,2.0,1.0,3180.4322916666665,4039.1362143393394,3175.9887856606606,1.2703737263020742,0.7871699321985317,27.283635896631562,161.84823714338478,27.282484426746617,0.05211526632960614,0.03229252133748061
CG,A11,1,5/27/22,3380.5,0.225225225,4.0,1.0,3379.4322916666665,4037.1091873123128,3377.0158126876872,1.1947509079391063,0.8369945512114795,36.16255136288504,161.84886398127614,35.90196758561297,0.049580941269545896,0.034734418204486014
CG,A12,1,5/27/22,3610.5,0.112612613,8.0,1.0,3609.4322916666665,4035.532610735736,3608.592389264264,1.1180793708751198,0.8943908867733611,42.39964765270229,161.84823714338478,42.39890670558632,0.04673505391105171,0.03738500807701158
CG,A9,1,5/27/22,2899.5,0.900900901,1.0,1.0,2898.4322916666665,4043.4154936186187,2889.7095063813813,1.3962277867112496,0.7162155126245224,52.48869834932683,161.84886398127614,52.82934094332788,0.06155082365982722,0.03157339736363631
CG,B10,1,5/27/22,3073.5,0.45045045,2.0,1.0,3072.4322916666665,4039.1362143393394,3067.9887856606606,1.3150936949935763,0.7604020943959316,19.486665211710697,161.84823714338478,19.485052985019184,0.05341089975946983,0.0308827881962208
CG,B11,1,5/27/22,3436.75,0.225225225,4.0,1.0,3435.6822916666665,4037.334412537538,3433.040587462462,1.1752534249283617,0.8508803112494274,53.26956718183432,161.84823714338478,53.26897743054271,0.05054826122347056,0.03659680485131598
CG,B12,1,5/27/22,3576.0,0.112612613,8.0,1.0,3574.9322916666665,4036.208286411412,3573.416713588588,1.1290854192825193,0.8856725832448115,22.643544799198256,161.84886398127614,22.975752663456717,0.04587035664715932,0.0359814382262295
CG,B9,1,5/27/22,2888.75,0.900900901,1.0,1.0,2887.6822916666665,4043.1902683933936,2879.1847316066064,1.4013316561601608,0.71360694351267,60.99983705776023,161.84907292670044,61.122029951195216,0.0635996033993467,0.032387135758273816
CG,C10,1,5/27/22,3297.25,0.45045045,2.0,2.0,3296.1822916666665,4039.1362143393394,3291.7387856606606,1.2257025757660658,0.8158586102138184,44.24530243698149,161.84823714338478,44.244592398344786,0.051854671590956525,0.03451577987494267
CG,C11,1,5/27/22,3737.0,0.225225225,4.0,2.0,3735.9322916666665,4038.0100882132133,3732.6149117867867,1.080929269074249,0.925129912391437,37.51528738714341,161.84886398127614,37.91525935733535,0.04472909226986363,0.038282080425490854
CG,C12,1,5/27/22,3751.0,0.112612613,8.0,2.0,3749.9322916666665,4036.433511636637,3748.191488363363,1.0764371886707076,0.9289905723481183,20.993573327885333,161.84823714338478,20.992076834582317,0.043599132406044336,0.037627075127151556
CG,C9,1,5/27/22,3080.0,0.900900901,1.0,2.0,3078.9322916666665,4043.865944069069,3069.759055930931,1.314335306068436,0.7608408565020554,65.5494479082265,161.84886398127614,65.16916713897339,0.05965155351733952,0.03453102025051104
CG,D10,1,5/27/22,3448.25,0.45045045,2.0,2.0,3447.1822916666665,4040.0371152402404,3441.8378847597596,1.1722494909474666,0.8530607244638284,40.045558901580584,161.84823714338478,40.04477439686318,0.0489617002926966,0.035630046201948304
CG,D11,1,5/27/22,3415.25,0.225225225,4.0,2.0,3414.1822916666665,4037.334412537538,3411.540587462462,1.182660034343715,0.8455515287239098,25.317585214101644,161.84823714338478,25.31634432197918,0.048246288808285354,0.03449404061391054
CG,D12,1,5/27/22,3780.25,0.112612613,8.0,2.0,3779.1822916666665,4036.433511636637,3777.441488363363,1.0681019734554322,0.9362401950863225,11.327552886949228,161.84823714338478,11.324779166162179,0.04296544590246451,0.03766117697878468
CG,D9,1,5/27/22,3005.75,0.900900901,1.0,2.0,3004.6822916666665,4043.640718843844,2995.734281156156,1.3468126107553864,0.7424937901636741,39.4923636636245,161.84823714338478,39.49156816961917,0.05686870913666125,0.031351550357783364
CS,A1,2,5/27/22,2653.5,0.900900901,1.0,1.0,2652.4322916666665,4079.4515296546547,2607.6734703453453,1.5472384691627061,0.6463127823735882,11.848915044845503,161.84886398127614,11.402909786255439,0.06243376354429175,0.026079844984853814
CS,A2,2,5/27/22,3083.5,0.45045045,2.0,1.0,3082.4322916666665,4063.235313438439,3053.889686561561,1.3211651770159645,0.7569076277491957,21.750021940371322,161.84886398127614,21.34211355636876,0.05379560725216662,0.03081999599817854
CS,A3,2,5/27/22,2782.75,0.225225225,4.0,1.0,2781.6822916666665,4046.343421546547,2770.031578453453,1.4565511598196141,0.6865532962974294,8.345465100278386,161.84823714338478,8.34169985648451,0.05859265276590352,0.027617964960615356
CS,A4,2,5/27/22,3404.5,0.112612613,8.0,1.0,3403.4322916666665,4042.7398179429433,3395.3851820570567,1.1882871874609995,0.8415474058393992,15.418499313269706,161.84823714338478,15.416461650748772,0.047971444007659854,0.033973474329277935
CS,B1,2,5/27/22,2886.25,0.900900901,1.0,1.0,2885.1822916666665,4087.1091873123123,2832.7658126876877,1.4242944793608883,0.7021019982108768,29.65883995944494,161.85220707569593,28.767442049042256,0.058936719109910454,0.029052691599021865
CS,B2,2,5/27/22,3212.25,0.45045045,2.0,1.0,3211.1822916666665,4064.811890015015,3181.063109984985,1.2683472690840067,0.7884276052584513,12.260238758141366,161.84907292670044,12.642407732814627,0.05112770731675945,0.03178190770357369
CS,B3,2,5/27/22,2680.75,0.225225225,4.0,1.0,2679.6822916666665,4047.2443224474478,2667.1306775525522,1.5127465415514254,0.6610492719913484,11.089640258966854,161.84823714338478,11.086807016856007,0.061007409583498255,0.02665939242530971
CS,B4,2,5/27/22,3520.75,0.112612613,8.0,1.0,3519.6822916666665,4043.1902683933936,3511.1847316066064,1.1490972468677791,0.8702483647278854,17.25244294991191,161.84907292670044,17.336585592597427,0.04644287254409596,0.03517268359569543
CS,C1,2,5/27/22,2720.5,0.900900901,1.0,2.0,2719.4322916666665,4082.8299080330335,2671.2950919669665,1.510388245935963,0.6620814235616064,30.655017877556386,161.85074448038404,29.963916126227534,0.06291201876349696,0.02757759738540533
CS,C2,2,5/27/22,3130.0,0.45045045,2.0,2.0,3128.9322916666665,4065.9380161411414,3097.6869838588586,1.3024856059882544,0.7677628032144393,21.088625395537246,161.84886398127614,21.06345162208963,0.052993362299805516,0.03123745260907242
CS,C3,2,5/27/22,2703.75,0.225225225,4.0,2.0,2702.6822916666665,4047.694772897898,2689.680227102102,1.500064084822591,0.6666381857400896,9.503339118785131,161.84907292670044,9.111183044254835,0.06038789497259472,0.026836771276978276
CS,C4,2,5/27/22,3635.75,0.112612613,8.0,2.0,3634.6822916666665,4043.640718843844,3625.734281156156,1.1127932704011532,0.8986395106788414,16.76246166508065,161.84823714338478,16.76058739510664,0.04493412318145924,0.03628668463641301
CS,D1,2,5/27/22,2853.75,0.900900901,1.0,2.0,2852.6822916666665,4086.4335116366365,2800.9414883633635,1.4404773270329438,0.6942143282878134,17.67239243584835,161.85074448038404,16.850315025733355,0.05842965371600695,0.028159209482385438
CS,D2,2,5/27/22,3195.25,0.45045045,2.0,2.0,3194.1822916666665,4064.811890015015,3164.063109984985,1.2751618940851277,0.784214149308042,5.914399468525791,161.85074448038404,6.002433886562314,0.051209144234652476,0.031493205426737655
CS,D3,2,5/27/22,3104.0,0.225225225,4.0,2.0,3102.9322916666665,4049.2713494744744,3088.3536505255256,1.3064218560742793,0.7654495332808814,17.871675571696287,161.84886398127614,17.992805959832623,0.05295576982927162,0.03102747333250451
CS,D4,2,5/27/22,3544.25,0.112612613,8.0,2.0,3543.1822916666665,4043.640718843844,3534.234281156156,1.1416030708109883,0.8759612036516385,18.1928590681426,161.84823714338478,18.19113217556861,0.046169822655128284,0.03542647568093733
EC WT,E1,1,5/27/22,3126.75,0.900900901,1.0,1.0,3125.6822916666665,4061.658736861862,3098.716263138138,1.302052968298334,0.7680179104440813,44.88110353374387,161.84823714338478,44.88040355391588,0.05553090876578171,0.03275499042953271
EC WT,E2,1,5/27/22,3625.75,0.45045045,2.0,1.0,3624.6822916666665,4051.523601726727,3607.851398273273,1.1183090052612332,0.8942072318968792,20.387417387691926,161.84886398127614,20.585063032741637,0.04531146660917551,0.03623134655909693
EC WT,E3,1,5/27/22,3638.5,0.225225225,4.0,1.0,3637.4322916666665,4043.4154936186187,3628.7095063813813,1.1118808769999355,0.899376921292314,17.99250180139761,161.84886398127614,18.351651379378048,0.0449551743743709,0.03636328959454095
EC WT,E4,1,5/27/22,3843.75,0.112612613,8.0,1.0,3842.6822916666665,4039.1362143393394,3838.2387856606606,1.0511833509177722,0.9513088265019755,20.967755906151787,161.84823714338478,20.96625757009754,0.04255643843940513,0.038513086681355654
EC WT,F1,1,5/27/22,3383.0,0.900900901,1.0,1.0,3381.9322916666665,4064.1362143393394,3352.4887856606606,1.2034917836535683,0.830915518977781,33.794429339857686,161.84886398127614,34.21157343646836,0.049814671764561703,0.03439307555245715
EC WT,F2,1,5/27/22,3655.25,0.45045045,2.0,1.0,3654.1822916666665,4051.523601726727,3637.351398273273,1.1092391871317924,0.9015188172225894,18.411412794060602,161.84886398127614,18.830445053232026,0.044865156235311114,0.03646353559537447
EC WT,F3,1,5/27/22,3600.25,0.225225225,4.0,1.0,3599.1822916666665,4043.1902683933936,3590.6847316066064,1.12365551695987,0.8899524675547993,8.184138383073593,161.84907292670044,8.324057468698213,0.045149640131728605,0.035759210040774515
EC WT,F4,1,5/27/22,3752.75,0.112612613,8.0,1.0,3751.6822916666665,4039.58666478979,3746.78833521021,1.0768403089167222,0.9286428003479719,25.74840035950382,161.84907292670044,25.828119067093986,0.04382965258240791,0.03779770405637157
EC WT,G1,1,5/27/22,3241.75,0.900900901,1.0,2.0,3240.6822916666665,4062.334412537538,3213.040587462462,1.2557241648540087,0.796353234244131,36.05061424913535,161.84886398127614,36.46047780382989,0.05234894805051261,0.033198575974008125
EC WT,G2,1,5/27/22,3609.75,0.45045045,2.0,2.0,3608.6822916666665,4050.847926051051,3592.527073948949,1.12307927686634,0.8904090927492131,20.12411789553272,161.84990870570016,20.651377495755458,0.04551154091493943,0.03608284000107389
EC WT,G3,1,5/27/22,3737.5,0.225225225,4.0,2.0,3736.4322916666665,4043.640718843844,3727.484281156156,1.082417095286017,0.923858283793791,19.193665302384662,161.84823714338478,19.19202846224635,0.04377639555026635,0.03736377209846316
EC WT,G4,1,5/27/22,3818.75,0.112612613,8.0,2.0,3817.6822916666665,4039.1362143393394,3813.2387856606606,1.0580750210307917,0.9451125677513735,12.922078821664005,161.84823714338478,12.919647434392571,0.042594853038905936,0.038047331359712014
EC WT,H1,1,5/27/22,3242.5,0.900900901,1.0,2.0,3241.4322916666665,4061.883962087087,3214.241037912913,1.2552551786698487,0.7966507663084617,26.865035288889878,161.84886398127614,26.917891784833724,0.051439044559209675,0.032645915318742995
EC WT,H2,1,5/27/22,3522.0,0.45045045,2.0,2.0,3520.9322916666665,4050.622700825826,3505.002299174174,1.1511241260195355,0.8687160466855067,15.771180078652911,161.84886398127614,16.1146208844058,0.04647861237670657,0.03507590144855966
EC WT,H3,1,5/27/22,3680.75,0.225225225,4.0,2.0,3679.6822916666665,4043.640718843844,3670.734281156156,1.0991513956882062,0.9097927764299247,14.247109218129074,161.84823714338478,14.244903995078648,0.044297312665733675,0.03666589992665078
EC WT,H4,1,5/27/22,3737.0,0.112612613,8.0,2.0,3735.9322916666665,4039.58666478979,3731.03833521021,1.0813860233644625,0.9247391573350927,28.903231441137635,161.84907292670044,29.24763780421537,0.044199347452412725,0.037796740881428634
MM4,E1,2,5/27/22,3269.25,0.900900901,1.0,1.0,3268.1822916666665,4034.631709834835,3268.243290165165,1.2345141870174037,0.8100352434312708,17.766451185871773,161.84823714338478,17.76468284252983,0.04997398804727049,0.03279078685268401
MM4,E2,2,5/27/22,3945.5,0.45045045,2.0,1.0,3944.4322916666665,4034.85693506006,3944.26806493994,1.0229255826187793,0.9775882204841453,15.288234727178278,161.84886398127614,15.263331698433953,0.04122423360224109,0.039397123165954256
MM4,E3,2,5/27/22,3409.75,0.225225225,4.0,1.0,3408.6822916666665,4034.631709834835,3408.743290165165,1.1836305538097118,0.8448582176096533,19.295425737895254,161.84823714338478,19.293797530873483,0.047950594278824865,0.034226434494563154
MM4,E4,2,5/27/22,4366.25,0.112612613,8.0,1.0,4365.182291666667,4034.631709834835,4365.2432901651655,0.9242767104008709,1.0819270774076812,19.31269326306661,161.84823714338478,19.311066511951314,0.03730131014063477,0.04366365289722706
MM4,F1,2,5/27/22,3369.5,0.900900901,1.0,1.0,3368.4322916666665,4034.631709834835,3368.493290165165,1.1977737109090407,0.8348822410211844,12.79570713455487,161.84823714338478,12.79325173007268,0.04826248402475067,0.033640319914228646
MM4,F2,2,5/27/22,3943.75,0.45045045,2.0,1.0,3942.6822916666665,4035.0821602852857,3942.2928397147143,1.0234381037572302,0.9770986602206967,12.368513292764789,161.84907292670044,12.267237991389283,0.041177634062612815,0.03931318457455162
MM4,F3,2,5/27/22,3534.75,0.225225225,4.0,1.0,3533.6822916666665,4034.631709834835,3533.743290165165,1.1417616892439162,0.8758395113626627,10.343119503964868,161.84823714338478,10.340081712878655,0.04592243433465208,0.03522686286214429
MM4,F4,2,5/27/22,4269.25,0.112612613,8.0,1.0,4268.182291666667,4034.631709834835,4268.2432901651655,0.9452818019136874,1.057885593455346,14.525154769340508,161.84823714338478,14.522991765783125,0.03805529747080783,0.042588517908124485
MM4,G1,2,5/27/22,3312.0,0.900900901,1.0,2.0,3310.9322916666665,4034.631709834835,3310.993290165165,1.2185747160279106,0.8206308458948,29.945452427260125,161.84823714338478,29.944403313958496,0.05010897142575549,0.033745134432195324
MM4,G2,2,5/27/22,3806.0,0.45045045,2.0,2.0,3804.9322916666665,4034.631709834835,3804.993290165165,1.0603678904669496,0.9430689188066931,10.427373642164092,161.84823714338478,10.424360403833301,0.042634793170276665,0.037918489101866126
MM4,G3,2,5/27/22,3868.25,0.225225225,4.0,2.0,3867.1822916666665,4034.631709834835,3867.243290165165,1.043299426905468,0.9584976030956918,11.703850694250095,161.84823714338478,11.701166173890856,0.04196990373993607,0.0385584915504134
MM4,G4,2,5/27/22,4324.25,0.112612613,8.0,2.0,4323.182291666667,4034.631709834835,4323.2432901651655,0.9332559926737761,1.07151736270667,6.75624065142479,161.84823714338478,6.751589182975666,0.03746508654033935,0.043015518827013065
MM4,H1,2,5/27/22,3902.75,0.900900901,1.0,2.0,3901.6822916666665,4034.631709834835,3901.743290165165,1.03407436324765,0.9670484401715224,27.862402165043687,161.84823714338478,27.86127461481869,0.04213305749696296,0.03940210586415744
MM4,H2,2,5/27/22,3681.75,0.45045045,2.0,2.0,3680.6822916666665,4034.631709834835,3680.743290165165,1.096162484113986,0.9122735128162017,21.839874566336203,161.84823714338478,21.83843606646337,0.044449944532728713,0.03699315350692209
MM4,H3,2,5/27/22,3766.5,0.225225225,4.0,2.0,3765.4322916666665,4034.631709834835,3765.493290165165,1.07149114270666,0.9332788299807421,13.381459352650255,161.84823714338478,13.379111448909457,0.043150182151163965,0.037584213164624514
MM4,H4,2,5/27/22,4155.5,0.112612613,8.0,2.0,4154.432291666667,4034.631709834835,4154.4932901651655,0.9711636116694584,1.0296926161401074,14.38969959403711,161.84823714338478,14.387516226310257,0.039102265455768025,0.041458837141705625
PA14 WT,A1,1,5/27/22,2044.5,0.900900901,1.0,1.0,2043.4322916666665,4082.1542323573576,1995.9707676426426,2.0214187370582284,0.49470205339805073,12.371881603322405,161.84886398127614,12.62972030873829,0.08209000814523953,0.020089897678505043
PA14 WT,A2,1,5/27/22,2503.5,0.45045045,2.0,1.0,2502.4322916666665,4064.5866647897897,2472.5383352102103,1.6318018818463786,0.6128194918297944,27.283635896631672,161.84886398127614,26.92614607745544,0.06782753159788729,0.02547247549368847
PA14 WT,A3,1,5/27/22,2675.0,0.225225225,4.0,1.0,2673.9322916666665,4049.9470251501502,2658.6779748498498,1.5175559983195013,0.6589542666678342,34.90076581404247,161.84823714338478,34.89986566109309,0.06405189225662497,0.02781265912914619
PA14 WT,A4,1,5/27/22,2857.25,0.112612613,8.0,1.0,2856.1822916666665,4042.7398179429433,2848.1351820570567,1.4166085703204894,0.7059113017887242,39.44168844940541,161.84823714338478,39.44089193331801,0.060116760777734535,0.029956829112173913
PA14 WT,B1,1,5/27/22,2115.25,0.900900901,1.0,1.0,2114.1822916666665,4085.532610735736,2063.342389264264,1.9554159936451474,0.5114001333986591,31.82734863404891,161.84907292670044,31.398415617874203,0.0838940967236343,0.02194083120689273
PA14 WT,B2,1,5/27/22,2477.5,0.45045045,2.0,1.0,2476.4322916666665,4065.2623404654655,2445.8626595345345,1.6495990453941372,0.6062079162764494,37.50195711879529,161.84823714338478,37.50111940323475,0.07084112637391775,0.02603326652359248
PA14 WT,B3,1,5/27/22,2763.25,0.225225225,4.0,1.0,2762.1822916666665,4051.523601726727,2745.351398273273,1.469645274142687,0.6804363050011145,35.98583222704872,161.84886398127614,36.38404697276003,0.06208763991732874,0.028746177757916002
PA14 WT,B4,1,5/27/22,3079.75,0.112612613,8.0,1.0,3078.6822916666665,4043.865944069069,3069.509055930931,1.3144423537495245,0.7607788939145493,33.471083854674255,161.84886398127614,33.73011704749809,0.054670282572456735,0.03164231355359622
PA14 WT,C1,1,5/27/22,2020.25,0.900900901,1.0,2.0,2019.1822916666667,4081.929007132132,1971.945992867868,2.0460462522432183,0.48874750456087324,16.88135424287102,161.84907292670044,17.002697860751162,0.08394988347770797,0.020053454809695326
PA14 WT,C2,1,5/27/22,2527.25,0.45045045,2.0,2.0,2526.1822916666665,4066.1632413663665,2494.7117586336335,1.6172981485216373,0.6183151825865218,33.63004788984539,161.84823714338478,33.62911372351349,0.06844164153823287,0.02616617481626182
PA14 WT,C3,1,5/27/22,2640.5,0.225225225,4.0,2.0,2639.4322916666665,4050.847926051051,2623.277073948949,1.5380352873894907,0.6501801409883783,22.724365507973204,161.84823714338478,22.722983001702737,0.06311892426147532,0.02668252894575376
PA14 WT,C4,1,5/27/22,3045.75,0.112612613,8.0,2.0,3044.6822916666665,4044.541619744745,3034.833380255255,1.3294610289260695,0.7521845155610118,36.945637375383015,161.84823714338478,36.944787045387166,0.05573181335500286,0.03153203149071075
PA14 WT,D1,1,5/27/22,2139.75,0.900900901,1.0,2.0,2138.6822916666665,4088.2353134384384,2085.1396865615616,1.9349747809877549,0.5168026011633732,16.40061343588394,161.84907292670044,16.70621861912521,0.07915286270473168,0.021140536681543216
PA14 WT,D2,1,5/27/22,2512.25,0.45045045,2.0,2.0,2511.1822916666665,4065.9380161411414,2479.9369838588586,1.6269335610517115,0.614653249487067,20.856177048378157,161.84886398127614,20.522091303601417,0.06663719986291113,0.02517544195595802
PA14 WT,D3,1,5/27/22,2759.5,0.225225225,4.0,2.0,2758.4322916666665,4051.748826951952,2741.376173048048,1.471776382971655,0.6794510440376179,29.150130721375874,161.84823714338478,29.149052983399145,0.06107786755050645,0.028196824840327796
PA14 WT,D4,1,5/27/22,3215.25,0.112612613,8.0,2.0,3214.1822916666665,4045.667745870871,3203.207254129129,1.2595790369581517,0.793916039135561,24.062005757486183,161.84886398127614,24.242086420023313,0.051418245308399974,0.032409057674641036
PO,E5,2,5/27/22,2713.75,0.900900901,1.0,1.0,2712.6822916666665,4064.3614395645645,2683.0135604354355,1.503791396297874,0.6649858500732625,12.150999454364433,161.84823714338478,12.148413744010941,0.06070631179384227,0.026844706288666902
PO,E6,2,5/27/22,2761.0,0.45045045,2.0,1.0,2759.9322916666665,4052.649727852853,2741.975272147147,1.4714548119078783,0.6795995309590287,13.566998725091443,161.84823714338478,13.564682936299764,0.059473256975208305,0.027468052173856193
PO,E7,2,5/27/22,3358.0,0.225225225,4.0,1.0,3356.9322916666665,4049.2713494744744,3342.3536505255256,1.20714117361547,0.8284035221869965,4.697175151794075,161.85053553711768,4.305857195566373,0.04844835023454803,0.033247796409961214
PO,E8,2,5/27/22,3794.75,0.112612613,8.0,1.0,3793.6822916666665,4045.442520645646,3782.932479354354,1.0665516052303285,0.9376011391254188,19.260844246120172,161.84823714338478,19.259213115519792,0.043126952068646904,0.0379127265743867
PO,F5,2,5/27/22,2804.75,0.900900901,1.0,1.0,2803.6822916666665,4067.9650431681684,2770.4099568318316,1.4563522262774795,0.6866470775109521,10.439354437574119,161.84823714338478,10.436344658404474,0.05867729878327541,0.027665419806277285
PO,F6,2,5/27/22,2756.0,0.45045045,2.0,1.0,2754.9322916666665,4052.424502627628,2737.200497372372,1.4740216188790387,0.6784161013598147,9.767127916637794,161.84886398127614,9.743524080299922,0.05936140503319699,0.027320992079131207
PO,F7,2,5/27/22,3488.5,0.225225225,4.0,1.0,3487.4322916666665,4050.847926051051,3471.277073948949,1.1623078833472198,0.8603572378087939,12.612036092821482,161.84990870570016,11.971862368415623,0.04679694194502337,0.034639778570349056
PO,F8,2,5/27/22,3543.75,0.112612613,8.0,1.0,3542.6822916666665,4044.541619744745,3532.833380255255,1.1420557592336318,0.8756139898730012,10.815734883645144,161.84823714338478,10.812829871453985,0.04594569849767644,0.0352265605718314
PO,G5,2,5/27/22,2653.0,0.900900901,1.0,2.0,2651.9322916666665,4062.784862987988,2623.840137012012,1.537705232654905,0.6503196963656441,10.491113115710448,161.84886398127614,10.75215951221234,0.062004687203977074,0.026222756156014496
PO,G6,2,5/27/22,2789.25,0.45045045,2.0,2.0,2788.1822916666665,4051.9740521771773,2770.9009478228227,1.4560941673153307,0.6867687697999278,9.677127039569388,161.84886398127614,9.409123596208643,0.05861881320023089,0.02764764198106714
PO,G7,2,5/27/22,3356.5,0.225225225,4.0,2.0,3355.4322916666665,4049.2713494744744,3340.8536505255256,1.2076831643609007,0.8280317466619603,38.21513820124124,161.85053553711768,37.67407864811565,0.05032297146130268,0.03450326972006226
PO,G8,2,5/27/22,3620.75,0.112612613,8.0,2.0,3619.6822916666665,4043.865944069069,3610.509055930931,1.117485829790567,0.894865933277574,15.043718104465842,161.84886398127614,14.65919394813668,0.04505597031107127,0.03608014692204179
PO,H5,2,5/27/22,2589.0,0.900900901,1.0,2.0,2587.9322916666665,4062.784862987988,2559.840137012012,1.5761502642281606,0.6344572739641033,14.53949062862818,161.84886398127614,14.21011092477369,0.06382837909977361,0.025693222482832716
PO,H6,2,5/27/22,2643.25,0.45045045,2.0,2.0,2642.1822916666665,4051.0731512762763,2625.8018487237237,1.5365564276277754,0.6508059073000383,14.247109218129113,161.84886398127614,14.672503453721916,0.06223271596781831,0.026358562855846434
PO,H7,2,5/27/22,3326.75,0.225225225,4.0,2.0,3325.6822916666665,4049.2713494744744,3311.1036505255256,1.2185341004631378,0.8206581987487441,23.600426290075745,161.85053553711768,24.06517709328052,0.04967623539098025,0.03345594500891338
PO,H8,2,5/27/22,3388.75,0.112612613,8.0,2.0,3387.6822916666665,4043.640718843844,3378.734281156156,1.1941432419931872,0.8374204742228949,21.23629254538792,161.84823714338478,21.234813157383975,0.048486340382692096,0.03400216383491317
PS,A5,1,5/27/22,2581.75,0.900900901,1.0,1.0,2580.6822916666665,4044.541619744745,2570.833380255255,1.5694104251644396,0.6371819531498409,36.179830307414356,161.84823714338478,36.17896197832391,0.06671723117871796,0.02708725199576189
PS,A6,1,5/27/22,2812.5,0.45045045,2.0,1.0,2811.4322916666665,4040.9380161411414,2805.1869838588586,1.438297244194092,0.6952665758323975,43.25579099272868,161.84823714338478,43.255064711110265,0.06181177655446202,0.029879541523573052
PS,A7,1,5/27/22,3365.0,0.225225225,4.0,1.0,3363.9322916666665,4039.1362143393394,3359.4887856606606,1.200984127571627,0.8326504714279496,26.72196576613757,161.84823714338478,26.720790092404403,0.04911429831681978,0.034051277372035
PS,A8,1,5/27/22,3245.0,0.112612613,8.0,1.0,3243.9322916666665,4036.433511636637,3242.191488363363,1.244433810530426,0.8035782952359364,19.44385389799639,161.84823714338478,19.442238121223046,0.05047404008552359,0.032593009561759805
PS,B5,1,5/27/22,2632.5,0.900900901,1.0,1.0,2631.4322916666665,4045.442520645646,2620.682479354354,1.5395580121279486,0.6495370698099375,23.47474077400291,161.84823714338478,23.473402462411453,0.0632788074608415,0.02669722794165571
PS,B6,1,5/27/22,2854.75,0.45045045,2.0,1.0,2853.6822916666665,4040.9380161411414,2847.4369838588586,1.4169559260502056,0.7057382531209146,39.20433803896316,161.84823714338478,39.2035367005198,0.06009462437371429,0.029931118144009193
PS,B7,1,5/27/22,3501.25,0.225225225,4.0,1.0,3500.1822916666665,4039.3614395645645,3495.5135604354355,1.154248907514103,0.8663642594678235,16.78233558656142,161.84886398127614,16.79098008616937,0.04663245049739008,0.035001712524339264
PS,B8,1,5/27/22,3443.75,0.112612613,8.0,1.0,3442.6822916666665,4037.1091873123128,3440.2658126876872,1.1727851648710987,0.8526710858505022,30.413485842193403,161.84886398127614,30.289644068223534,0.048165068243706304,0.03501831560423814
PS,C5,1,5/27/22,2617.0,0.900900901,1.0,2.0,2615.9322916666665,4045.442520645646,2605.182479354354,1.5487178884042152,0.6456953893845643,24.468962402874755,161.84823714338478,24.467678472405336,0.06380547598749989,0.026601940851259352
PS,C6,1,5/27/22,2790.0,0.45045045,2.0,2.0,2788.9322916666665,4041.1632413663665,2782.4617586336335,1.4500442623565923,0.6896341208059494,38.80803337463304,161.84886398127614,38.6236859240056,0.06155137696322076,0.02927354070381308
PS,C7,1,5/27/22,3402.5,0.225225225,4.0,2.0,3401.4322916666665,4039.3614395645645,3396.7635604354355,1.1878049904115555,0.8418890374029461,17.138556563296067,161.84886398127614,17.342926579566292,0.04803213192679985,0.03404407763790739
PS,C8,1,5/27/22,3521.5,0.112612613,8.0,2.0,3520.4322916666665,4037.334412537538,3517.790587462462,1.1469394234873247,0.8718856284139678,27.623603211866264,161.84823714338478,27.622465913859635,0.04688161161151849,0.03563867678092775
PS,D5,1,5/27/22,2642.75,0.900900901,1.0,2.0,2641.6822916666665,4045.667745870871,2630.707254129129,1.5336912543197363,0.652021713746778,17.29104164222897,161.84886398127614,16.939835692094153,0.06231026211366902,0.026490105992933798
PS,D6,1,5/27/22,2882.75,0.45045045,2.0,2.0,2881.6822916666665,4041.8389170420423,2874.5360829579577,1.4035978648010397,0.7124547743179634,25.39645882939788,161.84823714338478,25.39522179129394,0.057653377293096594,0.029264381870404158
PS,D7,1,5/27/22,3301.0,0.225225225,4.0,2.0,3299.9322916666665,4039.1362143393394,3295.4887856606606,1.2243078252576973,0.8167880490264088,9.902699349502223,161.84823714338478,9.899526411012848,0.04924952338484379,0.032856460843513784
PS,D8,1,5/27/22,3447.75,0.112612613,8.0,2.0,3446.6822916666665,4037.334412537538,3444.040587462462,1.1714997561355855,0.8536066650996923,24.392214353627182,161.84823714338478,24.390926383165628,0.04772041980904704,0.034771213734374404
RTDP,A10,2,5/27/22,4284.25,1.0,1.0,1.0,4283.182291666667,4034.631709834835,4283.2432901651655,0.9419714069470362,1.061603348705707,23.515529359835778,161.84823714338478,23.514193369729007,0.0381385513139427,0.04298221102155227
RTDP,A11,2,5/27/22,3834.0,1.0,1.0,1.0,3832.9322916666665,4034.631709834835,3832.993290165165,1.0526219074491199,0.9500087286073672,28.960837713596977,161.84823714338478,28.959752931076782,0.042967416865616975,0.0387788063113446
RTDP,A12,2,5/27/22,3933.5,1.0,1.0,1.0,3932.4322916666665,4034.631709834835,3932.493290165165,1.0259884532857972,0.9746698384347626,29.411961077198413,161.84823714338478,29.410892933781245,0.04186580840023258,0.03977173483650187
RTDP,A9,2,5/27/22,4130.25,1.0,1.0,1.0,4129.182291666667,4034.631709834835,4129.2432901651655,0.977102201253913,1.0234343948019995,27.294323971721525,161.84823714338478,27.293172952755082,0.03972409859124367,0.04160773432770077
RTDP,B10,2,5/27/22,3974.5,1.0,1.0,1.0,3973.4322916666665,4034.631709834835,3973.493290165165,1.0154019180854397,0.9848317027857497,29.895319384032316,161.84823714338478,29.894268511355275,0.04144212292211885,0.04019444493605187
RTDP,B11,2,5/27/22,3964.25,1.0,1.0,1.0,3963.1822916666665,4034.631709834835,3963.243290165165,1.018028017191241,0.9822912366980029,25.238465109298968,161.84823714338478,25.237220326910222,0.041348613442930886,0.039897114763762224
RTDP,B12,2,5/27/22,4290.75,1.0,1.0,1.0,4289.682291666667,4034.631709834835,4289.7432901651655,0.9405440921333053,1.0632143759808637,14.011190327971242,161.84823714338478,14.00894796772206,0.03785390197441706,0.04279098992040275
RTDP,B9,2,5/27/22,4224.25,1.0,1.0,1.0,4223.182291666667,4034.631709834835,4223.2432901651655,0.9553540800571643,1.0467323277042626,26.513772290515327,161.84823714338478,26.512587384655756,0.03878963161007832,0.04249980424386595
RTDP,C10,2,5/27/22,4112.5,1.0,1.0,1.0,4111.432291666667,4034.631709834835,4111.4932901651655,0.9813205138834735,1.0190350510890722,19.400948114460007,161.84823714338478,19.399328764049503,0.03963616310006639,0.04115947737585675
RTDP,C11,2,5/27/22,4033.0,1.0,1.0,1.0,4031.9322916666665,4034.631709834835,4031.993290165165,1.000669499667758,0.9993309482621581,12.62524406655038,161.84823714338478,12.622755503283534,0.040263018936085596,0.04020916087345004
RTDP,C12,2,5/27/22,4249.25,1.0,1.0,1.0,4248.182291666667,4034.631709834835,4248.2432901651655,0.9497320263351656,1.0529285864548645,14.730245112464921,161.84823714338478,14.728112228965594,0.03823966525140009,0.04239473405465074
RTDP,C9,2,5/27/22,4191.5,1.0,1.0,1.0,4190.432291666667,4034.631709834835,4190.4932901651655,0.962820467414305,1.038615228740974,15.156850631753933,161.84823714338478,15.15477778883639,0.038779320866224674,0.041832090794723754
RTDP,D10,2,5/27/22,3854.0,1.0,1.0,1.0,3852.9322916666665,4034.631709834835,3852.993290165165,1.047157989771734,0.9549657356078487,5.360048607363409,161.84823714338478,5.35418432900919,0.04203100002144089,0.03833057212556662
RTDP,D11,2,5/27/22,3799.0,1.0,1.0,1.0,3797.9322916666665,4034.631709834835,3797.993290165165,1.0623222317904293,0.9413339663565246,6.688058094342383,161.84823714338478,6.683359172527526,0.04265508600508924,0.03779708274275343
RTDP,D12,2,5/27/22,4220.75,1.0,1.0,1.0,4219.682291666667,4034.631709834835,4219.7432901651655,0.9561464835400949,1.0458648514791784,14.433068087091824,161.84823714338478,14.430891280940953,0.03849408955455412,0.04210611652907019
RTDP,D9,2,5/27/22,4265.5,1.0,1.0,1.0,4264.432291666667,4034.631709834835,4264.4932901651655,0.9461130394174142,1.0569561546427557,13.406346298425175,161.84823714338478,13.404002753991346,0.03806880392192275,0.04252880462353759
RTDP,E10,1,5/27/22,3982.5,1.0,1.0,1.0,3981.4322916666665,4034.631709834835,3981.493290165165,1.0133616747011926,0.9868145055859423,28.770299287169433,161.84823714338478,28.769207320136772,0.04130430934578753,0.040222254919647364
RTDP,E10,2,5/27/22,4320.25,1.0,1.0,1.0,4319.182291666667,4034.631709834835,4319.2432901651655,0.9341202699834602,1.0705259613065738,15.37249018235589,161.84823714338478,15.37044642039838,0.037618553693355775,0.043111834363957977
RTDP,E11,1,5/27/22,4012.25,1.0,1.0,1.0,4011.1822916666665,4034.85693506006,4011.01806493994,1.0059024025846037,0.9941322313482522,31.921468028167226,161.84886398127614,32.26285739374456,0.0411540732099542,0.040672525012524816
RTDP,E11,2,5/27/22,3822.75,1.0,1.0,1.0,3821.6822916666665,4034.631709834835,3821.743290165165,1.0557204924559351,0.9472204121695963,6.401571765847699,161.84823714338478,6.396662397610771,0.042386128600299416,0.038029958203851875
RTDP,E12,1,5/27/22,4065.0,1.0,1.0,1.0,4063.9322916666665,4034.85693506006,4063.76806493994,0.9928452224285501,1.0072063373120221,14.026051513997032,161.84886398127614,13.79360681006634,0.03996941894869128,0.0405475608426954
RTDP,E12,2,5/27/22,4189.75,1.0,1.0,1.0,4188.682291666667,4034.631709834835,4188.7432901651655,0.9632227207158933,1.038181490628432,7.414858129006814,161.84823714338478,7.4106200704804435,0.03867637563157095,0.04168620241375392
RTDP,E9,1,5/27/22,3866.5,1.0,1.0,1.0,3865.4322916666665,4034.631709834835,3865.493290165165,1.0437717531676116,0.9580638649831497,7.330083292384827,161.84823714338478,7.325796190791028,0.041916669469820256,0.0384747395564252
RTDP,E9,2,5/27/22,4045.0,1.0,1.0,1.0,4043.9322916666665,4034.631709834835,4043.993290165165,0.997700149044646,1.0023051524624471,9.835147231907534,161.84823714338478,9.831952493223692,0.0400952864534113,0.04028035100545379
RTDP,F10,1,5/27/22,3953.75,1.0,1.0,1.0,3952.6822916666665,4034.631709834835,3952.743290165165,1.0207322894891928,0.9796888080227502,24.79879273418967,161.84823714338478,24.79752588120451,0.04144346586138748,0.03977703075347272
RTDP,F10,2,5/27/22,4000.75,1.0,1.0,1.0,3999.6822916666665,4034.631709834835,3999.743290165165,1.0087379153192417,0.9913377744738817,9.745774524033445,161.84823714338478,9.74255047864821,0.04053914667795399,0.03983987003608823
RTDP,F11,1,5/27/22,4041.0,1.0,1.0,1.0,4039.9322916666665,4034.631709834835,4039.993290165165,0.9986879726150202,1.0013137510623507,19.44385389799645,161.84823714338478,19.442238121223106,0.04034873498884805,0.040454821015330725
RTDP,F11,2,5/27/22,3809.5,1.0,1.0,1.0,3808.4322916666665,4034.631709834835,3808.493290165165,1.0593934138606185,0.9439363950317773,6.562275093794184,161.84823714338478,6.557486039812865,0.04253574529353877,0.03790002613481929
RTDP,F12,1,5/27/22,4076.5,1.0,1.0,1.0,4075.432291666667,4034.631709834835,4075.4932901651655,0.9899887991644373,1.0101124384882054,32.39953890217141,161.84823714338478,32.39856925589505,0.04048482292287994,0.04130776352107083
RTDP,F12,2,5/27/22,4163.25,1.0,1.0,1.0,4162.182291666667,4034.631709834835,4162.2432901651655,0.969355327658713,1.031613456352794,15.630529562578351,161.84823714338478,15.628519544804778,0.039054795608757215,0.04156314153904038
RTDP,F9,1,5/27/22,3792.25,1.0,1.0,1.0,3791.1822916666665,4034.631709834835,3791.243290165165,1.064213610031226,0.939660976493862,17.634628464282883,161.84823714338478,17.632846900855384,0.04297595112388277,0.037946164020243325
RTDP,F9,2,5/27/22,4283.75,1.0,1.0,1.0,4282.682291666667,4034.631709834835,4282.7432901651655,0.9420813798479465,1.061479423530695,16.542272750138338,161.84823714338478,16.540373529508898,0.037965494386648264,0.042777186724677285
RTDP,G10,1,5/27/22,4017.75,1.0,1.0,1.0,4016.6822916666665,4034.631709834835,4016.743290165165,1.0044686495679513,0.995551230424291,16.76246166508065,161.84823714338478,16.76058739510664,0.040510763683034585,0.040151119347945796
RTDP,G10,2,5/27/22,4136.5,1.0,1.0,1.0,4135.432291666667,4034.631709834835,4135.4932901651655,0.9756254998474907,1.02498345948965,12.016521449236752,161.84823714338478,12.013906795696231,0.03923883633870627,0.04122397192681247
RTDP,G11,1,5/27/22,4138.5,1.0,1.0,1.0,4137.432291666667,4035.0821602852857,4137.042839714715,0.9752600745636852,1.0253675158878854,28.12585028770924,161.84907292670044,28.299836988629945,0.03968643486769088,0.041725466053694434
RTDP,G11,2,5/27/22,3726.25,1.0,1.0,1.0,3725.1822916666665,4034.631709834835,3725.243290165165,1.0830682438876222,0.9233028533922731,9.915314135549648,161.84823714338478,9.912145235131486,0.04354178327160918,0.03711885466437518
RTDP,G12,1,5/27/22,4079.5,1.0,1.0,1.0,4078.4322916666665,4034.85693506006,4078.26806493994,0.9893152299180098,1.0108001673873712,31.807705372650194,161.84886398127614,31.946500655722048,0.04043507700404393,0.0413132046975524
RTDP,G12,2,5/27/22,4218.0,1.0,1.0,1.0,4216.932291666667,4034.85693506006,4216.768064939941,0.9568211118556741,1.0451274408657059,38.67036058456105,161.84886398127614,38.89671296551174,0.03938372473196865,0.043018502550652836
RTDP,G9,1,5/27/22,3913.0,1.0,1.0,1.0,3911.9322916666665,4034.85693506006,3911.76806493994,1.03142431794337,0.9695330841083628,9.969793766170133,161.84886398127614,9.825164583913168,0.041455686054713024,0.03896811278853397
RTDP,G9,2,5/27/22,3934.75,1.0,1.0,1.0,3933.6822916666665,4034.631709834835,3933.743290165165,1.025662431613307,0.9749796513722927,15.544992368604209,161.84823714338478,15.54297128916065,0.04134263398828603,0.03929970098379145
RTDP,H10,1,5/27/22,4100.5,1.0,1.0,1.0,4099.432291666667,4034.85693506006,4099.26806493994,0.9842471008034571,1.016005024737877,16.26028252337497,161.84886398127614,16.4390561714991,0.03967899482792682,0.040959285619244244
RTDP,H10,2,5/27/22,4036.75,1.0,1.0,1.0,4035.6822916666665,4034.85693506006,4035.51806493994,0.9997954769144074,1.000204564923842,26.71416829586806,161.84886398127614,26.713979710141135,0.0406483185604146,0.04066495070179822
RTDP,H11,1,5/27/22,3921.0,1.0,1.0,1.0,3919.9322916666665,4034.85693506006,3919.76806493994,1.0293192458047016,0.9715158869085554,19.409536858804707,161.84886398127614,19.273421855807346,0.04159924598872502,0.03926316206190065
RTDP,H11,2,5/27/22,3675.25,1.0,1.0,1.0,3674.1822916666665,4034.85693506006,3674.01806493994,1.098168990195014,0.910606663390139,16.278210008268637,161.84886398127614,16.6517974284905,0.04433235035202506,0.036760584204013416
RTDP,H12,1,5/27/22,4026.75,1.0,1.0,1.0,4025.6822916666665,4035.0821602852857,4025.2928397147143,1.0023352011873217,0.9976702392726949,27.54959384588629,161.84907292670044,27.948340783703397,0.04080561902176204,0.040615705848590235
RTDP,H12,2,5/27/22,4146.75,1.0,1.0,1.0,4145.682291666667,4034.631709834835,4145.7432901651655,0.9732133482323244,1.0275239255773967,19.139316978581963,161.84823714338478,19.13767549004698,0.03929722653023799,0.04149022466861517
RTDP,H9,1,5/27/22,3894.5,1.0,1.0,1.0,3893.4322916666665,4034.631709834835,3893.493290165165,1.0362654838843137,0.9650036747838238,13.918696816631172,161.84823714338478,13.916439552881616,0.041733548128969344,0.038863619345174454
RTDP,H9,2,5/27/22,3913.5,1.0,1.0,1.0,3912.4322916666665,4034.631709834835,3912.493290165165,1.0312331316900507,0.9697128314342811,23.389387644969073,161.84823714338478,23.388044449298043,0.04182378454053939,0.03932870199935903
