,time_s,well,rtdp_fluor,concentration,fold_dilution,media,name,replicate,plate,date,blanked_rtdp_fluor,u_blanked_rtdp_fluor
0,0.0,A1,53,1.0,1,MM gluc+AA,PA14 WT,1,1,5/27/22,51.932291666666664,0.25190158124109224
1,74.687,A1,54,1.0,1,MM gluc+AA,PA14 WT,1,1,5/27/22,52.932291666666664,0.25190158124109224
2,149.371,A1,54,1.0,1,MM gluc+AA,PA14 WT,1,1,5/27/22,52.932291666666664,0.25190158124109224
3,224.07,A1,54,1.0,1,MM gluc+AA,PA14 WT,1,1,5/27/22,52.932291666666664,0.25190158124109224
4,0.0,A2,35,0.5,2,MM gluc+AA,PA14 WT,1,1,5/27/22,33.932291666666664,0.25190158124109224
5,74.687,A2,34,0.5,2,MM gluc+AA,PA14 WT,1,1,5/27/22,32.932291666666664,0.25190158124109224
6,149.371,A2,34,0.5,2,MM gluc+AA,PA14 WT,1,1,5/27/22,32.932291666666664,0.25190158124109224
7,224.07,A2,34,0.5,2,MM gluc+AA,PA14 WT,1,1,5/27/22,32.932291666666664,0.25190158124109224
8,0.0,A3,18,0.25,4,MM gluc+AA,PA14 WT,1,1,5/27/22,16.932291666666668,0.25190158124109224
9,74.687,A3,18,0.25,4,MM gluc+AA,PA14 WT,1,1,5/27/22,16.932291666666668,0.25190158124109224
10,149.371,A3,18,0.25,4,MM gluc+AA,PA14 WT,1,1,5/27/22,16.932291666666668,0.25190158124109224
11,224.07,A3,18,0.25,4,MM gluc+AA,PA14 WT,1,1,5/27/22,16.932291666666668,0.25190158124109224
12,0.0,A4,10,0.125,8,MM gluc+AA,PA14 WT,1,1,5/27/22,8.932291666666666,0.25190158124109224
13,74.687,A4,10,0.125,8,MM gluc+AA,PA14 WT,1,1,5/27/22,8.932291666666666,0.25190158124109224
14,149.371,A4,10,0.125,8,MM gluc+AA,PA14 WT,1,1,5/27/22,8.932291666666666,0.25190158124109224
15,224.07,A4,10,0.125,8,MM gluc+AA,PA14 WT,1,1,5/27/22,8.932291666666666,0.25190158124109224
16,0.0,A5,12,1.0,1,MM gluc+AA,PS,1,1,5/27/22,10.932291666666666,0.25190158124109224
17,74.687,A5,12,1.0,1,MM gluc+AA,PS,1,1,5/27/22,10.932291666666666,0.25190158124109224
18,149.371,A5,12,1.0,1,MM gluc+AA,PS,1,1,5/27/22,10.932291666666666,0.25190158124109224
19,224.07,A5,12,1.0,1,MM gluc+AA,PS,1,1,5/27/22,10.932291666666666,0.25190158124109224
20,0.0,A6,8,0.5,2,MM gluc+AA,PS,1,1,5/27/22,6.932291666666667,0.25190158124109224
21,74.687,A6,8,0.5,2,MM gluc+AA,PS,1,1,5/27/22,6.932291666666667,0.25190158124109224
22,149.371,A6,8,0.5,2,MM gluc+AA,PS,1,1,5/27/22,6.932291666666667,0.25190158124109224
23,224.07,A6,8,0.5,2,MM gluc+AA,PS,1,1,5/27/22,6.932291666666667,0.25190158124109224
24,0.0,A7,6,0.25,4,MM gluc+AA,PS,1,1,5/27/22,4.932291666666667,0.25190158124109224
25,74.687,A7,6,0.25,4,MM gluc+AA,PS,1,1,5/27/22,4.932291666666667,0.25190158124109224
26,149.371,A7,6,0.25,4,MM gluc+AA,PS,1,1,5/27/22,4.932291666666667,0.25190158124109224
27,224.07,A7,6,0.25,4,MM gluc+AA,PS,1,1,5/27/22,4.932291666666667,0.25190158124109224
28,0.0,A8,3,0.125,8,MM gluc+AA,PS,1,1,5/27/22,1.9322916666666667,0.25190158124109224
29,74.687,A8,3,0.125,8,MM gluc+AA,PS,1,1,5/27/22,1.9322916666666667,0.25190158124109224
30,149.371,A8,3,0.125,8,MM gluc+AA,PS,1,1,5/27/22,1.9322916666666667,0.25190158124109224
31,224.07,A8,3,0.125,8,MM gluc+AA,PS,1,1,5/27/22,1.9322916666666667,0.25190158124109224
32,0.0,A9,10,1.0,1,MM gluc+AA,CG,1,1,5/27/22,8.932291666666666,0.25190158124109224
33,74.687,A9,11,1.0,1,MM gluc+AA,CG,1,1,5/27/22,9.932291666666666,0.25190158124109224
34,149.371,A9,11,1.0,1,MM gluc+AA,CG,1,1,5/27/22,9.932291666666666,0.25190158124109224
35,224.07,A9,11,1.0,1,MM gluc+AA,CG,1,1,5/27/22,9.932291666666666,0.25190158124109224
36,0.0,A10,6,0.5,2,MM gluc+AA,CG,1,1,5/27/22,4.932291666666667,0.25190158124109224
37,74.687,A10,6,0.5,2,MM gluc+AA,CG,1,1,5/27/22,4.932291666666667,0.25190158124109224
38,149.371,A10,6,0.5,2,MM gluc+AA,CG,1,1,5/27/22,4.932291666666667,0.25190158124109224
39,224.07,A10,6,0.5,2,MM gluc+AA,CG,1,1,5/27/22,4.932291666666667,0.25190158124109224
40,0.0,A11,4,0.25,4,MM gluc+AA,CG,1,1,5/27/22,2.932291666666667,0.25190158124109224
41,74.687,A11,4,0.25,4,MM gluc+AA,CG,1,1,5/27/22,2.932291666666667,0.25190158124109224
42,149.371,A11,3,0.25,4,MM gluc+AA,CG,1,1,5/27/22,1.9322916666666667,0.25190158124109224
43,224.07,A11,4,0.25,4,MM gluc+AA,CG,1,1,5/27/22,2.932291666666667,0.25190158124109224
44,0.0,A12,2,0.125,8,MM gluc+AA,CG,1,1,5/27/22,0.9322916666666667,0.25190158124109224
45,74.687,A12,2,0.125,8,MM gluc+AA,CG,1,1,5/27/22,0.9322916666666667,0.25190158124109224
46,149.371,A12,2,0.125,8,MM gluc+AA,CG,1,1,5/27/22,0.9322916666666667,0.25190158124109224
47,224.07,A12,2,0.125,8,MM gluc+AA,CG,1,1,5/27/22,0.9322916666666667,0.25190158124109224
48,0.0,B1,58,1.0,1,MM gluc+AA,PA14 WT,1,1,5/27/22,56.932291666666664,0.25190158124109224
49,74.687,B1,58,1.0,1,MM gluc+AA,PA14 WT,1,1,5/27/22,56.932291666666664,0.25190158124109224
50,149.371,B1,57,1.0,1,MM gluc+AA,PA14 WT,1,1,5/27/22,55.932291666666664,0.25190158124109224
51,224.07,B1,57,1.0,1,MM gluc+AA,PA14 WT,1,1,5/27/22,55.932291666666664,0.25190158124109224
52,0.0,B2,35,0.5,2,MM gluc+AA,PA14 WT,1,1,5/27/22,33.932291666666664,0.25190158124109224
53,74.687,B2,35,0.5,2,MM gluc+AA,PA14 WT,1,1,5/27/22,33.932291666666664,0.25190158124109224
54,149.371,B2,35,0.5,2,MM gluc+AA,PA14 WT,1,1,5/27/22,33.932291666666664,0.25190158124109224
55,224.07,B2,35,0.5,2,MM gluc+AA,PA14 WT,1,1,5/27/22,33.932291666666664,0.25190158124109224
56,0.0,B3,19,0.25,4,MM gluc+AA,PA14 WT,1,1,5/27/22,17.932291666666668,0.25190158124109224
57,74.687,B3,20,0.25,4,MM gluc+AA,PA14 WT,1,1,5/27/22,18.932291666666668,0.25190158124109224
58,149.371,B3,20,0.25,4,MM gluc+AA,PA14 WT,1,1,5/27/22,18.932291666666668,0.25190158124109224
59,224.07,B3,20,0.25,4,MM gluc+AA,PA14 WT,1,1,5/27/22,18.932291666666668,0.25190158124109224
60,0.0,B4,11,0.125,8,MM gluc+AA,PA14 WT,1,1,5/27/22,9.932291666666666,0.25190158124109224
61,74.687,B4,11,0.125,8,MM gluc+AA,PA14 WT,1,1,5/27/22,9.932291666666666,0.25190158124109224
62,149.371,B4,12,0.125,8,MM gluc+AA,PA14 WT,1,1,5/27/22,10.932291666666666,0.25190158124109224
63,224.07,B4,11,0.125,8,MM gluc+AA,PA14 WT,1,1,5/27/22,9.932291666666666,0.25190158124109224
64,0.0,B5,13,1.0,1,MM gluc+AA,PS,1,1,5/27/22,11.932291666666666,0.25190158124109224
65,74.687,B5,13,1.0,1,MM gluc+AA,PS,1,1,5/27/22,11.932291666666666,0.25190158124109224
66,149.371,B5,13,1.0,1,MM gluc+AA,PS,1,1,5/27/22,11.932291666666666,0.25190158124109224
67,224.07,B5,13,1.0,1,MM gluc+AA,PS,1,1,5/27/22,11.932291666666666,0.25190158124109224
68,0.0,B6,8,0.5,2,MM gluc+AA,PS,1,1,5/27/22,6.932291666666667,0.25190158124109224
69,74.687,B6,8,0.5,2,MM gluc+AA,PS,1,1,5/27/22,6.932291666666667,0.25190158124109224
70,149.371,B6,8,0.5,2,MM gluc+AA,PS,1,1,5/27/22,6.932291666666667,0.25190158124109224
71,224.07,B6,8,0.5,2,MM gluc+AA,PS,1,1,5/27/22,6.932291666666667,0.25190158124109224
72,0.0,B7,6,0.25,4,MM gluc+AA,PS,1,1,5/27/22,4.932291666666667,0.25190158124109224
73,74.687,B7,6,0.25,4,MM gluc+AA,PS,1,1,5/27/22,4.932291666666667,0.25190158124109224
74,149.371,B7,6,0.25,4,MM gluc+AA,PS,1,1,5/27/22,4.932291666666667,0.25190158124109224
75,224.07,B7,7,0.25,4,MM gluc+AA,PS,1,1,5/27/22,5.932291666666667,0.25190158124109224
76,0.0,B8,4,0.125,8,MM gluc+AA,PS,1,1,5/27/22,2.932291666666667,0.25190158124109224
77,74.687,B8,4,0.125,8,MM gluc+AA,PS,1,1,5/27/22,2.932291666666667,0.25190158124109224
78,149.371,B8,3,0.125,8,MM gluc+AA,PS,1,1,5/27/22,1.9322916666666667,0.25190158124109224
79,224.07,B8,4,0.125,8,MM gluc+AA,PS,1,1,5/27/22,2.932291666666667,0.25190158124109224
80,0.0,B9,10,1.0,1,MM gluc+AA,CG,1,1,5/27/22,8.932291666666666,0.25190158124109224
81,74.687,B9,11,1.0,1,MM gluc+AA,CG,1,1,5/27/22,9.932291666666666,0.25190158124109224
82,149.371,B9,10,1.0,1,MM gluc+AA,CG,1,1,5/27/22,8.932291666666666,0.25190158124109224
83,224.07,B9,11,1.0,1,MM gluc+AA,CG,1,1,5/27/22,9.932291666666666,0.25190158124109224
84,0.0,B10,6,0.5,2,MM gluc+AA,CG,1,1,5/27/22,4.932291666666667,0.25190158124109224
85,74.687,B10,6,0.5,2,MM gluc+AA,CG,1,1,5/27/22,4.932291666666667,0.25190158124109224
86,149.371,B10,6,0.5,2,MM gluc+AA,CG,1,1,5/27/22,4.932291666666667,0.25190158124109224
87,224.07,B10,6,0.5,2,MM gluc+AA,CG,1,1,5/27/22,4.932291666666667,0.25190158124109224
88,0.0,B11,4,0.25,4,MM gluc+AA,CG,1,1,5/27/22,2.932291666666667,0.25190158124109224
89,74.687,B11,4,0.25,4,MM gluc+AA,CG,1,1,5/27/22,2.932291666666667,0.25190158124109224
90,149.371,B11,4,0.25,4,MM gluc+AA,CG,1,1,5/27/22,2.932291666666667,0.25190158124109224
91,224.07,B11,4,0.25,4,MM gluc+AA,CG,1,1,5/27/22,2.932291666666667,0.25190158124109224
92,0.0,B12,3,0.125,8,MM gluc+AA,CG,1,1,5/27/22,1.9322916666666667,0.25190158124109224
93,74.687,B12,2,0.125,8,MM gluc+AA,CG,1,1,5/27/22,0.9322916666666667,0.25190158124109224
94,149.371,B12,3,0.125,8,MM gluc+AA,CG,1,1,5/27/22,1.9322916666666667,0.25190158124109224
95,224.07,B12,3,0.125,8,MM gluc+AA,CG,1,1,5/27/22,1.9322916666666667,0.25190158124109224
96,0.0,C1,53,1.0,1,MM gluc+AA,PA14 WT,2,1,5/27/22,51.932291666666664,0.25190158124109224
97,74.687,C1,54,1.0,1,MM gluc+AA,PA14 WT,2,1,5/27/22,52.932291666666664,0.25190158124109224
98,149.371,C1,53,1.0,1,MM gluc+AA,PA14 WT,2,1,5/27/22,51.932291666666664,0.25190158124109224
99,224.07,C1,54,1.0,1,MM gluc+AA,PA14 WT,2,1,5/27/22,52.932291666666664,0.25190158124109224
100,0.0,C2,36,0.5,2,MM gluc+AA,PA14 WT,2,1,5/27/22,34.932291666666664,0.25190158124109224
101,74.687,C2,36,0.5,2,MM gluc+AA,PA14 WT,2,1,5/27/22,34.932291666666664,0.25190158124109224
102,149.371,C2,36,0.5,2,MM gluc+AA,PA14 WT,2,1,5/27/22,34.932291666666664,0.25190158124109224
103,224.07,C2,36,0.5,2,MM gluc+AA,PA14 WT,2,1,5/27/22,34.932291666666664,0.25190158124109224
104,0.0,C3,19,0.25,4,MM gluc+AA,PA14 WT,2,1,5/27/22,17.932291666666668,0.25190158124109224
105,74.687,C3,19,0.25,4,MM gluc+AA,PA14 WT,2,1,5/27/22,17.932291666666668,0.25190158124109224
106,149.371,C3,19,0.25,4,MM gluc+AA,PA14 WT,2,1,5/27/22,17.932291666666668,0.25190158124109224
107,224.07,C3,19,0.25,4,MM gluc+AA,PA14 WT,2,1,5/27/22,17.932291666666668,0.25190158124109224
108,0.0,C4,12,0.125,8,MM gluc+AA,PA14 WT,2,1,5/27/22,10.932291666666666,0.25190158124109224
109,74.687,C4,12,0.125,8,MM gluc+AA,PA14 WT,2,1,5/27/22,10.932291666666666,0.25190158124109224
110,149.371,C4,12,0.125,8,MM gluc+AA,PA14 WT,2,1,5/27/22,10.932291666666666,0.25190158124109224
111,224.07,C4,12,0.125,8,MM gluc+AA,PA14 WT,2,1,5/27/22,10.932291666666666,0.25190158124109224
112,0.0,C5,13,1.0,1,MM gluc+AA,PS,2,1,5/27/22,11.932291666666666,0.25190158124109224
113,74.687,C5,13,1.0,1,MM gluc+AA,PS,2,1,5/27/22,11.932291666666666,0.25190158124109224
114,149.371,C5,13,1.0,1,MM gluc+AA,PS,2,1,5/27/22,11.932291666666666,0.25190158124109224
115,224.07,C5,13,1.0,1,MM gluc+AA,PS,2,1,5/27/22,11.932291666666666,0.25190158124109224
116,0.0,C6,8,0.5,2,MM gluc+AA,PS,2,1,5/27/22,6.932291666666667,0.25190158124109224
117,74.687,C6,9,0.5,2,MM gluc+AA,PS,2,1,5/27/22,7.932291666666667,0.25190158124109224
118,149.371,C6,8,0.5,2,MM gluc+AA,PS,2,1,5/27/22,6.932291666666667,0.25190158124109224
119,224.07,C6,8,0.5,2,MM gluc+AA,PS,2,1,5/27/22,6.932291666666667,0.25190158124109224
120,0.0,C7,6,0.25,4,MM gluc+AA,PS,2,1,5/27/22,4.932291666666667,0.25190158124109224
121,74.687,C7,6,0.25,4,MM gluc+AA,PS,2,1,5/27/22,4.932291666666667,0.25190158124109224
122,149.371,C7,6,0.25,4,MM gluc+AA,PS,2,1,5/27/22,4.932291666666667,0.25190158124109224
123,224.07,C7,7,0.25,4,MM gluc+AA,PS,2,1,5/27/22,5.932291666666667,0.25190158124109224
124,0.0,C8,4,0.125,8,MM gluc+AA,PS,2,1,5/27/22,2.932291666666667,0.25190158124109224
125,74.687,C8,4,0.125,8,MM gluc+AA,PS,2,1,5/27/22,2.932291666666667,0.25190158124109224
126,149.371,C8,4,0.125,8,MM gluc+AA,PS,2,1,5/27/22,2.932291666666667,0.25190158124109224
127,224.07,C8,4,0.125,8,MM gluc+AA,PS,2,1,5/27/22,2.932291666666667,0.25190158124109224
128,0.0,C9,12,1.0,1,MM gluc+AA,CG,2,1,5/27/22,10.932291666666666,0.25190158124109224
129,74.687,C9,11,1.0,1,MM gluc+AA,CG,2,1,5/27/22,9.932291666666666,0.25190158124109224
130,149.371,C9,11,1.0,1,MM gluc+AA,CG,2,1,5/27/22,9.932291666666666,0.25190158124109224
131,224.07,C9,11,1.0,1,MM gluc+AA,CG,2,1,5/27/22,9.932291666666666,0.25190158124109224
132,0.0,C10,6,0.5,2,MM gluc+AA,CG,2,1,5/27/22,4.932291666666667,0.25190158124109224
133,74.687,C10,6,0.5,2,MM gluc+AA,CG,2,1,5/27/22,4.932291666666667,0.25190158124109224
134,149.371,C10,6,0.5,2,MM gluc+AA,CG,2,1,5/27/22,4.932291666666667,0.25190158124109224
135,224.07,C10,6,0.5,2,MM gluc+AA,CG,2,1,5/27/22,4.932291666666667,0.25190158124109224
136,0.0,C11,4,0.25,4,MM gluc+AA,CG,2,1,5/27/22,2.932291666666667,0.25190158124109224
137,74.687,C11,5,0.25,4,MM gluc+AA,CG,2,1,5/27/22,3.932291666666667,0.25190158124109224
138,149.371,C11,5,0.25,4,MM gluc+AA,CG,2,1,5/27/22,3.932291666666667,0.25190158124109224
139,224.07,C11,5,0.25,4,MM gluc+AA,CG,2,1,5/27/22,3.932291666666667,0.25190158124109224
140,0.0,C12,3,0.125,8,MM gluc+AA,CG,2,1,5/27/22,1.9322916666666667,0.25190158124109224
141,74.687,C12,3,0.125,8,MM gluc+AA,CG,2,1,5/27/22,1.9322916666666667,0.25190158124109224
142,149.371,C12,3,0.125,8,MM gluc+AA,CG,2,1,5/27/22,1.9322916666666667,0.25190158124109224
143,224.07,C12,3,0.125,8,MM gluc+AA,CG,2,1,5/27/22,1.9322916666666667,0.25190158124109224
144,0.0,D1,60,1.0,1,MM gluc+AA,PA14 WT,2,1,5/27/22,58.932291666666664,0.25190158124109224
145,74.687,D1,61,1.0,1,MM gluc+AA,PA14 WT,2,1,5/27/22,59.932291666666664,0.25190158124109224
146,149.371,D1,60,1.0,1,MM gluc+AA,PA14 WT,2,1,5/27/22,58.932291666666664,0.25190158124109224
147,224.07,D1,61,1.0,1,MM gluc+AA,PA14 WT,2,1,5/27/22,59.932291666666664,0.25190158124109224
148,0.0,D2,36,0.5,2,MM gluc+AA,PA14 WT,2,1,5/27/22,34.932291666666664,0.25190158124109224
149,74.687,D2,36,0.5,2,MM gluc+AA,PA14 WT,2,1,5/27/22,34.932291666666664,0.25190158124109224
150,149.371,D2,35,0.5,2,MM gluc+AA,PA14 WT,2,1,5/27/22,33.932291666666664,0.25190158124109224
151,224.07,D2,36,0.5,2,MM gluc+AA,PA14 WT,2,1,5/27/22,34.932291666666664,0.25190158124109224
152,0.0,D3,20,0.25,4,MM gluc+AA,PA14 WT,2,1,5/27/22,18.932291666666668,0.25190158124109224
153,74.687,D3,20,0.25,4,MM gluc+AA,PA14 WT,2,1,5/27/22,18.932291666666668,0.25190158124109224
154,149.371,D3,20,0.25,4,MM gluc+AA,PA14 WT,2,1,5/27/22,18.932291666666668,0.25190158124109224
155,224.07,D3,20,0.25,4,MM gluc+AA,PA14 WT,2,1,5/27/22,18.932291666666668,0.25190158124109224
156,0.0,D4,13,0.125,8,MM gluc+AA,PA14 WT,2,1,5/27/22,11.932291666666666,0.25190158124109224
157,74.687,D4,13,0.125,8,MM gluc+AA,PA14 WT,2,1,5/27/22,11.932291666666666,0.25190158124109224
158,149.371,D4,13,0.125,8,MM gluc+AA,PA14 WT,2,1,5/27/22,11.932291666666666,0.25190158124109224
159,224.07,D4,14,0.125,8,MM gluc+AA,PA14 WT,2,1,5/27/22,12.932291666666666,0.25190158124109224
160,0.0,D5,14,1.0,1,MM gluc+AA,PS,2,1,5/27/22,12.932291666666666,0.25190158124109224
161,74.687,D5,13,1.0,1,MM gluc+AA,PS,2,1,5/27/22,11.932291666666666,0.25190158124109224
162,149.371,D5,13,1.0,1,MM gluc+AA,PS,2,1,5/27/22,11.932291666666666,0.25190158124109224
163,224.07,D5,13,1.0,1,MM gluc+AA,PS,2,1,5/27/22,11.932291666666666,0.25190158124109224
164,0.0,D6,9,0.5,2,MM gluc+AA,PS,2,1,5/27/22,7.932291666666667,0.25190158124109224
165,74.687,D6,9,0.5,2,MM gluc+AA,PS,2,1,5/27/22,7.932291666666667,0.25190158124109224
166,149.371,D6,9,0.5,2,MM gluc+AA,PS,2,1,5/27/22,7.932291666666667,0.25190158124109224
167,224.07,D6,9,0.5,2,MM gluc+AA,PS,2,1,5/27/22,7.932291666666667,0.25190158124109224
168,0.0,D7,6,0.25,4,MM gluc+AA,PS,2,1,5/27/22,4.932291666666667,0.25190158124109224
169,74.687,D7,6,0.25,4,MM gluc+AA,PS,2,1,5/27/22,4.932291666666667,0.25190158124109224
170,149.371,D7,6,0.25,4,MM gluc+AA,PS,2,1,5/27/22,4.932291666666667,0.25190158124109224
171,224.07,D7,6,0.25,4,MM gluc+AA,PS,2,1,5/27/22,4.932291666666667,0.25190158124109224
172,0.0,D8,4,0.125,8,MM gluc+AA,PS,2,1,5/27/22,2.932291666666667,0.25190158124109224
173,74.687,D8,4,0.125,8,MM gluc+AA,PS,2,1,5/27/22,2.932291666666667,0.25190158124109224
174,149.371,D8,4,0.125,8,MM gluc+AA,PS,2,1,5/27/22,2.932291666666667,0.25190158124109224
175,224.07,D8,4,0.125,8,MM gluc+AA,PS,2,1,5/27/22,2.932291666666667,0.25190158124109224
176,0.0,D9,11,1.0,1,MM gluc+AA,CG,2,1,5/27/22,9.932291666666666,0.25190158124109224
177,74.687,D9,11,1.0,1,MM gluc+AA,CG,2,1,5/27/22,9.932291666666666,0.25190158124109224
178,149.371,D9,11,1.0,1,MM gluc+AA,CG,2,1,5/27/22,9.932291666666666,0.25190158124109224
179,224.07,D9,11,1.0,1,MM gluc+AA,CG,2,1,5/27/22,9.932291666666666,0.25190158124109224
180,0.0,D10,7,0.5,2,MM gluc+AA,CG,2,1,5/27/22,5.932291666666667,0.25190158124109224
181,74.687,D10,7,0.5,2,MM gluc+AA,CG,2,1,5/27/22,5.932291666666667,0.25190158124109224
182,149.371,D10,7,0.5,2,MM gluc+AA,CG,2,1,5/27/22,5.932291666666667,0.25190158124109224
183,224.07,D10,7,0.5,2,MM gluc+AA,CG,2,1,5/27/22,5.932291666666667,0.25190158124109224
184,0.0,D11,4,0.25,4,MM gluc+AA,CG,2,1,5/27/22,2.932291666666667,0.25190158124109224
185,74.687,D11,4,0.25,4,MM gluc+AA,CG,2,1,5/27/22,2.932291666666667,0.25190158124109224
186,149.371,D11,4,0.25,4,MM gluc+AA,CG,2,1,5/27/22,2.932291666666667,0.25190158124109224
187,224.07,D11,4,0.25,4,MM gluc+AA,CG,2,1,5/27/22,2.932291666666667,0.25190158124109224
188,0.0,D12,3,0.125,8,MM gluc+AA,CG,2,1,5/27/22,1.9322916666666667,0.25190158124109224
189,74.687,D12,3,0.125,8,MM gluc+AA,CG,2,1,5/27/22,1.9322916666666667,0.25190158124109224
190,149.371,D12,3,0.125,8,MM gluc+AA,CG,2,1,5/27/22,1.9322916666666667,0.25190158124109224
191,224.07,D12,3,0.125,8,MM gluc+AA,CG,2,1,5/27/22,1.9322916666666667,0.25190158124109224
192,0.0,E1,31,1.0,1,MM gluc+AA,EC WT,1,1,5/27/22,29.932291666666668,0.25190158124109224
193,74.687,E1,31,1.0,1,MM gluc+AA,EC WT,1,1,5/27/22,29.932291666666668,0.25190158124109224
194,149.371,E1,31,1.0,1,MM gluc+AA,EC WT,1,1,5/27/22,29.932291666666668,0.25190158124109224
195,224.07,E1,31,1.0,1,MM gluc+AA,EC WT,1,1,5/27/22,29.932291666666668,0.25190158124109224
196,0.0,E2,19,0.5,2,MM gluc+AA,EC WT,1,1,5/27/22,17.932291666666668,0.25190158124109224
197,74.687,E2,20,0.5,2,MM gluc+AA,EC WT,1,1,5/27/22,18.932291666666668,0.25190158124109224
198,149.371,E2,20,0.5,2,MM gluc+AA,EC WT,1,1,5/27/22,18.932291666666668,0.25190158124109224
199,224.07,E2,20,0.5,2,MM gluc+AA,EC WT,1,1,5/27/22,18.932291666666668,0.25190158124109224
200,0.0,E3,10,0.25,4,MM gluc+AA,EC WT,1,1,5/27/22,8.932291666666666,0.25190158124109224
201,74.687,E3,11,0.25,4,MM gluc+AA,EC WT,1,1,5/27/22,9.932291666666666,0.25190158124109224
202,149.371,E3,11,0.25,4,MM gluc+AA,EC WT,1,1,5/27/22,9.932291666666666,0.25190158124109224
203,224.07,E3,11,0.25,4,MM gluc+AA,EC WT,1,1,5/27/22,9.932291666666666,0.25190158124109224
204,0.0,E4,6,0.125,8,MM gluc+AA,EC WT,1,1,5/27/22,4.932291666666667,0.25190158124109224
205,74.687,E4,6,0.125,8,MM gluc+AA,EC WT,1,1,5/27/22,4.932291666666667,0.25190158124109224
206,149.371,E4,6,0.125,8,MM gluc+AA,EC WT,1,1,5/27/22,4.932291666666667,0.25190158124109224
207,224.07,E4,6,0.125,8,MM gluc+AA,EC WT,1,1,5/27/22,4.932291666666667,0.25190158124109224
208,0.0,E5,12,1.0,1,MM gluc+AA,BG,1,1,5/27/22,10.932291666666666,0.25190158124109224
209,74.687,E5,12,1.0,1,MM gluc+AA,BG,1,1,5/27/22,10.932291666666666,0.25190158124109224
210,149.371,E5,12,1.0,1,MM gluc+AA,BG,1,1,5/27/22,10.932291666666666,0.25190158124109224
211,224.07,E5,12,1.0,1,MM gluc+AA,BG,1,1,5/27/22,10.932291666666666,0.25190158124109224
212,0.0,E6,7,0.5,2,MM gluc+AA,BG,1,1,5/27/22,5.932291666666667,0.25190158124109224
213,74.687,E6,8,0.5,2,MM gluc+AA,BG,1,1,5/27/22,6.932291666666667,0.25190158124109224
214,149.371,E6,8,0.5,2,MM gluc+AA,BG,1,1,5/27/22,6.932291666666667,0.25190158124109224
215,224.07,E6,8,0.5,2,MM gluc+AA,BG,1,1,5/27/22,6.932291666666667,0.25190158124109224
216,0.0,E7,5,0.25,4,MM gluc+AA,BG,1,1,5/27/22,3.932291666666667,0.25190158124109224
217,74.687,E7,5,0.25,4,MM gluc+AA,BG,1,1,5/27/22,3.932291666666667,0.25190158124109224
218,149.371,E7,5,0.25,4,MM gluc+AA,BG,1,1,5/27/22,3.932291666666667,0.25190158124109224
219,224.07,E7,5,0.25,4,MM gluc+AA,BG,1,1,5/27/22,3.932291666666667,0.25190158124109224
220,0.0,E8,3,0.125,8,MM gluc+AA,BG,1,1,5/27/22,1.9322916666666667,0.25190158124109224
221,74.687,E8,3,0.125,8,MM gluc+AA,BG,1,1,5/27/22,1.9322916666666667,0.25190158124109224
222,149.371,E8,3,0.125,8,MM gluc+AA,BG,1,1,5/27/22,1.9322916666666667,0.25190158124109224
223,224.07,E8,3,0.125,8,MM gluc+AA,BG,1,1,5/27/22,1.9322916666666667,0.25190158124109224
224,0.0,E9,1,1.0,1,MM gluc+AA,BLANK,1,1,5/27/22,-0.06770833333333326,0.25190158124109224
225,74.687,E9,1,1.0,1,MM gluc+AA,BLANK,1,1,5/27/22,-0.06770833333333326,0.25190158124109224
226,149.371,E9,1,1.0,1,MM gluc+AA,BLANK,1,1,5/27/22,-0.06770833333333326,0.25190158124109224
227,224.07,E9,1,1.0,1,MM gluc+AA,BLANK,1,1,5/27/22,-0.06770833333333326,0.25190158124109224
228,0.0,E10,1,1.0,1,MM gluc+AA,BLANK,1,1,5/27/22,-0.06770833333333326,0.25190158124109224
229,74.687,E10,1,1.0,1,MM gluc+AA,BLANK,1,1,5/27/22,-0.06770833333333326,0.25190158124109224
230,149.371,E10,1,1.0,1,MM gluc+AA,BLANK,1,1,5/27/22,-0.06770833333333326,0.25190158124109224
231,224.07,E10,1,1.0,1,MM gluc+AA,BLANK,1,1,5/27/22,-0.06770833333333326,0.25190158124109224
232,0.0,E11,1,1.0,1,MM gluc+AA,BLANK,1,1,5/27/22,-0.06770833333333326,0.25190158124109224
233,74.687,E11,1,1.0,1,MM gluc+AA,BLANK,1,1,5/27/22,-0.06770833333333326,0.25190158124109224
234,149.371,E11,1,1.0,1,MM gluc+AA,BLANK,1,1,5/27/22,-0.06770833333333326,0.25190158124109224
235,224.07,E11,2,1.0,1,MM gluc+AA,BLANK,1,1,5/27/22,0.9322916666666667,0.25190158124109224
236,0.0,E12,1,1.0,1,MM gluc+AA,BLANK,1,1,5/27/22,-0.06770833333333326,0.25190158124109224
237,74.687,E12,2,1.0,1,MM gluc+AA,BLANK,1,1,5/27/22,0.9322916666666667,0.25190158124109224
238,149.371,E12,1,1.0,1,MM gluc+AA,BLANK,1,1,5/27/22,-0.06770833333333326,0.25190158124109224
239,224.07,E12,1,1.0,1,MM gluc+AA,BLANK,1,1,5/27/22,-0.06770833333333326,0.25190158124109224
240,0.0,F1,33,1.0,1,MM gluc+AA,EC WT,1,1,5/27/22,31.932291666666668,0.25190158124109224
241,74.687,F1,34,1.0,1,MM gluc+AA,EC WT,1,1,5/27/22,32.932291666666664,0.25190158124109224
242,149.371,F1,34,1.0,1,MM gluc+AA,EC WT,1,1,5/27/22,32.932291666666664,0.25190158124109224
243,224.07,F1,34,1.0,1,MM gluc+AA,EC WT,1,1,5/27/22,32.932291666666664,0.25190158124109224
244,0.0,F2,19,0.5,2,MM gluc+AA,EC WT,1,1,5/27/22,17.932291666666668,0.25190158124109224
245,74.687,F2,20,0.5,2,MM gluc+AA,EC WT,1,1,5/27/22,18.932291666666668,0.25190158124109224
246,149.371,F2,20,0.5,2,MM gluc+AA,EC WT,1,1,5/27/22,18.932291666666668,0.25190158124109224
247,224.07,F2,20,0.5,2,MM gluc+AA,EC WT,1,1,5/27/22,18.932291666666668,0.25190158124109224
248,0.0,F3,11,0.25,4,MM gluc+AA,EC WT,1,1,5/27/22,9.932291666666666,0.25190158124109224
249,74.687,F3,10,0.25,4,MM gluc+AA,EC WT,1,1,5/27/22,8.932291666666666,0.25190158124109224
250,149.371,F3,10,0.25,4,MM gluc+AA,EC WT,1,1,5/27/22,8.932291666666666,0.25190158124109224
251,224.07,F3,11,0.25,4,MM gluc+AA,EC WT,1,1,5/27/22,9.932291666666666,0.25190158124109224
252,0.0,F4,6,0.125,8,MM gluc+AA,EC WT,1,1,5/27/22,4.932291666666667,0.25190158124109224
253,74.687,F4,7,0.125,8,MM gluc+AA,EC WT,1,1,5/27/22,5.932291666666667,0.25190158124109224
254,149.371,F4,6,0.125,8,MM gluc+AA,EC WT,1,1,5/27/22,4.932291666666667,0.25190158124109224
255,224.07,F4,7,0.125,8,MM gluc+AA,EC WT,1,1,5/27/22,5.932291666666667,0.25190158124109224
256,0.0,F5,13,1.0,1,MM gluc+AA,BG,1,1,5/27/22,11.932291666666666,0.25190158124109224
257,74.687,F5,13,1.0,1,MM gluc+AA,BG,1,1,5/27/22,11.932291666666666,0.25190158124109224
258,149.371,F5,13,1.0,1,MM gluc+AA,BG,1,1,5/27/22,11.932291666666666,0.25190158124109224
259,224.07,F5,13,1.0,1,MM gluc+AA,BG,1,1,5/27/22,11.932291666666666,0.25190158124109224
260,0.0,F6,8,0.5,2,MM gluc+AA,BG,1,1,5/27/22,6.932291666666667,0.25190158124109224
261,74.687,F6,9,0.5,2,MM gluc+AA,BG,1,1,5/27/22,7.932291666666667,0.25190158124109224
262,149.371,F6,8,0.5,2,MM gluc+AA,BG,1,1,5/27/22,6.932291666666667,0.25190158124109224
263,224.07,F6,9,0.5,2,MM gluc+AA,BG,1,1,5/27/22,7.932291666666667,0.25190158124109224
264,0.0,F7,4,0.25,4,MM gluc+AA,BG,1,1,5/27/22,2.932291666666667,0.25190158124109224
265,74.687,F7,4,0.25,4,MM gluc+AA,BG,1,1,5/27/22,2.932291666666667,0.25190158124109224
266,149.371,F7,5,0.25,4,MM gluc+AA,BG,1,1,5/27/22,3.932291666666667,0.25190158124109224
267,224.07,F7,5,0.25,4,MM gluc+AA,BG,1,1,5/27/22,3.932291666666667,0.25190158124109224
268,0.0,F8,3,0.125,8,MM gluc+AA,BG,1,1,5/27/22,1.9322916666666667,0.25190158124109224
269,74.687,F8,3,0.125,8,MM gluc+AA,BG,1,1,5/27/22,1.9322916666666667,0.25190158124109224
270,149.371,F8,3,0.125,8,MM gluc+AA,BG,1,1,5/27/22,1.9322916666666667,0.25190158124109224
271,224.07,F8,3,0.125,8,MM gluc+AA,BG,1,1,5/27/22,1.9322916666666667,0.25190158124109224
272,0.0,F9,1,1.0,1,MM gluc+AA,BLANK,1,1,5/27/22,-0.06770833333333326,0.25190158124109224
273,74.687,F9,1,1.0,1,MM gluc+AA,BLANK,1,1,5/27/22,-0.06770833333333326,0.25190158124109224
274,149.371,F9,1,1.0,1,MM gluc+AA,BLANK,1,1,5/27/22,-0.06770833333333326,0.25190158124109224
275,224.07,F9,1,1.0,1,MM gluc+AA,BLANK,1,1,5/27/22,-0.06770833333333326,0.25190158124109224
276,0.0,F10,1,1.0,1,MM gluc+AA,BLANK,1,1,5/27/22,-0.06770833333333326,0.25190158124109224
277,74.687,F10,1,1.0,1,MM gluc+AA,BLANK,1,1,5/27/22,-0.06770833333333326,0.25190158124109224
278,149.371,F10,1,1.0,1,MM gluc+AA,BLANK,1,1,5/27/22,-0.06770833333333326,0.25190158124109224
279,224.07,F10,1,1.0,1,MM gluc+AA,BLANK,1,1,5/27/22,-0.06770833333333326,0.25190158124109224
280,0.0,F11,1,1.0,1,MM gluc+AA,BLANK,1,1,5/27/22,-0.06770833333333326,0.25190158124109224
281,74.687,F11,1,1.0,1,MM gluc+AA,BLANK,1,1,5/27/22,-0.06770833333333326,0.25190158124109224
282,149.371,F11,1,1.0,1,MM gluc+AA,BLANK,1,1,5/27/22,-0.06770833333333326,0.25190158124109224
283,224.07,F11,1,1.0,1,MM gluc+AA,BLANK,1,1,5/27/22,-0.06770833333333326,0.25190158124109224
284,0.0,F12,1,1.0,1,MM gluc+AA,BLANK,1,1,5/27/22,-0.06770833333333326,0.25190158124109224
285,74.687,F12,1,1.0,1,MM gluc+AA,BLANK,1,1,5/27/22,-0.06770833333333326,0.25190158124109224
286,149.371,F12,1,1.0,1,MM gluc+AA,BLANK,1,1,5/27/22,-0.06770833333333326,0.25190158124109224
287,224.07,F12,1,1.0,1,MM gluc+AA,BLANK,1,1,5/27/22,-0.06770833333333326,0.25190158124109224
288,0.0,G1,31,1.0,1,MM gluc+AA,EC WT,2,1,5/27/22,29.932291666666668,0.25190158124109224
289,74.687,G1,32,1.0,1,MM gluc+AA,EC WT,2,1,5/27/22,30.932291666666668,0.25190158124109224
290,149.371,G1,32,1.0,1,MM gluc+AA,EC WT,2,1,5/27/22,30.932291666666668,0.25190158124109224
291,224.07,G1,32,1.0,1,MM gluc+AA,EC WT,2,1,5/27/22,30.932291666666668,0.25190158124109224
292,0.0,G2,18,0.5,2,MM gluc+AA,EC WT,2,1,5/27/22,16.932291666666668,0.25190158124109224
293,74.687,G2,20,0.5,2,MM gluc+AA,EC WT,2,1,5/27/22,18.932291666666668,0.25190158124109224
294,149.371,G2,19,0.5,2,MM gluc+AA,EC WT,2,1,5/27/22,17.932291666666668,0.25190158124109224
295,224.07,G2,19,0.5,2,MM gluc+AA,EC WT,2,1,5/27/22,17.932291666666668,0.25190158124109224
296,0.0,G3,11,0.25,4,MM gluc+AA,EC WT,2,1,5/27/22,9.932291666666666,0.25190158124109224
297,74.687,G3,11,0.25,4,MM gluc+AA,EC WT,2,1,5/27/22,9.932291666666666,0.25190158124109224
298,149.371,G3,11,0.25,4,MM gluc+AA,EC WT,2,1,5/27/22,9.932291666666666,0.25190158124109224
299,224.07,G3,11,0.25,4,MM gluc+AA,EC WT,2,1,5/27/22,9.932291666666666,0.25190158124109224
300,0.0,G4,6,0.125,8,MM gluc+AA,EC WT,2,1,5/27/22,4.932291666666667,0.25190158124109224
301,74.687,G4,6,0.125,8,MM gluc+AA,EC WT,2,1,5/27/22,4.932291666666667,0.25190158124109224
302,149.371,G4,6,0.125,8,MM gluc+AA,EC WT,2,1,5/27/22,4.932291666666667,0.25190158124109224
303,224.07,G4,6,0.125,8,MM gluc+AA,EC WT,2,1,5/27/22,4.932291666666667,0.25190158124109224
304,0.0,G5,12,1.0,1,MM gluc+AA,BG,2,1,5/27/22,10.932291666666666,0.25190158124109224
305,74.687,G5,12,1.0,1,MM gluc+AA,BG,2,1,5/27/22,10.932291666666666,0.25190158124109224
306,149.371,G5,13,1.0,1,MM gluc+AA,BG,2,1,5/27/22,11.932291666666666,0.25190158124109224
307,224.07,G5,12,1.0,1,MM gluc+AA,BG,2,1,5/27/22,10.932291666666666,0.25190158124109224
308,0.0,G6,7,0.5,2,MM gluc+AA,BG,2,1,5/27/22,5.932291666666667,0.25190158124109224
309,74.687,G6,8,0.5,2,MM gluc+AA,BG,2,1,5/27/22,6.932291666666667,0.25190158124109224
310,149.371,G6,8,0.5,2,MM gluc+AA,BG,2,1,5/27/22,6.932291666666667,0.25190158124109224
311,224.07,G6,8,0.5,2,MM gluc+AA,BG,2,1,5/27/22,6.932291666666667,0.25190158124109224
312,0.0,G7,5,0.25,4,MM gluc+AA,BG,2,1,5/27/22,3.932291666666667,0.25190158124109224
313,74.687,G7,5,0.25,4,MM gluc+AA,BG,2,1,5/27/22,3.932291666666667,0.25190158124109224
314,149.371,G7,5,0.25,4,MM gluc+AA,BG,2,1,5/27/22,3.932291666666667,0.25190158124109224
315,224.07,G7,5,0.25,4,MM gluc+AA,BG,2,1,5/27/22,3.932291666666667,0.25190158124109224
316,0.0,G8,3,0.125,8,MM gluc+AA,BG,2,1,5/27/22,1.9322916666666667,0.25190158124109224
317,74.687,G8,2,0.125,8,MM gluc+AA,BG,2,1,5/27/22,0.9322916666666667,0.25190158124109224
318,149.371,G8,3,0.125,8,MM gluc+AA,BG,2,1,5/27/22,1.9322916666666667,0.25190158124109224
319,224.07,G8,3,0.125,8,MM gluc+AA,BG,2,1,5/27/22,1.9322916666666667,0.25190158124109224
320,0.0,G9,1,1.0,1,MM gluc+AA,BLANK,1,1,5/27/22,-0.06770833333333326,0.25190158124109224
321,74.687,G9,1,1.0,1,MM gluc+AA,BLANK,1,1,5/27/22,-0.06770833333333326,0.25190158124109224
322,149.371,G9,1,1.0,1,MM gluc+AA,BLANK,1,1,5/27/22,-0.06770833333333326,0.25190158124109224
323,224.07,G9,2,1.0,1,MM gluc+AA,BLANK,1,1,5/27/22,0.9322916666666667,0.25190158124109224
324,0.0,G10,1,1.0,1,MM gluc+AA,BLANK,1,1,5/27/22,-0.06770833333333326,0.25190158124109224
325,74.687,G10,1,1.0,1,MM gluc+AA,BLANK,1,1,5/27/22,-0.06770833333333326,0.25190158124109224
326,149.371,G10,1,1.0,1,MM gluc+AA,BLANK,1,1,5/27/22,-0.06770833333333326,0.25190158124109224
327,224.07,G10,1,1.0,1,MM gluc+AA,BLANK,1,1,5/27/22,-0.06770833333333326,0.25190158124109224
328,0.0,G11,1,1.0,1,MM gluc+AA,BLANK,1,1,5/27/22,-0.06770833333333326,0.25190158124109224
329,74.687,G11,1,1.0,1,MM gluc+AA,BLANK,1,1,5/27/22,-0.06770833333333326,0.25190158124109224
330,149.371,G11,2,1.0,1,MM gluc+AA,BLANK,1,1,5/27/22,0.9322916666666667,0.25190158124109224
331,224.07,G11,2,1.0,1,MM gluc+AA,BLANK,1,1,5/27/22,0.9322916666666667,0.25190158124109224
332,0.0,G12,1,1.0,1,MM gluc+AA,BLANK,1,1,5/27/22,-0.06770833333333326,0.25190158124109224
333,74.687,G12,1,1.0,1,MM gluc+AA,BLANK,1,1,5/27/22,-0.06770833333333326,0.25190158124109224
334,149.371,G12,2,1.0,1,MM gluc+AA,BLANK,1,1,5/27/22,0.9322916666666667,0.25190158124109224
335,224.07,G12,1,1.0,1,MM gluc+AA,BLANK,1,1,5/27/22,-0.06770833333333326,0.25190158124109224
336,0.0,H1,31,1.0,1,MM gluc+AA,EC WT,2,1,5/27/22,29.932291666666668,0.25190158124109224
337,74.687,H1,31,1.0,1,MM gluc+AA,EC WT,2,1,5/27/22,29.932291666666668,0.25190158124109224
338,149.371,H1,32,1.0,1,MM gluc+AA,EC WT,2,1,5/27/22,30.932291666666668,0.25190158124109224
339,224.07,H1,31,1.0,1,MM gluc+AA,EC WT,2,1,5/27/22,29.932291666666668,0.25190158124109224
340,0.0,H2,18,0.5,2,MM gluc+AA,EC WT,2,1,5/27/22,16.932291666666668,0.25190158124109224
341,74.687,H2,19,0.5,2,MM gluc+AA,EC WT,2,1,5/27/22,17.932291666666668,0.25190158124109224
342,149.371,H2,19,0.5,2,MM gluc+AA,EC WT,2,1,5/27/22,17.932291666666668,0.25190158124109224
343,224.07,H2,19,0.5,2,MM gluc+AA,EC WT,2,1,5/27/22,17.932291666666668,0.25190158124109224
344,0.0,H3,11,0.25,4,MM gluc+AA,EC WT,2,1,5/27/22,9.932291666666666,0.25190158124109224
345,74.687,H3,11,0.25,4,MM gluc+AA,EC WT,2,1,5/27/22,9.932291666666666,0.25190158124109224
346,149.371,H3,11,0.25,4,MM gluc+AA,EC WT,2,1,5/27/22,9.932291666666666,0.25190158124109224
347,224.07,H3,11,0.25,4,MM gluc+AA,EC WT,2,1,5/27/22,9.932291666666666,0.25190158124109224
348,0.0,H4,6,0.125,8,MM gluc+AA,EC WT,2,1,5/27/22,4.932291666666667,0.25190158124109224
349,74.687,H4,7,0.125,8,MM gluc+AA,EC WT,2,1,5/27/22,5.932291666666667,0.25190158124109224
350,149.371,H4,7,0.125,8,MM gluc+AA,EC WT,2,1,5/27/22,5.932291666666667,0.25190158124109224
351,224.07,H4,6,0.125,8,MM gluc+AA,EC WT,2,1,5/27/22,4.932291666666667,0.25190158124109224
352,0.0,H5,12,1.0,1,MM gluc+AA,BG,2,1,5/27/22,10.932291666666666,0.25190158124109224
353,74.687,H5,12,1.0,1,MM gluc+AA,BG,2,1,5/27/22,10.932291666666666,0.25190158124109224
354,149.371,H5,13,1.0,1,MM gluc+AA,BG,2,1,5/27/22,11.932291666666666,0.25190158124109224
355,224.07,H5,13,1.0,1,MM gluc+AA,BG,2,1,5/27/22,11.932291666666666,0.25190158124109224
356,0.0,H6,8,0.5,2,MM gluc+AA,BG,2,1,5/27/22,6.932291666666667,0.25190158124109224
357,74.687,H6,8,0.5,2,MM gluc+AA,BG,2,1,5/27/22,6.932291666666667,0.25190158124109224
358,149.371,H6,8,0.5,2,MM gluc+AA,BG,2,1,5/27/22,6.932291666666667,0.25190158124109224
359,224.07,H6,8,0.5,2,MM gluc+AA,BG,2,1,5/27/22,6.932291666666667,0.25190158124109224
360,0.0,H7,4,0.25,4,MM gluc+AA,BG,2,1,5/27/22,2.932291666666667,0.25190158124109224
361,74.687,H7,4,0.25,4,MM gluc+AA,BG,2,1,5/27/22,2.932291666666667,0.25190158124109224
362,149.371,H7,4,0.25,4,MM gluc+AA,BG,2,1,5/27/22,2.932291666666667,0.25190158124109224
363,224.07,H7,4,0.25,4,MM gluc+AA,BG,2,1,5/27/22,2.932291666666667,0.25190158124109224
364,0.0,H8,3,0.125,8,MM gluc+AA,BG,2,1,5/27/22,1.9322916666666667,0.25190158124109224
365,74.687,H8,3,0.125,8,MM gluc+AA,BG,2,1,5/27/22,1.9322916666666667,0.25190158124109224
366,149.371,H8,3,0.125,8,MM gluc+AA,BG,2,1,5/27/22,1.9322916666666667,0.25190158124109224
367,224.07,H8,3,0.125,8,MM gluc+AA,BG,2,1,5/27/22,1.9322916666666667,0.25190158124109224
368,0.0,H9,1,1.0,1,MM gluc+AA,BLANK,1,1,5/27/22,-0.06770833333333326,0.25190158124109224
369,74.687,H9,1,1.0,1,MM gluc+AA,BLANK,1,1,5/27/22,-0.06770833333333326,0.25190158124109224
370,149.371,H9,1,1.0,1,MM gluc+AA,BLANK,1,1,5/27/22,-0.06770833333333326,0.25190158124109224
371,224.07,H9,1,1.0,1,MM gluc+AA,BLANK,1,1,5/27/22,-0.06770833333333326,0.25190158124109224
372,0.0,H10,1,1.0,1,MM gluc+AA,BLANK,1,1,5/27/22,-0.06770833333333326,0.25190158124109224
373,74.687,H10,1,1.0,1,MM gluc+AA,BLANK,1,1,5/27/22,-0.06770833333333326,0.25190158124109224
374,149.371,H10,1,1.0,1,MM gluc+AA,BLANK,1,1,5/27/22,-0.06770833333333326,0.25190158124109224
375,224.07,H10,2,1.0,1,MM gluc+AA,BLANK,1,1,5/27/22,0.9322916666666667,0.25190158124109224
376,0.0,H11,1,1.0,1,MM gluc+AA,BLANK,1,1,5/27/22,-0.06770833333333326,0.25190158124109224
377,74.687,H11,1,1.0,1,MM gluc+AA,BLANK,1,1,5/27/22,-0.06770833333333326,0.25190158124109224
378,149.371,H11,1,1.0,1,MM gluc+AA,BLANK,1,1,5/27/22,-0.06770833333333326,0.25190158124109224
379,224.07,H11,2,1.0,1,MM gluc+AA,BLANK,1,1,5/27/22,0.9322916666666667,0.25190158124109224
380,0.0,H12,1,1.0,1,MM gluc+AA,BLANK,1,1,5/27/22,-0.06770833333333326,0.25190158124109224
381,74.687,H12,1,1.0,1,MM gluc+AA,BLANK,1,1,5/27/22,-0.06770833333333326,0.25190158124109224
382,149.371,H12,2,1.0,1,MM gluc+AA,BLANK,1,1,5/27/22,0.9322916666666667,0.25190158124109224
383,224.07,H12,2,1.0,1,MM gluc+AA,BLANK,1,1,5/27/22,0.9322916666666667,0.25190158124109224
0,0.0,A1,51,1.0,1,MM gluc+AA,CS,1,2,5/27/22,49.932291666666664,0.25190158124109224
1,74.672,A1,51,1.0,1,MM gluc+AA,CS,1,2,5/27/22,49.932291666666664,0.25190158124109224
2,149.355,A1,51,1.0,1,MM gluc+AA,CS,1,2,5/27/22,49.932291666666664,0.25190158124109224
3,224.049,A1,50,1.0,1,MM gluc+AA,CS,1,2,5/27/22,48.932291666666664,0.25190158124109224
4,0.0,A2,33,0.5,2,MM gluc+AA,CS,1,2,5/27/22,31.932291666666668,0.25190158124109224
5,74.672,A2,33,0.5,2,MM gluc+AA,CS,1,2,5/27/22,31.932291666666668,0.25190158124109224
6,149.355,A2,33,0.5,2,MM gluc+AA,CS,1,2,5/27/22,31.932291666666668,0.25190158124109224
7,224.049,A2,32,0.5,2,MM gluc+AA,CS,1,2,5/27/22,30.932291666666668,0.25190158124109224
8,0.0,A3,14,0.25,4,MM gluc+AA,CS,1,2,5/27/22,12.932291666666666,0.25190158124109224
9,74.672,A3,14,0.25,4,MM gluc+AA,CS,1,2,5/27/22,12.932291666666666,0.25190158124109224
10,149.355,A3,14,0.25,4,MM gluc+AA,CS,1,2,5/27/22,12.932291666666666,0.25190158124109224
11,224.049,A3,14,0.25,4,MM gluc+AA,CS,1,2,5/27/22,12.932291666666666,0.25190158124109224
12,0.0,A4,10,0.125,8,MM gluc+AA,CS,1,2,5/27/22,8.932291666666666,0.25190158124109224
13,74.672,A4,10,0.125,8,MM gluc+AA,CS,1,2,5/27/22,8.932291666666666,0.25190158124109224
14,149.355,A4,10,0.125,8,MM gluc+AA,CS,1,2,5/27/22,8.932291666666666,0.25190158124109224
15,224.049,A4,10,0.125,8,MM gluc+AA,CS,1,2,5/27/22,8.932291666666666,0.25190158124109224
16,0.0,A5,22,1.0,1,MM gluc+AA,AGG,1,2,5/27/22,20.932291666666668,0.25190158124109224
17,74.672,A5,22,1.0,1,MM gluc+AA,AGG,1,2,5/27/22,20.932291666666668,0.25190158124109224
18,149.355,A5,22,1.0,1,MM gluc+AA,AGG,1,2,5/27/22,20.932291666666668,0.25190158124109224
19,224.049,A5,21,1.0,1,MM gluc+AA,AGG,1,2,5/27/22,19.932291666666668,0.25190158124109224
20,0.0,A6,7,0.5,2,MM gluc+AA,AGG,1,2,5/27/22,5.932291666666667,0.25190158124109224
21,74.672,A6,7,0.5,2,MM gluc+AA,AGG,1,2,5/27/22,5.932291666666667,0.25190158124109224
22,149.355,A6,7,0.5,2,MM gluc+AA,AGG,1,2,5/27/22,5.932291666666667,0.25190158124109224
23,224.049,A6,7,0.5,2,MM gluc+AA,AGG,1,2,5/27/22,5.932291666666667,0.25190158124109224
24,0.0,A7,5,0.25,4,MM gluc+AA,AGG,1,2,5/27/22,3.932291666666667,0.25190158124109224
25,74.672,A7,4,0.25,4,MM gluc+AA,AGG,1,2,5/27/22,2.932291666666667,0.25190158124109224
26,149.355,A7,4,0.25,4,MM gluc+AA,AGG,1,2,5/27/22,2.932291666666667,0.25190158124109224
27,224.049,A7,4,0.25,4,MM gluc+AA,AGG,1,2,5/27/22,2.932291666666667,0.25190158124109224
28,0.0,A8,3,0.125,8,MM gluc+AA,AGG,1,2,5/27/22,1.9322916666666667,0.25190158124109224
29,74.672,A8,3,0.125,8,MM gluc+AA,AGG,1,2,5/27/22,1.9322916666666667,0.25190158124109224
30,149.355,A8,3,0.125,8,MM gluc+AA,AGG,1,2,5/27/22,1.9322916666666667,0.25190158124109224
31,224.049,A8,3,0.125,8,MM gluc+AA,AGG,1,2,5/27/22,1.9322916666666667,0.25190158124109224
32,0.0,A9,1,1.0,1,MM gluc+AA,BLANK,1,2,5/27/22,-0.06770833333333326,0.25190158124109224
33,74.672,A9,1,1.0,1,MM gluc+AA,BLANK,1,2,5/27/22,-0.06770833333333326,0.25190158124109224
34,149.355,A9,1,1.0,1,MM gluc+AA,BLANK,1,2,5/27/22,-0.06770833333333326,0.25190158124109224
35,224.049,A9,1,1.0,1,MM gluc+AA,BLANK,1,2,5/27/22,-0.06770833333333326,0.25190158124109224
36,0.0,A10,1,1.0,1,MM gluc+AA,BLANK,1,2,5/27/22,-0.06770833333333326,0.25190158124109224
37,74.672,A10,1,1.0,1,MM gluc+AA,BLANK,1,2,5/27/22,-0.06770833333333326,0.25190158124109224
38,149.355,A10,1,1.0,1,MM gluc+AA,BLANK,1,2,5/27/22,-0.06770833333333326,0.25190158124109224
39,224.049,A10,1,1.0,1,MM gluc+AA,BLANK,1,2,5/27/22,-0.06770833333333326,0.25190158124109224
40,0.0,A11,1,1.0,1,MM gluc+AA,BLANK,1,2,5/27/22,-0.06770833333333326,0.25190158124109224
41,74.672,A11,1,1.0,1,MM gluc+AA,BLANK,1,2,5/27/22,-0.06770833333333326,0.25190158124109224
42,149.355,A11,1,1.0,1,MM gluc+AA,BLANK,1,2,5/27/22,-0.06770833333333326,0.25190158124109224
43,224.049,A11,1,1.0,1,MM gluc+AA,BLANK,1,2,5/27/22,-0.06770833333333326,0.25190158124109224
44,0.0,A12,1,1.0,1,MM gluc+AA,BLANK,1,2,5/27/22,-0.06770833333333326,0.25190158124109224
45,74.672,A12,1,1.0,1,MM gluc+AA,BLANK,1,2,5/27/22,-0.06770833333333326,0.25190158124109224
46,149.355,A12,1,1.0,1,MM gluc+AA,BLANK,1,2,5/27/22,-0.06770833333333326,0.25190158124109224
47,224.049,A12,1,1.0,1,MM gluc+AA,BLANK,1,2,5/27/22,-0.06770833333333326,0.25190158124109224
48,0.0,B1,61,1.0,1,MM gluc+AA,CS,1,2,5/27/22,59.932291666666664,0.25190158124109224
49,74.672,B1,59,1.0,1,MM gluc+AA,CS,1,2,5/27/22,57.932291666666664,0.25190158124109224
50,149.355,B1,58,1.0,1,MM gluc+AA,CS,1,2,5/27/22,56.932291666666664,0.25190158124109224
51,224.049,B1,59,1.0,1,MM gluc+AA,CS,1,2,5/27/22,57.932291666666664,0.25190158124109224
52,0.0,B2,35,0.5,2,MM gluc+AA,CS,1,2,5/27/22,33.932291666666664,0.25190158124109224
53,74.672,B2,35,0.5,2,MM gluc+AA,CS,1,2,5/27/22,33.932291666666664,0.25190158124109224
54,149.355,B2,34,0.5,2,MM gluc+AA,CS,1,2,5/27/22,32.932291666666664,0.25190158124109224
55,224.049,B2,34,0.5,2,MM gluc+AA,CS,1,2,5/27/22,32.932291666666664,0.25190158124109224
56,0.0,B3,15,0.25,4,MM gluc+AA,CS,1,2,5/27/22,13.932291666666666,0.25190158124109224
57,74.672,B3,15,0.25,4,MM gluc+AA,CS,1,2,5/27/22,13.932291666666666,0.25190158124109224
58,149.355,B3,15,0.25,4,MM gluc+AA,CS,1,2,5/27/22,13.932291666666666,0.25190158124109224
59,224.049,B3,15,0.25,4,MM gluc+AA,CS,1,2,5/27/22,13.932291666666666,0.25190158124109224
60,0.0,B4,11,0.125,8,MM gluc+AA,CS,1,2,5/27/22,9.932291666666666,0.25190158124109224
61,74.672,B4,10,0.125,8,MM gluc+AA,CS,1,2,5/27/22,8.932291666666666,0.25190158124109224
62,149.355,B4,11,0.125,8,MM gluc+AA,CS,1,2,5/27/22,9.932291666666666,0.25190158124109224
63,224.049,B4,10,0.125,8,MM gluc+AA,CS,1,2,5/27/22,8.932291666666666,0.25190158124109224
64,0.0,B5,17,1.0,1,MM gluc+AA,AGG,1,2,5/27/22,15.932291666666666,0.25190158124109224
65,74.672,B5,16,1.0,1,MM gluc+AA,AGG,1,2,5/27/22,14.932291666666666,0.25190158124109224
66,149.355,B5,16,1.0,1,MM gluc+AA,AGG,1,2,5/27/22,14.932291666666666,0.25190158124109224
67,224.049,B5,17,1.0,1,MM gluc+AA,AGG,1,2,5/27/22,15.932291666666666,0.25190158124109224
68,0.0,B6,9,0.5,2,MM gluc+AA,AGG,1,2,5/27/22,7.932291666666667,0.25190158124109224
69,74.672,B6,10,0.5,2,MM gluc+AA,AGG,1,2,5/27/22,8.932291666666666,0.25190158124109224
70,149.355,B6,10,0.5,2,MM gluc+AA,AGG,1,2,5/27/22,8.932291666666666,0.25190158124109224
71,224.049,B6,10,0.5,2,MM gluc+AA,AGG,1,2,5/27/22,8.932291666666666,0.25190158124109224
72,0.0,B7,5,0.25,4,MM gluc+AA,AGG,1,2,5/27/22,3.932291666666667,0.25190158124109224
73,74.672,B7,5,0.25,4,MM gluc+AA,AGG,1,2,5/27/22,3.932291666666667,0.25190158124109224
74,149.355,B7,5,0.25,4,MM gluc+AA,AGG,1,2,5/27/22,3.932291666666667,0.25190158124109224
75,224.049,B7,5,0.25,4,MM gluc+AA,AGG,1,2,5/27/22,3.932291666666667,0.25190158124109224
76,0.0,B8,3,0.125,8,MM gluc+AA,AGG,1,2,5/27/22,1.9322916666666667,0.25190158124109224
77,74.672,B8,4,0.125,8,MM gluc+AA,AGG,1,2,5/27/22,2.932291666666667,0.25190158124109224
78,149.355,B8,3,0.125,8,MM gluc+AA,AGG,1,2,5/27/22,1.9322916666666667,0.25190158124109224
79,224.049,B8,4,0.125,8,MM gluc+AA,AGG,1,2,5/27/22,2.932291666666667,0.25190158124109224
80,0.0,B9,1,1.0,1,MM gluc+AA,BLANK,1,2,5/27/22,-0.06770833333333326,0.25190158124109224
81,74.672,B9,1,1.0,1,MM gluc+AA,BLANK,1,2,5/27/22,-0.06770833333333326,0.25190158124109224
82,149.355,B9,1,1.0,1,MM gluc+AA,BLANK,1,2,5/27/22,-0.06770833333333326,0.25190158124109224
83,224.049,B9,1,1.0,1,MM gluc+AA,BLANK,1,2,5/27/22,-0.06770833333333326,0.25190158124109224
84,0.0,B10,1,1.0,1,MM gluc+AA,BLANK,1,2,5/27/22,-0.06770833333333326,0.25190158124109224
85,74.672,B10,1,1.0,1,MM gluc+AA,BLANK,1,2,5/27/22,-0.06770833333333326,0.25190158124109224
86,149.355,B10,1,1.0,1,MM gluc+AA,BLANK,1,2,5/27/22,-0.06770833333333326,0.25190158124109224
87,224.049,B10,1,1.0,1,MM gluc+AA,BLANK,1,2,5/27/22,-0.06770833333333326,0.25190158124109224
88,0.0,B11,1,1.0,1,MM gluc+AA,BLANK,1,2,5/27/22,-0.06770833333333326,0.25190158124109224
89,74.672,B11,1,1.0,1,MM gluc+AA,BLANK,1,2,5/27/22,-0.06770833333333326,0.25190158124109224
90,149.355,B11,1,1.0,1,MM gluc+AA,BLANK,1,2,5/27/22,-0.06770833333333326,0.25190158124109224
91,224.049,B11,1,1.0,1,MM gluc+AA,BLANK,1,2,5/27/22,-0.06770833333333326,0.25190158124109224
92,0.0,B12,1,1.0,1,MM gluc+AA,BLANK,1,2,5/27/22,-0.06770833333333326,0.25190158124109224
93,74.672,B12,1,1.0,1,MM gluc+AA,BLANK,1,2,5/27/22,-0.06770833333333326,0.25190158124109224
94,149.355,B12,1,1.0,1,MM gluc+AA,BLANK,1,2,5/27/22,-0.06770833333333326,0.25190158124109224
95,224.049,B12,1,1.0,1,MM gluc+AA,BLANK,1,2,5/27/22,-0.06770833333333326,0.25190158124109224
96,0.0,C1,56,1.0,1,MM gluc+AA,CS,2,2,5/27/22,54.932291666666664,0.25190158124109224
97,74.672,C1,54,1.0,1,MM gluc+AA,CS,2,2,5/27/22,52.932291666666664,0.25190158124109224
98,149.355,C1,54,1.0,1,MM gluc+AA,CS,2,2,5/27/22,52.932291666666664,0.25190158124109224
99,224.049,C1,54,1.0,1,MM gluc+AA,CS,2,2,5/27/22,52.932291666666664,0.25190158124109224
100,0.0,C2,36,0.5,2,MM gluc+AA,CS,2,2,5/27/22,34.932291666666664,0.25190158124109224
101,74.672,C2,35,0.5,2,MM gluc+AA,CS,2,2,5/27/22,33.932291666666664,0.25190158124109224
102,149.355,C2,36,0.5,2,MM gluc+AA,CS,2,2,5/27/22,34.932291666666664,0.25190158124109224
103,224.049,C2,36,0.5,2,MM gluc+AA,CS,2,2,5/27/22,34.932291666666664,0.25190158124109224
104,0.0,C3,15,0.25,4,MM gluc+AA,CS,2,2,5/27/22,13.932291666666666,0.25190158124109224
105,74.672,C3,15,0.25,4,MM gluc+AA,CS,2,2,5/27/22,13.932291666666666,0.25190158124109224
106,149.355,C3,16,0.25,4,MM gluc+AA,CS,2,2,5/27/22,14.932291666666666,0.25190158124109224
107,224.049,C3,16,0.25,4,MM gluc+AA,CS,2,2,5/27/22,14.932291666666666,0.25190158124109224
108,0.0,C4,11,0.125,8,MM gluc+AA,CS,2,2,5/27/22,9.932291666666666,0.25190158124109224
109,74.672,C4,11,0.125,8,MM gluc+AA,CS,2,2,5/27/22,9.932291666666666,0.25190158124109224
110,149.355,C4,11,0.125,8,MM gluc+AA,CS,2,2,5/27/22,9.932291666666666,0.25190158124109224
111,224.049,C4,11,0.125,8,MM gluc+AA,CS,2,2,5/27/22,9.932291666666666,0.25190158124109224
112,0.0,C5,17,1.0,1,MM gluc+AA,AGG,2,2,5/27/22,15.932291666666666,0.25190158124109224
113,74.672,C5,17,1.0,1,MM gluc+AA,AGG,2,2,5/27/22,15.932291666666666,0.25190158124109224
114,149.355,C5,17,1.0,1,MM gluc+AA,AGG,2,2,5/27/22,15.932291666666666,0.25190158124109224
115,224.049,C5,17,1.0,1,MM gluc+AA,AGG,2,2,5/27/22,15.932291666666666,0.25190158124109224
116,0.0,C6,9,0.5,2,MM gluc+AA,AGG,2,2,5/27/22,7.932291666666667,0.25190158124109224
117,74.672,C6,9,0.5,2,MM gluc+AA,AGG,2,2,5/27/22,7.932291666666667,0.25190158124109224
118,149.355,C6,8,0.5,2,MM gluc+AA,AGG,2,2,5/27/22,6.932291666666667,0.25190158124109224
119,224.049,C6,9,0.5,2,MM gluc+AA,AGG,2,2,5/27/22,7.932291666666667,0.25190158124109224
120,0.0,C7,6,0.25,4,MM gluc+AA,AGG,2,2,5/27/22,4.932291666666667,0.25190158124109224
121,74.672,C7,6,0.25,4,MM gluc+AA,AGG,2,2,5/27/22,4.932291666666667,0.25190158124109224
122,149.355,C7,6,0.25,4,MM gluc+AA,AGG,2,2,5/27/22,4.932291666666667,0.25190158124109224
123,224.049,C7,6,0.25,4,MM gluc+AA,AGG,2,2,5/27/22,4.932291666666667,0.25190158124109224
124,0.0,C8,4,0.125,8,MM gluc+AA,AGG,2,2,5/27/22,2.932291666666667,0.25190158124109224
125,74.672,C8,3,0.125,8,MM gluc+AA,AGG,2,2,5/27/22,1.9322916666666667,0.25190158124109224
126,149.355,C8,3,0.125,8,MM gluc+AA,AGG,2,2,5/27/22,1.9322916666666667,0.25190158124109224
127,224.049,C8,4,0.125,8,MM gluc+AA,AGG,2,2,5/27/22,2.932291666666667,0.25190158124109224
128,0.0,C9,1,1.0,1,MM gluc+AA,BLANK,1,2,5/27/22,-0.06770833333333326,0.25190158124109224
129,74.672,C9,1,1.0,1,MM gluc+AA,BLANK,1,2,5/27/22,-0.06770833333333326,0.25190158124109224
130,149.355,C9,1,1.0,1,MM gluc+AA,BLANK,1,2,5/27/22,-0.06770833333333326,0.25190158124109224
131,224.049,C9,1,1.0,1,MM gluc+AA,BLANK,1,2,5/27/22,-0.06770833333333326,0.25190158124109224
132,0.0,C10,1,1.0,1,MM gluc+AA,BLANK,1,2,5/27/22,-0.06770833333333326,0.25190158124109224
133,74.672,C10,1,1.0,1,MM gluc+AA,BLANK,1,2,5/27/22,-0.06770833333333326,0.25190158124109224
134,149.355,C10,1,1.0,1,MM gluc+AA,BLANK,1,2,5/27/22,-0.06770833333333326,0.25190158124109224
135,224.049,C10,1,1.0,1,MM gluc+AA,BLANK,1,2,5/27/22,-0.06770833333333326,0.25190158124109224
136,0.0,C11,1,1.0,1,MM gluc+AA,BLANK,1,2,5/27/22,-0.06770833333333326,0.25190158124109224
137,74.672,C11,1,1.0,1,MM gluc+AA,BLANK,1,2,5/27/22,-0.06770833333333326,0.25190158124109224
138,149.355,C11,1,1.0,1,MM gluc+AA,BLANK,1,2,5/27/22,-0.06770833333333326,0.25190158124109224
139,224.049,C11,1,1.0,1,MM gluc+AA,BLANK,1,2,5/27/22,-0.06770833333333326,0.25190158124109224
140,0.0,C12,1,1.0,1,MM gluc+AA,BLANK,1,2,5/27/22,-0.06770833333333326,0.25190158124109224
141,74.672,C12,1,1.0,1,MM gluc+AA,BLANK,1,2,5/27/22,-0.06770833333333326,0.25190158124109224
142,149.355,C12,1,1.0,1,MM gluc+AA,BLANK,1,2,5/27/22,-0.06770833333333326,0.25190158124109224
143,224.049,C12,1,1.0,1,MM gluc+AA,BLANK,1,2,5/27/22,-0.06770833333333326,0.25190158124109224
144,0.0,D1,60,1.0,1,MM gluc+AA,CS,2,2,5/27/22,58.932291666666664,0.25190158124109224
145,74.672,D1,58,1.0,1,MM gluc+AA,CS,2,2,5/27/22,56.932291666666664,0.25190158124109224
146,149.355,D1,58,1.0,1,MM gluc+AA,CS,2,2,5/27/22,56.932291666666664,0.25190158124109224
147,224.049,D1,58,1.0,1,MM gluc+AA,CS,2,2,5/27/22,56.932291666666664,0.25190158124109224
148,0.0,D2,36,0.5,2,MM gluc+AA,CS,2,2,5/27/22,34.932291666666664,0.25190158124109224
149,74.672,D2,34,0.5,2,MM gluc+AA,CS,2,2,5/27/22,32.932291666666664,0.25190158124109224
150,149.355,D2,34,0.5,2,MM gluc+AA,CS,2,2,5/27/22,32.932291666666664,0.25190158124109224
151,224.049,D2,34,0.5,2,MM gluc+AA,CS,2,2,5/27/22,32.932291666666664,0.25190158124109224
152,0.0,D3,17,0.25,4,MM gluc+AA,CS,2,2,5/27/22,15.932291666666666,0.25190158124109224
153,74.672,D3,17,0.25,4,MM gluc+AA,CS,2,2,5/27/22,15.932291666666666,0.25190158124109224
154,149.355,D3,18,0.25,4,MM gluc+AA,CS,2,2,5/27/22,16.932291666666668,0.25190158124109224
155,224.049,D3,17,0.25,4,MM gluc+AA,CS,2,2,5/27/22,15.932291666666666,0.25190158124109224
156,0.0,D4,11,0.125,8,MM gluc+AA,CS,2,2,5/27/22,9.932291666666666,0.25190158124109224
157,74.672,D4,11,0.125,8,MM gluc+AA,CS,2,2,5/27/22,9.932291666666666,0.25190158124109224
158,149.355,D4,11,0.125,8,MM gluc+AA,CS,2,2,5/27/22,9.932291666666666,0.25190158124109224
159,224.049,D4,11,0.125,8,MM gluc+AA,CS,2,2,5/27/22,9.932291666666666,0.25190158124109224
160,0.0,D5,17,1.0,1,MM gluc+AA,AGG,2,2,5/27/22,15.932291666666666,0.25190158124109224
161,74.672,D5,17,1.0,1,MM gluc+AA,AGG,2,2,5/27/22,15.932291666666666,0.25190158124109224
162,149.355,D5,18,1.0,1,MM gluc+AA,AGG,2,2,5/27/22,16.932291666666668,0.25190158124109224
163,224.049,D5,18,1.0,1,MM gluc+AA,AGG,2,2,5/27/22,16.932291666666668,0.25190158124109224
164,0.0,D6,10,0.5,2,MM gluc+AA,AGG,2,2,5/27/22,8.932291666666666,0.25190158124109224
165,74.672,D6,10,0.5,2,MM gluc+AA,AGG,2,2,5/27/22,8.932291666666666,0.25190158124109224
166,149.355,D6,10,0.5,2,MM gluc+AA,AGG,2,2,5/27/22,8.932291666666666,0.25190158124109224
167,224.049,D6,10,0.5,2,MM gluc+AA,AGG,2,2,5/27/22,8.932291666666666,0.25190158124109224
168,0.0,D7,5,0.25,4,MM gluc+AA,AGG,2,2,5/27/22,3.932291666666667,0.25190158124109224
169,74.672,D7,5,0.25,4,MM gluc+AA,AGG,2,2,5/27/22,3.932291666666667,0.25190158124109224
170,149.355,D7,5,0.25,4,MM gluc+AA,AGG,2,2,5/27/22,3.932291666666667,0.25190158124109224
171,224.049,D7,5,0.25,4,MM gluc+AA,AGG,2,2,5/27/22,3.932291666666667,0.25190158124109224
172,0.0,D8,4,0.125,8,MM gluc+AA,AGG,2,2,5/27/22,2.932291666666667,0.25190158124109224
173,74.672,D8,4,0.125,8,MM gluc+AA,AGG,2,2,5/27/22,2.932291666666667,0.25190158124109224
174,149.355,D8,4,0.125,8,MM gluc+AA,AGG,2,2,5/27/22,2.932291666666667,0.25190158124109224
175,224.049,D8,3,0.125,8,MM gluc+AA,AGG,2,2,5/27/22,1.9322916666666667,0.25190158124109224
176,0.0,D9,1,1.0,1,MM gluc+AA,BLANK,1,2,5/27/22,-0.06770833333333326,0.25190158124109224
177,74.672,D9,1,1.0,1,MM gluc+AA,BLANK,1,2,5/27/22,-0.06770833333333326,0.25190158124109224
178,149.355,D9,1,1.0,1,MM gluc+AA,BLANK,1,2,5/27/22,-0.06770833333333326,0.25190158124109224
179,224.049,D9,1,1.0,1,MM gluc+AA,BLANK,1,2,5/27/22,-0.06770833333333326,0.25190158124109224
180,0.0,D10,1,1.0,1,MM gluc+AA,BLANK,1,2,5/27/22,-0.06770833333333326,0.25190158124109224
181,74.672,D10,1,1.0,1,MM gluc+AA,BLANK,1,2,5/27/22,-0.06770833333333326,0.25190158124109224
182,149.355,D10,1,1.0,1,MM gluc+AA,BLANK,1,2,5/27/22,-0.06770833333333326,0.25190158124109224
183,224.049,D10,1,1.0,1,MM gluc+AA,BLANK,1,2,5/27/22,-0.06770833333333326,0.25190158124109224
184,0.0,D11,1,1.0,1,MM gluc+AA,BLANK,1,2,5/27/22,-0.06770833333333326,0.25190158124109224
185,74.672,D11,1,1.0,1,MM gluc+AA,BLANK,1,2,5/27/22,-0.06770833333333326,0.25190158124109224
186,149.355,D11,1,1.0,1,MM gluc+AA,BLANK,1,2,5/27/22,-0.06770833333333326,0.25190158124109224
187,224.049,D11,1,1.0,1,MM gluc+AA,BLANK,1,2,5/27/22,-0.06770833333333326,0.25190158124109224
188,0.0,D12,1,1.0,1,MM gluc+AA,BLANK,1,2,5/27/22,-0.06770833333333326,0.25190158124109224
189,74.672,D12,1,1.0,1,MM gluc+AA,BLANK,1,2,5/27/22,-0.06770833333333326,0.25190158124109224
190,149.355,D12,1,1.0,1,MM gluc+AA,BLANK,1,2,5/27/22,-0.06770833333333326,0.25190158124109224
191,224.049,D12,1,1.0,1,MM gluc+AA,BLANK,1,2,5/27/22,-0.06770833333333326,0.25190158124109224
192,0.0,E1,1,1.0,1,MM gluc+AA,MM4,1,2,5/27/22,-0.06770833333333326,0.25190158124109224
193,74.672,E1,1,1.0,1,MM gluc+AA,MM4,1,2,5/27/22,-0.06770833333333326,0.25190158124109224
194,149.355,E1,1,1.0,1,MM gluc+AA,MM4,1,2,5/27/22,-0.06770833333333326,0.25190158124109224
195,224.049,E1,1,1.0,1,MM gluc+AA,MM4,1,2,5/27/22,-0.06770833333333326,0.25190158124109224
196,0.0,E2,1,0.5,2,MM gluc+AA,MM4,1,2,5/27/22,-0.06770833333333326,0.25190158124109224
197,74.672,E2,1,0.5,2,MM gluc+AA,MM4,1,2,5/27/22,-0.06770833333333326,0.25190158124109224
198,149.355,E2,2,0.5,2,MM gluc+AA,MM4,1,2,5/27/22,0.9322916666666667,0.25190158124109224
199,224.049,E2,1,0.5,2,MM gluc+AA,MM4,1,2,5/27/22,-0.06770833333333326,0.25190158124109224
200,0.0,E3,1,0.25,4,MM gluc+AA,MM4,1,2,5/27/22,-0.06770833333333326,0.25190158124109224
201,74.672,E3,1,0.25,4,MM gluc+AA,MM4,1,2,5/27/22,-0.06770833333333326,0.25190158124109224
202,149.355,E3,1,0.25,4,MM gluc+AA,MM4,1,2,5/27/22,-0.06770833333333326,0.25190158124109224
203,224.049,E3,1,0.25,4,MM gluc+AA,MM4,1,2,5/27/22,-0.06770833333333326,0.25190158124109224
204,0.0,E4,1,0.125,8,MM gluc+AA,MM4,1,2,5/27/22,-0.06770833333333326,0.25190158124109224
205,74.672,E4,1,0.125,8,MM gluc+AA,MM4,1,2,5/27/22,-0.06770833333333326,0.25190158124109224
206,149.355,E4,1,0.125,8,MM gluc+AA,MM4,1,2,5/27/22,-0.06770833333333326,0.25190158124109224
207,224.049,E4,1,0.125,8,MM gluc+AA,MM4,1,2,5/27/22,-0.06770833333333326,0.25190158124109224
208,0.0,E5,34,1.0,1,MM gluc+AA,PO,1,2,5/27/22,32.932291666666664,0.25190158124109224
209,74.672,E5,34,1.0,1,MM gluc+AA,PO,1,2,5/27/22,32.932291666666664,0.25190158124109224
210,149.355,E5,34,1.0,1,MM gluc+AA,PO,1,2,5/27/22,32.932291666666664,0.25190158124109224
211,224.049,E5,34,1.0,1,MM gluc+AA,PO,1,2,5/27/22,32.932291666666664,0.25190158124109224
212,0.0,E6,21,0.5,2,MM gluc+AA,PO,1,2,5/27/22,19.932291666666668,0.25190158124109224
213,74.672,E6,21,0.5,2,MM gluc+AA,PO,1,2,5/27/22,19.932291666666668,0.25190158124109224
214,149.355,E6,21,0.5,2,MM gluc+AA,PO,1,2,5/27/22,19.932291666666668,0.25190158124109224
215,224.049,E6,21,0.5,2,MM gluc+AA,PO,1,2,5/27/22,19.932291666666668,0.25190158124109224
216,0.0,E7,16,0.25,4,MM gluc+AA,PO,1,2,5/27/22,14.932291666666666,0.25190158124109224
217,74.672,E7,17,0.25,4,MM gluc+AA,PO,1,2,5/27/22,15.932291666666666,0.25190158124109224
218,149.355,E7,18,0.25,4,MM gluc+AA,PO,1,2,5/27/22,16.932291666666668,0.25190158124109224
219,224.049,E7,18,0.25,4,MM gluc+AA,PO,1,2,5/27/22,16.932291666666668,0.25190158124109224
220,0.0,E8,13,0.125,8,MM gluc+AA,PO,1,2,5/27/22,11.932291666666666,0.25190158124109224
221,74.672,E8,13,0.125,8,MM gluc+AA,PO,1,2,5/27/22,11.932291666666666,0.25190158124109224
222,149.355,E8,13,0.125,8,MM gluc+AA,PO,1,2,5/27/22,11.932291666666666,0.25190158124109224
223,224.049,E8,13,0.125,8,MM gluc+AA,PO,1,2,5/27/22,11.932291666666666,0.25190158124109224
224,0.0,E9,1,1.0,1,MM gluc+AA,BLANK,1,2,5/27/22,-0.06770833333333326,0.25190158124109224
225,74.672,E9,1,1.0,1,MM gluc+AA,BLANK,1,2,5/27/22,-0.06770833333333326,0.25190158124109224
226,149.355,E9,1,1.0,1,MM gluc+AA,BLANK,1,2,5/27/22,-0.06770833333333326,0.25190158124109224
227,224.049,E9,1,1.0,1,MM gluc+AA,BLANK,1,2,5/27/22,-0.06770833333333326,0.25190158124109224
228,0.0,E10,1,1.0,1,MM gluc+AA,BLANK,1,2,5/27/22,-0.06770833333333326,0.25190158124109224
229,74.672,E10,1,1.0,1,MM gluc+AA,BLANK,1,2,5/27/22,-0.06770833333333326,0.25190158124109224
230,149.355,E10,1,1.0,1,MM gluc+AA,BLANK,1,2,5/27/22,-0.06770833333333326,0.25190158124109224
231,224.049,E10,1,1.0,1,MM gluc+AA,BLANK,1,2,5/27/22,-0.06770833333333326,0.25190158124109224
232,0.0,E11,1,1.0,1,MM gluc+AA,BLANK,1,2,5/27/22,-0.06770833333333326,0.25190158124109224
233,74.672,E11,1,1.0,1,MM gluc+AA,BLANK,1,2,5/27/22,-0.06770833333333326,0.25190158124109224
234,149.355,E11,1,1.0,1,MM gluc+AA,BLANK,1,2,5/27/22,-0.06770833333333326,0.25190158124109224
235,224.049,E11,1,1.0,1,MM gluc+AA,BLANK,1,2,5/27/22,-0.06770833333333326,0.25190158124109224
236,0.0,E12,1,1.0,1,MM gluc+AA,BLANK,1,2,5/27/22,-0.06770833333333326,0.25190158124109224
237,74.672,E12,1,1.0,1,MM gluc+AA,BLANK,1,2,5/27/22,-0.06770833333333326,0.25190158124109224
238,149.355,E12,1,1.0,1,MM gluc+AA,BLANK,1,2,5/27/22,-0.06770833333333326,0.25190158124109224
239,224.049,E12,1,1.0,1,MM gluc+AA,BLANK,1,2,5/27/22,-0.06770833333333326,0.25190158124109224
240,0.0,F1,1,1.0,1,MM gluc+AA,MM4,1,2,5/27/22,-0.06770833333333326,0.25190158124109224
241,74.672,F1,1,1.0,1,MM gluc+AA,MM4,1,2,5/27/22,-0.06770833333333326,0.25190158124109224
242,149.355,F1,1,1.0,1,MM gluc+AA,MM4,1,2,5/27/22,-0.06770833333333326,0.25190158124109224
243,224.049,F1,1,1.0,1,MM gluc+AA,MM4,1,2,5/27/22,-0.06770833333333326,0.25190158124109224
244,0.0,F2,2,0.5,2,MM gluc+AA,MM4,1,2,5/27/22,0.9322916666666667,0.25190158124109224
245,74.672,F2,1,0.5,2,MM gluc+AA,MM4,1,2,5/27/22,-0.06770833333333326,0.25190158124109224
246,149.355,F2,2,0.5,2,MM gluc+AA,MM4,1,2,5/27/22,0.9322916666666667,0.25190158124109224
247,224.049,F2,1,0.5,2,MM gluc+AA,MM4,1,2,5/27/22,-0.06770833333333326,0.25190158124109224
248,0.0,F3,1,0.25,4,MM gluc+AA,MM4,1,2,5/27/22,-0.06770833333333326,0.25190158124109224
249,74.672,F3,1,0.25,4,MM gluc+AA,MM4,1,2,5/27/22,-0.06770833333333326,0.25190158124109224
250,149.355,F3,1,0.25,4,MM gluc+AA,MM4,1,2,5/27/22,-0.06770833333333326,0.25190158124109224
251,224.049,F3,1,0.25,4,MM gluc+AA,MM4,1,2,5/27/22,-0.06770833333333326,0.25190158124109224
252,0.0,F4,1,0.125,8,MM gluc+AA,MM4,1,2,5/27/22,-0.06770833333333326,0.25190158124109224
253,74.672,F4,1,0.125,8,MM gluc+AA,MM4,1,2,5/27/22,-0.06770833333333326,0.25190158124109224
254,149.355,F4,1,0.125,8,MM gluc+AA,MM4,1,2,5/27/22,-0.06770833333333326,0.25190158124109224
255,224.049,F4,1,0.125,8,MM gluc+AA,MM4,1,2,5/27/22,-0.06770833333333326,0.25190158124109224
256,0.0,F5,38,1.0,1,MM gluc+AA,PO,1,2,5/27/22,36.932291666666664,0.25190158124109224
257,74.672,F5,38,1.0,1,MM gluc+AA,PO,1,2,5/27/22,36.932291666666664,0.25190158124109224
258,149.355,F5,38,1.0,1,MM gluc+AA,PO,1,2,5/27/22,36.932291666666664,0.25190158124109224
259,224.049,F5,38,1.0,1,MM gluc+AA,PO,1,2,5/27/22,36.932291666666664,0.25190158124109224
260,0.0,F6,20,0.5,2,MM gluc+AA,PO,1,2,5/27/22,18.932291666666668,0.25190158124109224
261,74.672,F6,21,0.5,2,MM gluc+AA,PO,1,2,5/27/22,19.932291666666668,0.25190158124109224
262,149.355,F6,21,0.5,2,MM gluc+AA,PO,1,2,5/27/22,19.932291666666668,0.25190158124109224
263,224.049,F6,21,0.5,2,MM gluc+AA,PO,1,2,5/27/22,19.932291666666668,0.25190158124109224
264,0.0,F7,18,0.25,4,MM gluc+AA,PO,1,2,5/27/22,16.932291666666668,0.25190158124109224
265,74.672,F7,20,0.25,4,MM gluc+AA,PO,1,2,5/27/22,18.932291666666668,0.25190158124109224
266,149.355,F7,19,0.25,4,MM gluc+AA,PO,1,2,5/27/22,17.932291666666668,0.25190158124109224
267,224.049,F7,19,0.25,4,MM gluc+AA,PO,1,2,5/27/22,17.932291666666668,0.25190158124109224
268,0.0,F8,12,0.125,8,MM gluc+AA,PO,1,2,5/27/22,10.932291666666666,0.25190158124109224
269,74.672,F8,12,0.125,8,MM gluc+AA,PO,1,2,5/27/22,10.932291666666666,0.25190158124109224
270,149.355,F8,12,0.125,8,MM gluc+AA,PO,1,2,5/27/22,10.932291666666666,0.25190158124109224
271,224.049,F8,12,0.125,8,MM gluc+AA,PO,1,2,5/27/22,10.932291666666666,0.25190158124109224
272,0.0,F9,1,1.0,1,MM gluc+AA,BLANK,1,2,5/27/22,-0.06770833333333326,0.25190158124109224
273,74.672,F9,1,1.0,1,MM gluc+AA,BLANK,1,2,5/27/22,-0.06770833333333326,0.25190158124109224
274,149.355,F9,1,1.0,1,MM gluc+AA,BLANK,1,2,5/27/22,-0.06770833333333326,0.25190158124109224
275,224.049,F9,1,1.0,1,MM gluc+AA,BLANK,1,2,5/27/22,-0.06770833333333326,0.25190158124109224
276,0.0,F10,1,1.0,1,MM gluc+AA,BLANK,1,2,5/27/22,-0.06770833333333326,0.25190158124109224
277,74.672,F10,1,1.0,1,MM gluc+AA,BLANK,1,2,5/27/22,-0.06770833333333326,0.25190158124109224
278,149.355,F10,1,1.0,1,MM gluc+AA,BLANK,1,2,5/27/22,-0.06770833333333326,0.25190158124109224
279,224.049,F10,1,1.0,1,MM gluc+AA,BLANK,1,2,5/27/22,-0.06770833333333326,0.25190158124109224
280,0.0,F11,1,1.0,1,MM gluc+AA,BLANK,1,2,5/27/22,-0.06770833333333326,0.25190158124109224
281,74.672,F11,1,1.0,1,MM gluc+AA,BLANK,1,2,5/27/22,-0.06770833333333326,0.25190158124109224
282,149.355,F11,1,1.0,1,MM gluc+AA,BLANK,1,2,5/27/22,-0.06770833333333326,0.25190158124109224
283,224.049,F11,1,1.0,1,MM gluc+AA,BLANK,1,2,5/27/22,-0.06770833333333326,0.25190158124109224
284,0.0,F12,1,1.0,1,MM gluc+AA,BLANK,1,2,5/27/22,-0.06770833333333326,0.25190158124109224
285,74.672,F12,1,1.0,1,MM gluc+AA,BLANK,1,2,5/27/22,-0.06770833333333326,0.25190158124109224
286,149.355,F12,1,1.0,1,MM gluc+AA,BLANK,1,2,5/27/22,-0.06770833333333326,0.25190158124109224
287,224.049,F12,1,1.0,1,MM gluc+AA,BLANK,1,2,5/27/22,-0.06770833333333326,0.25190158124109224
288,0.0,G1,1,1.0,1,MM gluc+AA,MM4,2,2,5/27/22,-0.06770833333333326,0.25190158124109224
289,74.672,G1,1,1.0,1,MM gluc+AA,MM4,2,2,5/27/22,-0.06770833333333326,0.25190158124109224
290,149.355,G1,1,1.0,1,MM gluc+AA,MM4,2,2,5/27/22,-0.06770833333333326,0.25190158124109224
291,224.049,G1,1,1.0,1,MM gluc+AA,MM4,2,2,5/27/22,-0.06770833333333326,0.25190158124109224
292,0.0,G2,1,0.5,2,MM gluc+AA,MM4,2,2,5/27/22,-0.06770833333333326,0.25190158124109224
293,74.672,G2,1,0.5,2,MM gluc+AA,MM4,2,2,5/27/22,-0.06770833333333326,0.25190158124109224
294,149.355,G2,1,0.5,2,MM gluc+AA,MM4,2,2,5/27/22,-0.06770833333333326,0.25190158124109224
295,224.049,G2,1,0.5,2,MM gluc+AA,MM4,2,2,5/27/22,-0.06770833333333326,0.25190158124109224
296,0.0,G3,1,0.25,4,MM gluc+AA,MM4,2,2,5/27/22,-0.06770833333333326,0.25190158124109224
297,74.672,G3,1,0.25,4,MM gluc+AA,MM4,2,2,5/27/22,-0.06770833333333326,0.25190158124109224
298,149.355,G3,1,0.25,4,MM gluc+AA,MM4,2,2,5/27/22,-0.06770833333333326,0.25190158124109224
299,224.049,G3,1,0.25,4,MM gluc+AA,MM4,2,2,5/27/22,-0.06770833333333326,0.25190158124109224
300,0.0,G4,1,0.125,8,MM gluc+AA,MM4,2,2,5/27/22,-0.06770833333333326,0.25190158124109224
301,74.672,G4,1,0.125,8,MM gluc+AA,MM4,2,2,5/27/22,-0.06770833333333326,0.25190158124109224
302,149.355,G4,1,0.125,8,MM gluc+AA,MM4,2,2,5/27/22,-0.06770833333333326,0.25190158124109224
303,224.049,G4,1,0.125,8,MM gluc+AA,MM4,2,2,5/27/22,-0.06770833333333326,0.25190158124109224
304,0.0,G5,32,1.0,1,MM gluc+AA,PO,2,2,5/27/22,30.932291666666668,0.25190158124109224
305,74.672,G5,32,1.0,1,MM gluc+AA,PO,2,2,5/27/22,30.932291666666668,0.25190158124109224
306,149.355,G5,32,1.0,1,MM gluc+AA,PO,2,2,5/27/22,30.932291666666668,0.25190158124109224
307,224.049,G5,33,1.0,1,MM gluc+AA,PO,2,2,5/27/22,31.932291666666668,0.25190158124109224
308,0.0,G6,20,0.5,2,MM gluc+AA,PO,2,2,5/27/22,18.932291666666668,0.25190158124109224
309,74.672,G6,20,0.5,2,MM gluc+AA,PO,2,2,5/27/22,18.932291666666668,0.25190158124109224
310,149.355,G6,21,0.5,2,MM gluc+AA,PO,2,2,5/27/22,19.932291666666668,0.25190158124109224
311,224.049,G6,20,0.5,2,MM gluc+AA,PO,2,2,5/27/22,18.932291666666668,0.25190158124109224
312,0.0,G7,16,0.25,4,MM gluc+AA,PO,2,2,5/27/22,14.932291666666666,0.25190158124109224
313,74.672,G7,18,0.25,4,MM gluc+AA,PO,2,2,5/27/22,16.932291666666668,0.25190158124109224
314,149.355,G7,18,0.25,4,MM gluc+AA,PO,2,2,5/27/22,16.932291666666668,0.25190158124109224
315,224.049,G7,17,0.25,4,MM gluc+AA,PO,2,2,5/27/22,15.932291666666666,0.25190158124109224
316,0.0,G8,12,0.125,8,MM gluc+AA,PO,2,2,5/27/22,10.932291666666666,0.25190158124109224
317,74.672,G8,11,0.125,8,MM gluc+AA,PO,2,2,5/27/22,9.932291666666666,0.25190158124109224
318,149.355,G8,11,0.125,8,MM gluc+AA,PO,2,2,5/27/22,9.932291666666666,0.25190158124109224
319,224.049,G8,11,0.125,8,MM gluc+AA,PO,2,2,5/27/22,9.932291666666666,0.25190158124109224
320,0.0,G9,1,1.0,1,MM gluc+AA,BLANK,1,2,5/27/22,-0.06770833333333326,0.25190158124109224
321,74.672,G9,1,1.0,1,MM gluc+AA,BLANK,1,2,5/27/22,-0.06770833333333326,0.25190158124109224
322,149.355,G9,1,1.0,1,MM gluc+AA,BLANK,1,2,5/27/22,-0.06770833333333326,0.25190158124109224
323,224.049,G9,1,1.0,1,MM gluc+AA,BLANK,1,2,5/27/22,-0.06770833333333326,0.25190158124109224
324,0.0,G10,1,1.0,1,MM gluc+AA,BLANK,1,2,5/27/22,-0.06770833333333326,0.25190158124109224
325,74.672,G10,1,1.0,1,MM gluc+AA,BLANK,1,2,5/27/22,-0.06770833333333326,0.25190158124109224
326,149.355,G10,1,1.0,1,MM gluc+AA,BLANK,1,2,5/27/22,-0.06770833333333326,0.25190158124109224
327,224.049,G10,1,1.0,1,MM gluc+AA,BLANK,1,2,5/27/22,-0.06770833333333326,0.25190158124109224
328,0.0,G11,1,1.0,1,MM gluc+AA,BLANK,1,2,5/27/22,-0.06770833333333326,0.25190158124109224
329,74.672,G11,1,1.0,1,MM gluc+AA,BLANK,1,2,5/27/22,-0.06770833333333326,0.25190158124109224
330,149.355,G11,1,1.0,1,MM gluc+AA,BLANK,1,2,5/27/22,-0.06770833333333326,0.25190158124109224
331,224.049,G11,1,1.0,1,MM gluc+AA,BLANK,1,2,5/27/22,-0.06770833333333326,0.25190158124109224
332,0.0,G12,1,1.0,1,MM gluc+AA,BLANK,1,2,5/27/22,-0.06770833333333326,0.25190158124109224
333,74.672,G12,1,1.0,1,MM gluc+AA,BLANK,1,2,5/27/22,-0.06770833333333326,0.25190158124109224
334,149.355,G12,1,1.0,1,MM gluc+AA,BLANK,1,2,5/27/22,-0.06770833333333326,0.25190158124109224
335,224.049,G12,2,1.0,1,MM gluc+AA,BLANK,1,2,5/27/22,0.9322916666666667,0.25190158124109224
336,0.0,H1,1,1.0,1,MM gluc+AA,MM4,2,2,5/27/22,-0.06770833333333326,0.25190158124109224
337,74.672,H1,1,1.0,1,MM gluc+AA,MM4,2,2,5/27/22,-0.06770833333333326,0.25190158124109224
338,149.355,H1,1,1.0,1,MM gluc+AA,MM4,2,2,5/27/22,-0.06770833333333326,0.25190158124109224
339,224.049,H1,1,1.0,1,MM gluc+AA,MM4,2,2,5/27/22,-0.06770833333333326,0.25190158124109224
340,0.0,H2,1,0.5,2,MM gluc+AA,MM4,2,2,5/27/22,-0.06770833333333326,0.25190158124109224
341,74.672,H2,1,0.5,2,MM gluc+AA,MM4,2,2,5/27/22,-0.06770833333333326,0.25190158124109224
342,149.355,H2,1,0.5,2,MM gluc+AA,MM4,2,2,5/27/22,-0.06770833333333326,0.25190158124109224
343,224.049,H2,1,0.5,2,MM gluc+AA,MM4,2,2,5/27/22,-0.06770833333333326,0.25190158124109224
344,0.0,H3,1,0.25,4,MM gluc+AA,MM4,2,2,5/27/22,-0.06770833333333326,0.25190158124109224
345,74.672,H3,1,0.25,4,MM gluc+AA,MM4,2,2,5/27/22,-0.06770833333333326,0.25190158124109224
346,149.355,H3,1,0.25,4,MM gluc+AA,MM4,2,2,5/27/22,-0.06770833333333326,0.25190158124109224
347,224.049,H3,1,0.25,4,MM gluc+AA,MM4,2,2,5/27/22,-0.06770833333333326,0.25190158124109224
348,0.0,H4,1,0.125,8,MM gluc+AA,MM4,2,2,5/27/22,-0.06770833333333326,0.25190158124109224
349,74.672,H4,1,0.125,8,MM gluc+AA,MM4,2,2,5/27/22,-0.06770833333333326,0.25190158124109224
350,149.355,H4,1,0.125,8,MM gluc+AA,MM4,2,2,5/27/22,-0.06770833333333326,0.25190158124109224
351,224.049,H4,1,0.125,8,MM gluc+AA,MM4,2,2,5/27/22,-0.06770833333333326,0.25190158124109224
352,0.0,H5,33,1.0,1,MM gluc+AA,PO,2,2,5/27/22,31.932291666666668,0.25190158124109224
353,74.672,H5,32,1.0,1,MM gluc+AA,PO,2,2,5/27/22,30.932291666666668,0.25190158124109224
354,149.355,H5,32,1.0,1,MM gluc+AA,PO,2,2,5/27/22,30.932291666666668,0.25190158124109224
355,224.049,H5,32,1.0,1,MM gluc+AA,PO,2,2,5/27/22,30.932291666666668,0.25190158124109224
356,0.0,H6,19,0.5,2,MM gluc+AA,PO,2,2,5/27/22,17.932291666666668,0.25190158124109224
357,74.672,H6,19,0.5,2,MM gluc+AA,PO,2,2,5/27/22,17.932291666666668,0.25190158124109224
358,149.355,H6,20,0.5,2,MM gluc+AA,PO,2,2,5/27/22,18.932291666666668,0.25190158124109224
359,224.049,H6,19,0.5,2,MM gluc+AA,PO,2,2,5/27/22,17.932291666666668,0.25190158124109224
360,0.0,H7,16,0.25,4,MM gluc+AA,PO,2,2,5/27/22,14.932291666666666,0.25190158124109224
361,74.672,H7,18,0.25,4,MM gluc+AA,PO,2,2,5/27/22,16.932291666666668,0.25190158124109224
362,149.355,H7,18,0.25,4,MM gluc+AA,PO,2,2,5/27/22,16.932291666666668,0.25190158124109224
363,224.049,H7,17,0.25,4,MM gluc+AA,PO,2,2,5/27/22,15.932291666666666,0.25190158124109224
364,0.0,H8,11,0.125,8,MM gluc+AA,PO,2,2,5/27/22,9.932291666666666,0.25190158124109224
365,74.672,H8,11,0.125,8,MM gluc+AA,PO,2,2,5/27/22,9.932291666666666,0.25190158124109224
366,149.355,H8,11,0.125,8,MM gluc+AA,PO,2,2,5/27/22,9.932291666666666,0.25190158124109224
367,224.049,H8,11,0.125,8,MM gluc+AA,PO,2,2,5/27/22,9.932291666666666,0.25190158124109224
368,0.0,H9,1,1.0,1,MM gluc+AA,BLANK,1,2,5/27/22,-0.06770833333333326,0.25190158124109224
369,74.672,H9,1,1.0,1,MM gluc+AA,BLANK,1,2,5/27/22,-0.06770833333333326,0.25190158124109224
370,149.355,H9,1,1.0,1,MM gluc+AA,BLANK,1,2,5/27/22,-0.06770833333333326,0.25190158124109224
371,224.049,H9,1,1.0,1,MM gluc+AA,BLANK,1,2,5/27/22,-0.06770833333333326,0.25190158124109224
372,0.0,H10,1,1.0,1,MM gluc+AA,BLANK,1,2,5/27/22,-0.06770833333333326,0.25190158124109224
373,74.672,H10,1,1.0,1,MM gluc+AA,BLANK,1,2,5/27/22,-0.06770833333333326,0.25190158124109224
374,149.355,H10,1,1.0,1,MM gluc+AA,BLANK,1,2,5/27/22,-0.06770833333333326,0.25190158124109224
375,224.049,H10,2,1.0,1,MM gluc+AA,BLANK,1,2,5/27/22,0.9322916666666667,0.25190158124109224
376,0.0,H11,1,1.0,1,MM gluc+AA,BLANK,1,2,5/27/22,-0.06770833333333326,0.25190158124109224
377,74.672,H11,1,1.0,1,MM gluc+AA,BLANK,1,2,5/27/22,-0.06770833333333326,0.25190158124109224
378,149.355,H11,2,1.0,1,MM gluc+AA,BLANK,1,2,5/27/22,0.9322916666666667,0.25190158124109224
379,224.049,H11,1,1.0,1,MM gluc+AA,BLANK,1,2,5/27/22,-0.06770833333333326,0.25190158124109224
380,0.0,H12,1,1.0,1,MM gluc+AA,BLANK,1,2,5/27/22,-0.06770833333333326,0.25190158124109224
381,74.672,H12,1,1.0,1,MM gluc+AA,BLANK,1,2,5/27/22,-0.06770833333333326,0.25190158124109224
382,149.355,H12,1,1.0,1,MM gluc+AA,BLANK,1,2,5/27/22,-0.06770833333333326,0.25190158124109224
383,224.049,H12,1,1.0,1,MM gluc+AA,BLANK,1,2,5/27/22,-0.06770833333333326,0.25190158124109224
